:10000000E0530020E1390000B9500100CD39000073
:10001000CD390000CD390000CD390000CD390000C8
:10002000000000000000000000000000B93A0000DD
:10003000CD39000000000000813C0000CD390000F7
:10004000013D0000013D0000013D0000013D0000B8
:10005000013D0000013D0000013D0000013D0000A8
:10006000013D0000013D0000013D0000013D000098
:10007000013D0000013D0000013D0000013D000088
:10008000013D0000013D0000013D0000013D000078
:10009000013D0000013D0000013D0000013D000068
:1000A000013D0000013D0000013D0000013D000058
:1000B000013D0000013D0000013D0000013D000048
:1000C000013D0000013D0000013D0000013D000038
:1000D000013D0000013D0000013D0000013D000028
:1000E000013D0000013D0000013D0000013D000018
:1000F000013D0000013D0000013D0000013D000008
:10010000013D0000013D0000013D0000013D0000F7
:10011000013D0000013D0000013D0000013D0000E7
:10012000013D0000013D0000013D0000013D0000D7
:10013000013D0000013D0000013D0000013D0000C7
:10014000013D0000013D0000013D0000013D0000B7
:04015000013D00006D
:1001580080EA101404F0F01480EA0410604081EA88
:10016800111404F0F01481EA0411614082EA1214B7
:1001780004F0F01482EA0412624083EA131404F0D3
:10018800F01483EA0413634080EA102404F47F44E3
:1001980080EA0420604081EA112404F47F4481EA63
:1001A8000421614082EA122404F47F4482EA042292
:1001B800624083EA132404F47F4483EA04236340FF
:1001C80081EA500404F0553480EA4400614083EA2F
:1001D800520404F0553482EA4402634082EA9004EF
:1001E80004F0333480EA8400624083EA910404F026
:1001F800333481EA84016340704700BF82EA900487
:1002080004F0333480EA8400624083EA910404F005
:10021800333481EA8401634081EA500404F05534A0
:1002280080EA4400614083EA520404F0553482EACB
:100238004402634080EA102404F47F4480EA0420E6
:10024800604081EA112404F47F4481EA042161407A
:1002580082EA122404F47F4482EA0422624083EA98
:10026800132404F47F4483EA0423634080EA1014CF
:1002780004F0F01480EA0410604081EA111404F0DC
:10028800F01481EA0411614082EA121404F0F014B7
:1002980082EA0412624083EA131404F0F01483EA39
:1002A80004136340704700BF2DE9F14F94464FEAAD
:1002B800930B8A68CB6808684968FFF749FF0BF118
:1002C800060E33E083EA134480EA134582EA1347B3
:1002D80046BA96EA3444604000F00F1684EA0634C1
:1002E80020F00F1684EA161054BA94EA01067240F8
:1002F80002F00F1486EA043622F00F1486EA14126C
:100308004CBA6540694001F00F1485EA043521F0C4
:100318000F1485EA14115CBA67407B4003F00F1490
:1003280087EA043723F00F1487EA1413BCE8F000B7
:100338006040694072407B4000F0E03400F01035C6
:1003480000F00F3040EA540040EAC50080EA90040B
:1003580004F0332480EA8400604001F0E03401F0C6
:10036800103501F00F3141EA540141EAC50181EA33
:10037800910404F0332481EA8401614002F0E034FE
:1003880002F0103502F00F3242EA540242EAC50286
:1003980082EA920404F0332482EA8402624003F081
:1003A800E03403F0103503F00F3343EA540343EA13
:1003B800C50383EA930404F0332483EA8403634087
:1003C80081EA324787EA134581EA354690EA06040E
:1003D80084EA034B82EA1B4280EA044484EA054427
:1003E80083EA144A85EA14448BEA044B84EA3744C6
:1003F80081EA0B4181EA164104EA0A00454082EA93
:1004080004082BEA080041408AEA0B0602EA0600C3
:1004180084EA34438AEA3A4603EA060778404540C4
:10042800414088EA38478BEA3B4007EA000985EAF9
:10043800090583EA0709464006EA0906714085EA84
:10044800010005EA3546464006EA314181EA304175
:1004580081EA364606EA304686EA3546344008EAF6
:10046800010886EA01052A4086EA364003405A40D8
:1004780081EA31431F407C4080EA030709EA070903
:1004880088EA0908544088EA020806EA0A0601EAE6
:100498000B018AEA0B0215408AEA3A4210404540AD
:1004A8008BEA3B4003405E404240174079404D4054
:1004B8004E40E443F64386EA18435D4085EA05402A
:1004C80083EA134386EA034183EA384284EA114304
:1004D80083EA04435FEA3343BEF1010E3FF6F2AE0E
:1004E8001ED4BCE8F0006040694072407B4020BCEC
:1004F800FFF784FE28606960AA60EB60BDE8F08FB2
:100508002DE9E0414FF2F00280EA1031114080EA13
:100518000130484041088208C3084FF0000E4FE7F9
:1005280000F0113001F0113102F0113203F01133F3
:1005380040EA410040EA820040EAC3004FF2F0027C
:1005480080EA1031114080EA01304840BDE8E0817E
:100558002DE9F04F02F11C050646074600EB850819
:1005680051F8040B043A46F8040BF9D14FF0010C8A
:10057800FFF7C6FF5FEA302080EA0C001ECF41403B
:100588004A4053405C401EC62000464517D04FEAFB
:100598004C0C1CF4807F18BFACF1E50C2C2DE7D077
:1005A8003C2D06D1FFF7ACFF06CF41404A4006C6B6
:1005B800100006CF41404A4006C61000D8E736E989
:1005C8000F00FFF7C5FD043D86E80F00F7D1BDE831
:1005D800F08F00BF2DE9F14F03F11C0402EB840CEE
:1005E8004FEA930B8A68CB6808684968FFF7B0FD43
:1005F8003CE9F0006040694072407B400BF1060E18
:100608004EE083EA134480EA134582EA134746BA68
:1006180096EA3444604000F00F1684EA063420F06D
:100628000F1684EA161054BA94EA0106724002F0D2
:100638000F1486EA043622F00F1486EA14124CBA14
:100648006540694001F00F1485EA043521F00F1464
:1006580085EA14115CBA67407B4003F00F1487EAFF
:10066800043723F00F1487EA141344BA44404DBAF0
:100678004D4056BA56405FBA5F4087EA174886EA47
:10068800174B84EA17464FEA38488BEA1B4485EA39
:100698001B4788EA1B4580EA3440694072407B402A
:1006A80000F0703400F0803500F00F3040EA44006C
:1006B80040EAD50080EA900404F0332480EA8400FC
:1006C800604001F0703401F0803501F00F3141EAEB
:1006D800440141EAD50181EA910404F0332481EA16
:1006E8008401614002F0703402F0803502F00F326C
:1006F80042EA440242EAD50282EA920404F0332430
:1007080082EA8402624003F0703403F0803503F01B
:100718000F3343EA440343EAD50383EA930404F01E
:10072800332483EA84036340C943DB4381EA00043A
:1007380083EA044686EA020183EA014382EA3345F2
:1007480083EA14435C4084EA00077FEA040A8AEAE1
:10075800024A8AEA010B87EA11488AEA374A80EA9C
:10076800060181EA1A418AEA030A04EA0A004540B6
:1007780088EA040707EA0B0041408AEA0B0608EA00
:10078800060084EA34428AEA3A4602EA06035840F6
:100798004540414087EA37438BEA3B4003EA00097A
:1007A80085EA090582EA0309464006EA0906714016
:1007B80085EA010005EA3546464006EA314181EA04
:1007C800304181EA364606EA304686EA3546344004
:1007D8000F4086EA010508EA050886EA3640024025
:1007E80088EA020881EA314213405C4080EA020349
:1007F80009EA030987EA0907674088EA040806EA5C
:100808000A0601EA0B018AEA0B0425408AEA3A44FF
:10081800204045408BEA3B4B02EA0B02564084EAF3
:100828000B04234059406E40694087EA364080EA0D
:10083800384080EA060380EA104481EA134585EAD5
:10084800344585EA17427D4082EA354180EA054011
:100858003CE9F0006040694072407B40BEF1010E07
:100868003FF6CFAE20BCFFF7C9FC28606960AA60DC
:10087800EB60BDE8F08F00BFFFF76ABE2DE9F00717
:1008880091E8F807B2E802105B1854EB0C04B2E8E0
:1008980002104D4156EB0C06B2E802104F4158EBDE
:1008A8000C08B2E8021059EB01095AEB0C0A80E86F
:1008B800F80780410130BDE8F00770472DE9F007DF
:1008C80091E8F807B2E802105B1A74EB0C04B2E87E
:1008D80002108D4176EB0C06B2E802108F4178EBDE
:1008E8000C08B2E8021079EB01097AEB0C0A80E8EF
:1008F800F80780414042BDE8F00770472DE9F0074E
:10090800524290E87800B1E880071740DB1918EAEE
:10091800020854EB080419EA020955EB09051AEA1A
:10092800020A56EB0A0678C090E87800B1E880071A
:1009380017407B4118EA020854EB080419EA020937
:1009480055EB09051AEA020A56EB0A0678C08041F7
:100958000130BDE8F00770472DE9F007524290E8F2
:100968007800B1E880071740DB1B18EA020874EB2F
:10097800080419EA020975EB09051AEA020A76EB76
:100988000A0678C090E87800B1E880071740BB41B4
:1009980018EA020874EB080419EA020975EB09055C
:1009A8001AEA020A76EB0A0678C080414042BDE89E
:1009B800F00770472DE9F00152424FF0040890E823
:1009C800300091E8C000A31B1340E41AF618EB1B93
:1009D8001340ED1AFF1830C0C0C1B8F10108EED1BC
:1009E800BDE8F001704700BF00B592E8DC072DE9CB
:1009F800DC07B1E8805702B4A7FB02510A95A8FBAF
:100A0800020BE7FB6310E9FB62B00B91A8FB0351F3
:100A1800EAFB6201E7FB64B5E7FB6605E8FB6615E0
:100A2800CDF830B0A9FB03B6EAFB6316ECFB6356BE
:100A3800E8FB640BE9FB641BEAFB645BECFB646B9F
:100A48000D90ACFB0230059CEEFB6250E9FB646044
:100A5800EAFB64B0E7FB6431E8FB6451069CE8FB01
:100A68006461E9FB64B1EAFB64010E93A7FB0432FD
:100A7800079CE7FB6462E8FB64B2E9FB6402EAFBFB
:100A88006412049CE9FB6453EAFB6463089CE7FB7B
:100A980064B3E8FB6403E9FB6413EAFB64230F9582
:100AA8005DF8049B99E80006DDF80080A9FB08546E
:100AB800EAFB68B4DDF81080ECFB6804EEFB681410
:100AC800E9FB6824EAFB6834DDF80480EEFB68651E
:100AD800E9FB68B5EAFB6805DDF81480ECFB6815EE
:100AE800EEFB6825E9FB6835EAFB68450F96DDF8FB
:100AF8000880AEFB0876E9FB6806EAFB6816DDF8B5
:100B08001880ECFB6826EEFB6836E9FB6846EAFBD2
:100B18006856DDF80C80ECFB68B7EEFB6807E9FB6C
:100B28006817EAFB6827DDF81C80ECFB6837EEFBEA
:100B38006847E9FB6857EAFB686708B000BD00BF73
:100B48002DE9F14F87B0FFF74FFFDDF81C8008F162
:100B5800200888E8FF00FFBC87E87F08BDE8F08F21
:100B680000B591E89857A3FB03520195A3FB040134
:100B7800E3FB6420E3FB67100292A3FB0752E3FB4D
:100B88006802E4FB6415E3FB6805E3FB6925039150
:100B9800A4FB07B6E3FB6926E3FB6A56E4FB670B95
:100BA800E4FB682BE3FB6A5BE3FB6C6B0490A4FB40
:100BB8000810E4FB6950E3FB6C60E3FB6EB0E7FBF5
:100BC8006721E4FB6951E4FB6A61E3FB6EB1E4FB76
:100BD8006E010592A7FB0832E4FB6A62E4FB6CB283
:100BE800E4FB6E02E7FB6E12E7FB6853E7FB696301
:100BF800E4FB6CB3E7FB6C03E7FB6E13E8FB6E23C7
:100C08000695A7FB0954E7FB6AB4E7FB6C04E8FB0D
:100C18006C14E8FB6E24E9FB6E34E8FB6865E7FBBF
:100C28006AB5E8FB6A05E8FB6C15E9FB6C25E9FB8E
:100C38006E35EAFB6E450796A8FB0976E8FB6A065F
:100C4800E9FB6A16E9FB6C26EAFB6C36EAFB6E46A2
:100C5800ECFB6E56E8FB69B7E9FB6907E9FB6A1725
:100C6800EAFB6A27EAFB6C37ECFB6C47ECFB6E5738
:100C7800EEFB6E6700BD00BF2DE9F14F87B0FFF7AF
:100C88006FFFDDF81C8008F1200888E8FF00FFBC32
:100C980087E87F08BDE8F08F30B44FF0000310F804
:100CA800014B11F8015B013A84EA050443EA0403A5
:100CB800F5D1A3F101034FEAD37030BC704700BFF0
:100CC8004FF0000310F8012B013943EA0203F9D170
:100CD800A3F101034FEAD370704700BF30B411F895
:100CE800014B12F8015B6C4000F8014B013BF6D157
:100CF80030BC70472DE9F00791E8F807B2E8021018
:100D08005B1854EB0C04B2E802104D4156EB0C068C
:100D1800B2E802104F4158EB0C08B2E8021059EB48
:100D280001095AEB0C0A8941B3F1FF3374F1FF341E
:100D380075F1FF3576F1000677F1000778F10008C4
:100D480079F101097AF1FF3A51F100015B184C4140
:100D58004D4156F1000657F1000758F1000859EBCC
:100D6800D1795AEB010A80E8F807BDE8F007704727
:100D78002DE9F00791E8F807B2E802105B1A74EB66
:100D88000C04B2E802108D4176EB0C06B2E80210B2
:100D98008F4178EB0C08B2E8021079EB01097AEB85
:100DA8000C0A89415B184C414D4156F1000657F138
:100DB800000758F1000859EBD1795AEB010A80E88D
:100DC800F807BDE8F007704718EB040859EB050968
:100DD8005AEB060A5BEB070B5FF0000C4CF1000CBA
:100DE80018EB050859EB06095AEB070A5BEB070BEA
:100DF80050EB0C005FF0000C51EB0C0152EB0C02B5
:100E080063414CF1000CB8EB070879F100097AF15D
:100E1800000A7BEB040BA841B141A241B3416CF13C
:100E2800000CBBEB050BB041B941AA41BB416CF1C9
:100E3800000C4CF001068CF0020718EB060859EB81
:100E48006C095AEB6C0A7BEB6C0B70EB6C0471EB66
:100E58006C0572EB670653EB6C076CEB6C0C18EBCC
:100E68000C0059EB0C015AEB0C025BF1000354F136
:100E7800000455F1000556EBDC7657EB0C0770477C
:100E88002DE9F14F87B0FFF7AFFDDDF81080DDF8F1
:100E98001490DDF818A0FFF797FFBDE8000FFFF7E3
:100EA80093FF03B05DF8048B88E8FF00BDE8F08F7E
:100EB8002DE9F14F87B0FFF753FEDDF81080DDF81C
:100EC8001490DDF818A0FFF77FFFBDE8000FFFF7CB
:100ED8007BFF03B05DF8048B88E8FF00BDE8F08F66
:100EE80010F8012B11F8013B012A28BF9A42F7D0CC
:100EF800D01A7047034611F8012B03F8012B002A7A
:100F0800F9D17047034613F8012B002AFBD1181AB0
:100F180001387047000000000022F0B585B0114686
:100F280040F6034002AF04F0BBFB0446002840F043
:100F3800A48004F021F9214641F203003A1D04F08F
:100F4800AFFB0446002840F098807A684D4DD16880
:100F580005F17803D1F80100D1F8051003C3104654
:100F680003F01EFA214641F201003A1D04F098FBF5
:100F78000446002840F081807868C3685A7885F86C
:100F880070205A88A5F872201A7985F87120B3F86C
:100F98000720A5F87420B3F80530A5F8763003F0DB
:100FA800FFF9214641F202003A1D04F079FB04469C
:100FB800002862D1D7F804C005F18006DCF80C20BF
:100FC800531C4132344618685968083303C49342A5
:100FD8002646F7D1604603F0E3F905F0D9FD04464B
:100FE80000284AD195F88A30990610D40221264A59
:100FF800264814F0F9FA95F87C305A064AD40121AB
:10100800234A224814F0F0FA6FF0120435E04FF04A
:10101800FF304FF0FF3104F0CFF80646002800F00B
:10102800428207210C3014F029F9452303700A2362
:10103800C0F802408471447004712246C37031467E
:1010480040F6334004F02CFB0446B0B94FF0FF30B3
:101058004FF0FF3104F0B0F80646002800F0238274
:1010680001210C3014F019F92246314640F631407E
:1010780004F016FB04460028BDD020460C37BD46B8
:10108800F0BD00BF00000020FBBD010028A3010047
:1010980029BE0100002142F203003A1D04F000FBC2
:1010A80004460028E9D17A68A94BD168D1F8010033
:1010B800D1F8051003C3104603F072F9214642F235
:1010C80002003A1D04F0ECFA04460028D5D17E68E7
:1010D800F468B4F801309AB292B1E27882B1A5F816
:1010E800FC30E378032B06D00322022100929948B2
:1010F800994A13F0E5FEE2789848114617F0D9FCB2
:10110800304603F04DF91F2395F87C60A5F810319F
:1011180016F0200619D14FF0FF304FF0FF3104F0E0
:101128004BF80446002800F0BE8102210C3014F070
:10113800A5F80123214603704670324640F66D40FB
:1011480004F0AEFA0446002897D195F89C301B07A6
:1011580012D5002142F21C003A1D04F0A1FA0446FF
:1011680000288AD17868C368D3F80120D3F80530FD
:10117800C5E9382303F014F995F8D8309E0623D52D
:101188003846B91C04F060FB044600287FF475AFAC
:101198004FF0FF304FF0FF3104F00EF806460028FC
:1011A80000F0818104210C3014F068F83B88224655
:1011B80003807B883146438042F2240004F070FAB1
:1011C800044600287FF459AF95F8D8305C0610D54E
:1011D800002142F22A003A1D04F062FA044600286F
:1011E8007FF44BAF7868C3685B7885F8123103F0F9
:1011F800D7F84FF0FF304FF0FF3103F0DDFF064620
:10120800002800F0508108210C3014F037F895F8C8
:10121800D84040F2022314F0400F08BF03230246CF
:10122800A0074CBF43F02C0343F00C03A10695F82C
:10123800D91048BF43F0400311F0090F18BF43F419
:10124800006304F0010443EA0410002114F0FBF9E0
:101258000022314642F2010004F022FA0446002836
:101268007FF40BAF95F87C30B5F8FC1098065CD489
:10127800C9B941F205003A1D04F012FA04460028E3
:101288007FF4FBAEB5F8FC307C684BB9E368B3F883
:101298000120A5F8FC209A883048114617F009FC6F
:1012A800204603F07DF84FF0FF304FF0FF3103F098
:1012B80083FF0446002800F0F68008210C3013F064
:1012C800DDFF95F8D8300246D90738D44FF00051E1
:1012D800234814F0B8F92146002240F6014004F0F2
:1012E800DFF9044600287FF4C8AE01463A1D4FF6E0
:1012F800014004F0D5F9002838D01A4A02211548CF
:1013080014F072F9EB79002B40F0BD8005F06EF90E
:10131800044600287FF4B1AE06F05AFE04460028C1
:101328007FF4ABAE04F034F8A7E60029BBD1012165
:101338000D4A084814F058F96FF004049DE602A11C
:10134800D1E90001C5E700BF9088000200800020B5
:10135800D800002028A301004DBE01000001002094
:1013680010880002B6BE010093BE01007B686E467D
:10137800DC688AB0B4F80130042B96BF574A584944
:1013880052F8231002AAD3614FF40073554813840E
:10139800554BC2E9050142F8103F4FF41351534829
:1013A80014F031F9B4F80120B546022AB4F8033034
:1013B80049D1052B47D84E4A52F823106E468AB0B9
:1013C80002AAD3614FF400734A481384464BC2E91A
:1013D800050142F8103F4FF41351444814F013F933
:1013E800B546637994F806C0032B98BF424AB4F80F
:1013F8000760D4F809006C468CB094BF52F82310EB
:10140800374902AAC2E9073C4FF40073DFF8ECE061
:1014180093853B4BC2E905E1C2E909604FF473517A
:1014280042F8103F314814F0EEF8A546786802F00B
:10143800B7FF00214FF602403A1D04F031F9044687
:1014480018B1304A5AE72649B8E77868C368B3F84C
:101458000130A5F8C13002F0A3FF95F8C1305A0752
:101468007FF550AF21464FF603403A1D04F018F9B6
:1014780008B1254A42E77868C3685B7885F8C030C8
:1014880002F08EFF3EE72E78002E7FF43FAF95F8EE
:10149800C1309B061FD54FF0FF304FF0FF3103F0EE
:1014A8008BFE044610B96FF06804E6E506210C309F
:1014B80013F0E4FED5F8013021460360134B3246A1
:1014C8009B8883804FF6064004F0EAF8044600281B
:1014D8003FF41CAFD1E56FF08504CEE578A7010095
:1014E80087BB0100DABE01000400000128A3010047
:1014F80060A70100F3BE010050A701000BBF010067
:101508000700000138BF010061BF01000100002091
:1015180013B5002004F0EEFA044640B10321034657
:101528000E4A0F4813F0C2FC204602B010BD03213A
:101538000C4A0B4813F0B1FC2346009402220A49D6
:101548000A4805F013F9044620B10146084812F08C
:10155800CEFEE9E707490848F9E700BFC4AD010036
:10156800A8A30100E4AD01000CA50100F8A4010046
:10157800FBAD010021AE01002CAE01002DE9F843BE
:10158800884600AF00297DD005680122284612F060
:10159800B4FC01460446284612F069FC10EA02062B
:1015A80016D1E94688B06A46384BCDE90538032399
:1015B80042F8103F4FF4C2513346354801F080FBE2
:1015C800CD4686F31188BFF36F8F0423184602DFD8
:1015D8002146284612F061FC26183146002228468A
:1015E80012F045FC361AB44218D06E4688B06946E7
:1015F800284BCDE90538032341F8103F244813460A
:101608000A464FF4C25101F05BFB0023B54683F351
:101618001188BFF36F8F0423184602DF002221468A
:10162800284612F040FC214612F037FC2618012209
:101638003146284612F01BFCC20708D4314628461A
:1016480012F09DFC32462146284612F00FFD00227A
:101658002146284612F00BFC261A0122314628465C
:1016680012F005FCC30709D43146284612F087FC5E
:1016780022463146284612F0F9FC344621462846CF
:1016880012F012FDBD46BDE8F88300BFA6AE01000A
:10169800D8A301007DAE01002DE9F04F91B0009371
:1016A80002F004030293C2F3C20301338407054620
:1016B8000E46DDF868A00392059340F09C81041D56
:1016C800002849D101F00706341DC6F10806009B21
:1016D80000274FF004085A1E4FF0FF33B946019314
:1016E800BB46434604970DB1009921600598002830
:1016F80000F3D6808F480099814203D38E488142F7
:10170800C0F0CE800399601B11F0020C40F0D68027
:10171800B9F10F0F00F2CF80002D00F0D68009F14B
:1017280040010DEB010E0199C0F387000EF8200C63
:101738000EF8101CBCF1000F00F0C38060F07F00B1
:101748000EF8200C013709F10109C5F108014FF61F
:10175800DA7E043406918CE00729B8D86FF01B00B4
:1017680011B0BDE8F08F7A285BD84B280FD84728EE
:1017780057D829282ED8252850D052D8202818BF25
:1017880023280CBF4FF0010B4FF0000B71E04C38D1
:101798002E2846D8DFE800F06D45454545454545C6
:1017A80045454545484545454545454545564548CA
:1017B800485656566D486A456D4518481845457F40
:1017C8007C48454548457C0000204FF0000B4FF011
:1017D800040835E001212A38C0B201FA00F010EA05
:1017E8000E0F46D110F0625C2CD110EA010B40D0EC
:1017F8006046013C4444B4FBF8F408FB04F425B10A
:10180800A3EB050CA444B445A8D8002870D00599CA
:10181800013905915AF8041B009164E701990139CF
:1018280001914FF0000B24E012F8010C6C2834D120
:10183800002012F8023C83466C2BC8D14FF00808F0
:101848004346D6E70AF1070A2AF0070A073424F0C4
:101858000704FAE802BC35B106982044B0423FF6C6
:101868007DAFC4E900BC4FF0000B08344FF0080806
:10187800434612F8010F002853D0BBF1000F7FF444
:1018880072AF2528F5D14FF0010B019B013301936D
:101898004FF00408ECE7584697E700208346A8E78E
:1018A800039988077FF551AF4FF0010C601BB0F525
:1018B800007FFFF42DAF6FF0150051E74FF0000CDB
:1018C800F5E70498013004903DE7BCF1000F01D022
:1018D800013638E70298023600287FF434AF0098C2
:1018E800CDE90632FFF70EFBDDE9063206442AE7AA
:1018F800042B08D10AF1040015B1DAF800102160B0
:1019080082460434B5E70AF1070323F0070303F11D
:10191800080A1DB1D3E90001C4E90001082308340D
:10192800A7E7631BB3F5806FC5D23DB9A6F10804DC
:10193800E01815E7609E010078DA0100029A9B081A
:1019480028602B709DF81030AAB1EB70AF702FB1E2
:10195800002208A8C5F1010C91450ED14FF0000AEC
:10196800C5F101030DF1200801930DF1300BD145AC
:1019780012D1601BF4E66B70E8E710F8013B19061A
:1019880008D50CEB040EB64503F07F033FF6E6AE30
:1019980004F8013B0132DFE71FB198F90020002A63
:1019A80017DB029BD3B11AF80B2004F8012B002295
:1019B800019B18191044B0423FF6D0AE98F80000C9
:1019C800009904F8010B2046039218F070F9039A65
:1019D80014440AF1010A08F10108C8E798F8002040
:1019E80055F822300093029B009845F82230FFF703
:1019F80089FA421CDCE76FF00D00B1E62DE9F04FE3
:101A080097B000AF05468A46C7E90A3249B9037854
:101A18004678807800EB83002844564524D8A0EB0C
:101A2800050AD7F8803095F8028003F00103D7F84B
:101A38008040FB61EB78B8F1000F0CBF002404F084
:101A480001047B621BB1D7F880309A0715D4A4B97A
:101A5800FB6A1BB151462846BA6A98475646304633
:101A68005C37BD46BDE8F08F441C2046FFF74AFAB4
:101A7800013020440AF1010ACFE7D7F88030C3F3D8
:101A8800C0033B622B78BB619B003B616B687B6149
:101A9800BB6905EB830BFB6A002B77D15646D8440C
:101AA800BCB11C461BF8013B55F82300FFF72AFA86
:101AB800D7F88430013043B1D7F88830A34282BFC9
:101AC800D7F8843023F814000134C3450644E9D11B
:101AD800D846D7F880304FF0000913F0050F0CBF37
:101AE8004FF0020B4FF0010B7B6A9945B7D298F87B
:101AF800013008F1020855F823A0AE4B9A45C0F012
:101B08004C81AD4B3A6A9A452CBF002301230AB396
:101B180018F8021C7869FB6212F0C8FBFB6AC8B1AE
:101B2800EA468AB06A46A54B05937B69CDE906313A
:101B38004FF40073ADF82030A14B42F8103F00235A
:101B48004FF412519F4801F0BBF8D546023E09F107
:101B58000109C9E723B1FB6933B9A6EB0B06F6E720
:101B6800D7F880309B07F2D55046FFF7CBF9D7F866
:101B780084304BB1D7F888309C423FBFD7F88420D7
:101B8800431C22F8143001340644E0E7002C6AD1E3
:101B9800B8F1000F6DD0D7F8803058076CD5C14622
:101BA80007F148004246594618F081F800220BEB2D
:101BB8000803FB600233796A8A425FD3D7F8802032
:101BC80095F801B0F969920704EB0B0348BF0022AE
:101BD800DBB258BF4FEA5902002940F0A680D7F877
:101BE800801011F0040F14BF494600216B70A970D2
:101BF800EA702846BA6A3969FB6A9847061EFFF6F2
:101C08002EAFBB6949462B707B6ABA6AEB7085F8C0
:101C180001B0FB6A85F8028007F148009847B0F1E7
:101C28000009C0F2B6803B697A6A786A03EB420120
:101C3800FB68414403EB4000BA6AFB6AAAEB010166
:101C480098470028C0F2A7804FF0000BB14409EB79
:101C5800000607F1380AA34569D30021BA6A084685
:101C6800FB6A9847FBE644464FF0000907F1380045
:101C780098E74446C14699E7A14697E713F8016CEF
:101C8800DFF830C155F8260013F8021C6045C0F093
:101C98008A80DFF824C16045386A2CBF4FF0000BFA
:101CA8004FF0010B38B17869C7E9013212F0FEFA3A
:101CB800D7E90132F0B9BBF1000F1ED0F96949B17B
:101CC800611C04F1280007F13004041904F8206CA1
:101CD800CCB20FE0D7F8801049070BD509F12800DE
:101CE80007F1300C09F1010100EB0C0909F8106C3F
:101CF8005FFA81F9013202335DE7D7F88000800787
:101D0800DED409F1280C07F1300EF44409F1010082
:101D18000CF8101C07F1580109F1020951FA80F07A
:101D28005FFA89F900F8106CE4E700215EE71BF818
:101D38000A3055F8239087F83730D7F884302BB31A
:101D4800D7F888309B4521D2D7F8843033F81B80E8
:101D58000121BA6AFB6A07F13700984700281ADBA5
:101D68000644B8F1000F06D14846FFF7CBF800F15A
:101D780001081FFA88F841464846BA6AFB6A98473C
:101D8800002808DB06440BF1010B64E74FF000085C
:101D9800DEE74E4663E6064661E63B6A002B3FF403
:101DA800DFAE0023B4E6386A0028A6D04FF0000B57
:101DB80079E700BF609E010078DA0100D3AE010028
:101DC8000400000170A30100014B1860704700BFB8
:101DD8005001002080B505460E46174698460DF07E
:101DE800F1FA034601F09AFF0446DFF818904246DC
:101DF80049F8003039463046A84754F8090001F040
:101E080025FF00BF080000002DE9F047058B0446B8
:101E1800280717460CD501290CBF45F0100545F0D9
:101E28002005258387F31188BFF36F8FBDE8F087FE
:101E3800022905F0070540F09480204612F0DDFCE9
:101E4800052864D801A353F820F000BF2D1E000018
:101E58006B1F0000171F0000D91E0000F31E0000B2
:101E6800051F000001F007035A1F012A1FD800228E
:101E780021F00701062BD4F8008089B2C4E90022BA
:101E880009D1434603E0628B013262831B68002B51
:101E9800F9D141F002012046218312F0AEFC4FF047
:101EA800000900286DD041F02001218369E0042B4E
:101EB8000AD121F0070189B22046218312F09DFC46
:101EC80010B141F0200121834FF00008C14658E0CD
:101ED8002369D3F80090238B23F0070343F006030C
:101EE8004FF00008238346464BE02369D3F804905B
:101EF800238B23F0070343F00403F1E72369D3F8A6
:101F08000890238B23F0070343F00503E8E74FF01D
:101F18000008C146E7E7012243F00803238387F35B
:101F28001188BFF36F8F002A3BD1B8F1000F4AD157
:101F3800B9F1000F02D020462C49C847EFF31187AA
:101F4800202383F31288BFF36F8F238B23F00803BA
:101F58009BB22383D9063FD523F01002228303F0D6
:101F680007056669218B002EBFF67CAF00239946D2
:101F7800D4F8008021F00701C4E9003341F00101E1
:101F88002183238B03F0070AAA4502D0A268002AFE
:101F9800C1D1B8F1000F02D1B9F1000FDAD0002297
:101FA800BAE7A1680029C0D00D680029BDD0334622
:101FB800524620464F68B8471DB12B6829461D4632
:101FC800F3E72B46FAE74146334652462046D8F80F
:101FD800008012F03EFCA8E79A067FF523AF23F0B5
:101FE8002002228303F0070527E700BF8748010086
:101FF80010B530B90B480C4912F0EFFC6FF0150022
:1020080010BD836833B90748084912F0E6FC6FF041
:102018000400F5E71B6813B1BDE8104018471846DF
:10202800EEE700BF88A3010092AF0100A3AF010053
:1020380010B530B90B480C4912F0CFFC6FF0150001
:1020480010BD836833B90748084912F0C6FC6FF021
:102058000400F5E75B6813B1BDE81040184718465F
:10206800EEE700BF88A3010092AF0100A3AF010013
:1020780070B508B101B132B90B480C4912F0ADFC8A
:102088006FF0150070BD84680CB1256935B9064834
:10209800074912F0A2FC6FF00400F3E741F8040BC3
:1020A8002369BDE87040184788A30100C1AF01004B
:1020B800A3AF010010B5044630B91048104912F01A
:1020C8008CFC6FF0150010BD006830B90B480D4945
:1020D80012F083FC6FF00100F5E783680BB15B69D0
:1020E80033B90648084912F078FC6FF00400EAE7B3
:1020F800616898470028E6D12060E4E788A30100DA
:10210800EDAF0100FEAF0100A3AF010070B51346AB
:10211800044630B91048114912F05FFC6FF0150001
:1021280070BD006830B90C480D4912F056FC6FF0CC
:102138000100F5E782680AB1956835B9064809498A
:1021480012F04BFC6FF00400EAE70A46AC466168FF
:10215800BDE87040604700BF88A30100EDAF0100F3
:10216800FEAF0100A3AF0100034A13680BB9526820
:1021780013600020704700BF5401002030B50C46A2
:102188000E4985B00291D0F8CC110546CDE9003151
:1021980000F1F0014FF0FF3320460BF0C3FD50B9BA
:1021A800012384F86C30D5F8C83123B1204605B036
:1021B800BDE83040184705B030BD00BFF14A010006
:1021C8002DE9F04F012381460569466891B005F570
:1021D8006777D7E8EF2F002A03D1C7E8E13F002946
:1021E800F7D10CBF1A46002240F0BE80B368B16A2E
:1021F80005F5F4781C1F104612F0C6FC84427CD802
:10220800013A00F0AB80B2FA82F24FF00044D440B9
:1022180072682046073222F00302C5F83422B16AF8
:1022280012F0B2FCC5F83802B36A40466343033380
:1022380023F0030302EB4302230103EB44030933B6
:1022480023F0030303EBC403C5F82C221A44083215
:10225800C5F828227368C5F83042C5F82432444BC3
:10226800C5E9AB63316800F039FA0446002842D169
:10227800D9F810B0D9F804A0D9F800300BF53274A9
:10228800CDE9060005932046DAE90739012B08BF96
:10229800A9F1100916F0DCFCDAF82400354905AB81
:1022A800009301EB80214B4620464FF480620CF0EE
:1022B80083FC2021DAF824302F4A0DEB010011F0BD
:1022C8005BFB204608A90CF089FD2C490BF52E7004
:1022D80016F077FCDAE9050183685C684CB15B4667
:1022E800274AA047044630B9DAE9050183681B6923
:1022F8002BB96FF05704002129E001327BE7012256
:10230800984704460028F6D11E4B2846C5F8C83120
:102318001D4BC5F8CC311D4B0393D5F838320293C9
:10232800D5F83432CDE9008305F50F73B26AD5F8D4
:10233800981300F09BF904460028DCD105F1F00061
:102348000BF096FD0028C5F8A0030ADB02213846E9
:1023580012F002FC204611B0BDE8F08F6FF00B04BC
:10236800C9E76FF01504C6E76FF07704F2E700BF1E
:102378004B4B0100982C002023B00100314B010089
:10238800254B010015240000674C0100992300002B
:102398002DE9F04190460C4699B30B788BB3D0F8F1
:1023A800BC50A5F5DE7614354FF0FF324FF0FF3301
:1023B80028460CF03BF92146304612F097FB0746B9
:1023C800A0B93046104912F091FB064620B92846BC
:1023D800BDE8F04112F0BEBB1F222146483017F07D
:1023E800BDFC86F86770C6F86880F0E7284612F0EA
:1023F800B1FB4346224639463046BDE8F041FFF777
:10240800BDBEBDE8F08100BFD8D7010013B50446B2
:1024180040B100230122CDE90032074BD0E909126F
:102428000BF054FC236F1B6823B1606F02B0BDE84A
:102438001040184702B010BDD8D7010013B50446A4
:102448000846216901F56771D1E8AF1F022910D14B
:1024580093B1A0B10121CDE900311346D0E90912A9
:102468000BF034FC074B984208BF6FF00B0002B02A
:1024780010BD6FF00F00FAE76FF04C00F7E76FF050
:102488000100F4E72EF8FFFF2DE9F84389461546C9
:10249800066906F56773D3E8AF3F022B66D1136868
:1024A800EBB11B78DBB1D6F89873002F3FD106F556
:1024B800E8784FF0FF324FF0FF3340460CF0B6F8A3
:1024C8003046296812F012FB044660B930462949A3
:1024D80012F00CFB044638B9404612F03BFB6FF093
:1024E8001500BDE8F883012705F108032367AB69E8
:1024F80064646367002384F86C3067B1404612F067
:1025080029FB21463046A36E2A68FFF737FE0020D4
:10251800C9F80040E5E71F22296804F1480017F0D0
:102528001DFC404684F8677012F014FBEFE7304654
:10253800104912F0DBFA04460028D0D0002705F134
:1025480008030367AB6980F86C70436740641F2217
:102558002968483017F002FC22460121304684F8E9
:10256800677000F065F80028D1D0B8E76FF00F0069
:10257800B7E700BFD8D7010010B50C46006900F5D1
:102588006773D3E8AF3F022B0FD189B10A4900F531
:102598002E7016F042FB204615F069FE78220021C5
:1025A800204617F0AAFB002010BD6FF00F00FBE7D4
:1025B8006FF00100F8E700BFA01800202DE9F04FE8
:1025C80005460E4690460027D0F8BCA085B0AAF56F
:1025D800BA7421463046FEF783FCE0B9134BA4F1E8
:1025E800480B0293DAF810303246CDE900832946C9
:1025F8004FF0FF335846AAF5DE790BF093FB88B904
:102608007823012203FB079383F86C20DAF80C3057
:102618000BB1584698477B1C022B4FF0010704F179
:102628007804D6D105B0BDE8F08F00BF954C010005
:102638001FB5144690B18AB1012912D10A4B00F195
:10264800F0010293D0F8CC31483201934FF0FF33B8
:10265800204600930BF066FB04B010BD6FF0150028
:10266800FAE70020F8E700BF954C01002DE9F04398
:1026780087B00E46DDE90E811446DDE910251F46B8
:1026880030B329B3DFF850C000F1F009002D08BFBE
:1026980065469EB9CDE9034400F5DE7420460596EB
:1026A80016F057F803ABCDE900432A463B464146AE
:1026B80048460BF05BFC07B0BDE8F08300224146BA
:1026C8000E9248462A4607B0BDE8F0430BF0A2BD7B
:1026D8006FF01500EFE700BFC5250000F0B5044610
:1026E80087B02B4A04AB0E4692E8030083E8030048
:1026F800002C49D018460BF0EDF90546B0B94FF05B
:10270800FF33E16C04F15407A163CDE901000093A4
:102718003846236D04F1380215F06AFAA06C12F0FD
:10272800E4FAC4F8BC0020B96FF00B05284607B0DE
:10273800F0BDA06C12F0D9FAC4F8C0000028F3D09C
:10274800236CD4F8BC10C4F890300423C4F8943037
:10275800C4F8AC300223E3620E4BB4F84820C4F846
:102768008C10616C236204F18C03C4F8A070A4F887
:102778009820C4F8B870C4F8A810A4F8B020C4F819
:10278800A400A6612363D1E76FF01505CEE700BF6B
:1027980050A401004CA501002DE9F0470446074666
:1027A8004FF00109DFF84C8094FAA4F5B5FA85F5E5
:1027B80009FA05F32E0108EB05156FEA030A24EA66
:1027C80003042B7B63B158F806301B696BB9464488
:1027D800736804222846196807EA0A0712F0EDFA16
:1027E800002CE1D13846BDE8F087284698470028F4
:1027F800F6D1ECE7F8A3010010B5002288B00E4925
:102808000E4816F039FC002200230024CDE90623E7
:102818000E234FF44072CDE90334CDE90144084B4F
:102828000849009408480CF04FFB084906480CF08A
:10283800D5FA204608B010BD59280000A80F00207E
:10284800712B000098300020F00A00202FB0010002
:1028580001480BF0DFBF00BFF80500202DE9F04765
:10286800804621480F4612F08CFA0646002833D0DD
:1028780000252846BDE8F087237B83B12368DB6801
:102888000BB120469847636883F8069023681B6954
:10289800D3B9636804222046196812F08EFA01360B
:1028A80010345445E8D3B8F1000FE2D0002DDFD042
:1028B8002846FFF771FF0546002FF7D000214FF497
:1028C800A47016F0E5FAF1E7204698470028E0D012
:1028D80009FA06F31D43E2E705464FF00109034CE8
:1028E800DFF80CA0DDE700BFD0180020F8A3010036
:1028F80008A40100014B53F8200070478CA5010083
:1029080008B5034608462BB1044A136000F038FCAA
:10291800002008BD6FF01500FBE700BF8001002014
:1029280010B5044C237813B903480BF073FF012347
:10293800237010BD60290020F805002010B504465A
:10294800094812F01EFA3CB1084BD3E8EF1F0139D1
:10295800C3E8E21F002AF8D105480DF07BF8BDE86E
:10296800104004480BF056BFC8180020CC180020AF
:10297800A80F0020F80500200022044BD3E8EF0F31
:10298800C3E8E12F0029F9D1704700BFC81800201B
:1029980070B5FFF7F1FF0546074C084EB44200D367
:1029A80070BD63685B792BB123685B6813B12946F6
:1029B800204698471034F1E7F8A3010008A4010065
:1029C80010B5044C0449204611F0ACFD034B1C60C3
:1029D80010BD00BFB404002078A50100C018002075
:1029E80000230D4A10B513700C4A4FF400411360D0
:1029F8000B4A0C481360FFF783FFFFF7E1FF0A4B10
:102A08000A4918468B4200D310BD1A1A5C68121185
:102A1800013222711033F5E761290020C81800201F
:102A2800CC180020874D0100F8A3010008A401007C
:102A3800014600220023014811F095BDB40400208E
:102A4800014811F02CBE00BFB4040020024B01461F
:102A5800186811F07FBE00BFC0180020014811F0AF
:102A6800B4BE00BFB404002070B5284B1B78002BFF
:102A78004AD0FFF7E5FF0446002842D1244B254DF4
:102A88001B68002B19DD16F0AFFA4FF47A76A0FB1D
:102A9800063206FB0121D5E90020DB0B43EA41435E
:102AA8009B1A40F2E9324FEAD13161EB00019342BF
:102AB80071F1000101D3FFF76BFFD5E9003213F57F
:102AC8007A7342F10002C5E90032ECB1BDE870400A
:102AD800FFF7C4BF6B685B7923B12B682146284692
:102AE8001B6898471035B542F4D32046FFF7AEFF70
:102AF800094BD3E8EF1F0139C3E8E21F002ABDD014
:102B0800F7E7064D064EEEE7002070BD602900206D
:102B1800C8180020A00F0020CC180020F8A301003E
:102B280008A4010070B50D4D297861B90120FFF79F
:102B380095FE0B4C0B4EB44206D3FFF795FF0028C9
:102B4800FBD101232B7070BD63685B791BB12368CF
:102B580020469B6898471034EDE700BF61290020A4
:102B6800F8A3010008A4010000212DE9F843084654
:102B7800FFF774FE044648B340F267684FF0000957
:102B880001F0CCF81A4B1B4A1B58136033B11A4B8F
:102B98001B68092B02DD19480BF03CFE0025184F75
:102BA80044B12046FFF7F8FD044618B94FF0FF3846
:102BB8004FF0FF39FFF758FF064628B9B5B90F4857
:102BC80042464B460BF05AFE3546E9E74FF0FF38D0
:102BD8004FF0FF39D4E72B689B691BB100222846C8
:102BE800114698471035BD42F5D3E8E7054DFAE799
:102BF80008000000C4180020CC180020F8050020A8
:102C080008A40100F8A3010013B5184812F0B9F898
:102C1800174B1B7873B1EFF31184202383F31288C9
:102C2800BFF36F8FFFF720FF84F31188BFF36F8F17
:102C380002B010BD0F4B1B68002BF9D050B9002211
:102C480000230D48CDE900234FF4004200230CF087
:102C5800C9FEEDE70928EBD107480CF0FBFE074851
:102C680002B0BDE810400BF0D5BD00BFCC18002065
:102C780061290020C4180020A80F0020F8050020B2
:102C880010B5064B04461B6898472146A0600448C7
:102C980011F0E6FCBDE81040FFF7B6BF8001002048
:102CA800B4040020044A054B9B1AB1EBD30F34BF80
:102CB80052F8310000207047E8A20100F8A3010093
:102CC8002DE9F04F8FB0C1F34A2604AF0D46904668
:102CD800B8607B600C0D002E61D04FF000090A230C
:102CE8004FF0040B07F1140AFE60C7E90799C7F80B
:102CF80024900093CDF808B0CDF804A007F11C0388
:102D08004A464046F968FEF779FEB0F5006F03467B
:102D18001CD36C468AB0D8F8041004AB24481A4671
:102D2800C3E9050140F2FF71D9614FF400711984BC
:102D3800204B42F8103F4FF412514B461E48FFF704
:102D4800BFFFA5462C37BD46BDE8F08FC0F30A0685
:102D580004F11700184420F0070080083B60FFF7D3
:102D680067FE66F35325044680B13B6800F1100105
:102D7800C7E908390A23F961CDE901AB0093404658
:102D88000E4AF96807F11C03FEF738FE66F353256F
:102D98002A4620467B68B96812F02FF8D2E704F17A
:102DA800170020F007008008FFF742FE0446EDE711
:102DB80044B001000400000190A30100D54D0100BA
:102DC8002DE9F04F87B00546DDE9106BDDE9127A91
:102DD800884614469946BFB110213B465A46002002
:102DE800CDF800A0CDF814A0FEF756FCB0F5006FA2
:102DF80001460BD340F2FF730221184A184807B066
:102E0800BDE8F04F12F052B83946384604F00703CF
:102E180005F00704E40044EA831444EA402444EA41
:102E2800065406F11700084420F0070080080391B3
:102E3800FFF7FEFD054640B13FB13B465A460399B0
:102E4800CDF800A01030FEF727FC4B46224641463D
:102E5800284607B0BDE8F04F11F0CFBF83B001009E
:102E680090A30100406820B1034BC01A40F3CF0083
:102E780070474FF0FF307047E8A201000EB403B569
:102E880003AB53F8042B01460448019301F07AF987
:102E980002B05DF804EB03B0704700BF174F0100A4
:102EA800CA0605D48B064CBF02490349FFF7E6BFA3
:102EB800704700BFD7D70100D6D701002DE9F04FE2
:102EC80089B098469DF85090159B044606930D4688
:102ED800DDE916A3189F05920493B9F1000F00F0DD
:102EE800B08007F48073079311F065FF07F0020BB9
:102EF8000246002874D020467749FFF7BFFF0646F0
:102F0800BBF1000F08D017F0440F6BD12A462046BA
:102F18007249FFF7B3FF064407F0010353B1704B42
:102F2800204653F829206F4B6F49002A08BF1A46DC
:102F3800FFF7A4FF07F48073002B07F0080318BFFE
:102F48004FF00008002B79D0684B204653F8292011
:102F58006749FFF793FF0546059B2BB11A462046A4
:102F68006449FFF78BFF0544B8F1000F05D04246CE
:102F780020466149FFF782FF054460483544069BB7
:102F88001BB122465E4911F060F9049B002B00F04A
:102F98008E80DDF810803946B8F1100F204628BF22
:102FA8004FF010080026FFF77BFFB54250DC0026E3
:102FB800334620461AF803205249FFF75FFF0136CF
:102FC800102E4BD0710703D120464F49FFF756FF0B
:102FD80046453346EDD320464C49FFF74FFFEEE711
:102FE80006468DE74A4B1868002894D0494B4FF4A1
:102FF8007A7B1B684FF03C0CB5FBF3F5B5FBF0F1A1
:103008004FF4616300FB11550BFB05F5B1FBF3F2BF
:10301800B5FBF0FE03FB121100FB1E55B1FBFCF3E0
:103028000BFB05F5B5FBF0F50CFB131120460091E1
:10303800CDE901E53849FFF721FF6CE707F00805FE
:103048008AE7B8F1010F4D460CBF2C48334896E784
:1030580020462D49FFF712FF0136A6E70026204635
:103068002F49FFF70BFF33461AF803202046A2F139
:1030780020035F2B28BF2E222A49FFF7FFFE0136C7
:10308800102E0DD0720703D120461F49FFF7F6FE18
:10309800B0453346E8D820461B49FFF7EFFEEEE778
:1030A800049BC244B3EB080304937FF472AFB9F1F5
:1030B800000F0AD0FB0704D520460A4A0A49FFF741
:1030C800DDFE39462046FFF7EBFE204609B0BDE895
:1030D800F04F11F00FBF00BFC0B00100C4B0010035
:1030E8009CA50100BBB00100C6BB0100B0A5010052
:1030F800E9B00100EFB00100F3B00100174F010083
:103108008D410000F8B00100A2D70100A0D701004E
:10311800D8180020D4180020CDB00100454F010078
:10312800FEB0010000B1010042F20F7373B58B428B
:1031380028BF0B4605680446052168460D4A10F06D
:103148001BFC0646636828460B225B680A4911F097
:10315800C3FE63683246694628465B6811F0BCFEC8
:1031680063681B2228465B68044911F0B5FE02B06B
:1031780070BD00BF9FB701000DD90100F1D8010053
:1031880000210123064A904206D8064A01B90123C4
:103198001360054B18607047012140085B00F2E797
:1031A80040420F00D4180020D8180020F8B50D466A
:1031B8000446064F4618B44201D12846F8BD14F813
:1031C800011BBB6801485B689847F4E7B49F01009E
:1031D800014B036000207047F8A5010010B54FF4BB
:1031E8002814DFF820C086B0CDE904C4082402946E
:1031F80004AC0194BDF82040009413F09AFB06B08B
:1032080010BD00BF1800280008B5044811F06FF879
:10321800034811F06CF8002008BD00BF3DB1010063
:1032280072B1010001480EF041BC00BF84A6010044
:1032380038B5044618B90F4B0F485B689847616862
:10324800B1F5683F10D0B1F5680F0DD00B4DA9420C
:103258000AD011F46861206807D00146084815F0C3
:1032680034FB00232360656038BD142216F045FD49
:10327800F9E700BF0C0400209FB101002C5F5CA996
:10328800001E002008B560B34368B3F5683F0ED050
:10329800B3F5680F18D0144A934220D000684FF055
:1032A800FF324FF0FF330BF0C1F958B115E001229E
:1032B8000368D3E8EF1F002903D1C3E8E02F0028F3
:1032C800F7D10AD1002008BD0368084A1B7803F526
:1032D800807352F82330002BF4D00548F3E70548F3
:1032E800F1E76FF4E040EEE72C5F5CA900000350C3
:1032F800E98FFFFFEA8FFFFF08B520B34368B3F5F6
:10330800683F09D0B3F5680F13D0114A93421DD016
:1033180000680BF0FDF914E000220368D3E8EF1F02
:10332800012903D1C3E8E02F0028F7D109D00948C3
:1033380008BD00210368084A1B7803F5807342F82A
:1033480023100020F4E76FF4E040F1E70348EFE7CB
:103358002C5F5CA9E98FFFFF00000350EA8FFFFF95
:1033680010B5044618B91D4B1D485B68984763683B
:10337800B3F5683F2FD0B3F5680F2CD0194A9342A4
:1033880019D1236803BB4FF0FF324FF0FF332146BA
:1033980015480BF01DF908B923681BB90F4B1348E2
:1033A8005B68984714220021206816F0A6FC4FF4A9
:1033B8006863636008E0B3F5680F0DD83A2B03D053
:1033C80040F6BA629342DED1206815F0C9FA636804
:1033D80043F03A03636010BD054AF3E70C0400208C
:1033E8009FB101002C5F5CA9001E0020C5B101003F
:1033F8003A00003A08B5064940231422054815F05A
:1034080057FABDE80840044904480EF0DFBD00BF84
:1034180000190020001E00208CA60100A0A60100B3
:1034280008B50348034A0021121A11F039FE08BDF5
:1034380048070020942C0020074808B5074A084987
:10344800121A11F02FFEBDE808400648064A07493F
:10345800121A11F027BE00BF000000204807002004
:1034680078DA0100000000200000002078DA01006E
:103478002DE9F04706460C4600AF002936D0D1E9C1
:103488000012E9468AB06D46A3684FF0050AE8467F
:103498001F48CDE90723CDE9050148F810AF0023FF
:1034A80042464FF421511B48FFF70AFCD4E90312A6
:1034B800CD466369AD461848C5E90723C5E9050146
:1034C800C5F810A0002342464FF421511148FFF7D8
:1034D800F7FBCD46E3690121104A0E4811F0E6FCDE
:1034E800A36901210E4A0B4811F0E0FC012E07D117
:1034F800EFF305830B4A31460648103B11F0D6FC22
:10350800214630460AF0ACFEBD46BDE8F08700BF54
:10351800F2B10100D0A3010021B2010050B20100B4
:103528005FB201008DB2010030BFFFF7FDBF00BFE1
:103538002DE9F04105460B4EDFF82C80324606EBAC
:103548000807CC1B2046094916F0B1FBA0194246D2
:103558000021083C16F0D1FBC5F8A44007F108008B
:10356800BDE8F08100000000040000004CA4010048
:1035780010B5244C2449254811F0A1FDA36A9901EE
:103588003ED52248224911F09AFD1E20A36ADA018D
:1035980004D51E481F4911F092FD1F20194CA36A3B
:1035A800DB0204D519481C4911F089FD0220A36AE1
:1035B8001C0304D51548194911F081FD2120114C2F
:1035C800A36A590304D51148154911F078FD222042
:1035D800A36A9A0304D50D48124911F070FD2320FF
:1035E800084CA36ADB0304D508480F4911F067FDAE
:1035F8002420A36A6FEA03436FEA1343A36210BD52
:103608001D20C3E700ED00E0A0B20100D0A3010037
:10361800B8B20100CBB20100E5B201000FB301005E
:103628002DB3010052B301006CB3010070B506461A
:103638000D46294C29492A4811F041FDA36ADB06A9
:1036480047D52748274911F03AFD1120A36A1C07DE
:1036580004D52348244911F032FD12201E4CA36AD8
:10366800990712D521491E4811F029FD636BA26AFA
:10367800120609D501211E4A194811F017FC1EB17E
:10368800A36A23F08003A3621320134CA36ADE0706
:1036980004D51348174911F012FD1420A36A9C069B
:1036A80004D50F48144911F00AFD15200A4B9A6AEF
:1036B800D10658BF9A6A9A6A920642BF5A6A22F499
:1036C80000525A629A6A42F0FF029A6200232B70F3
:1036D80070BD1020BAE700BF00ED00E097B301000D
:1036E800D0A30100ADB30100E0B30100F3B30100C2
:1036F8000BB4010021B4010040B4010070B50646C6
:103708000D46284C2849294811F0D9FCA36AD90448
:103718003CD52648264911F0D2FC1720A36A1A0581
:1037280004D52248234911F0CAFC18201D4CA36A6D
:103738009B0512D51D48204911F0C1FCA36BA26A54
:10374800100409D501211D4A184811F0AFFB1EB11C
:10375800A36A23F40043A3621920124CA36A5905F3
:1037680004D51248164911F0AAFC1A20A36ADA05F2
:103778000ED50E48134911F0A2FC1B20094A936A82
:1037880043F47F43936200232B7070BD1620C5E776
:10379800A36A9B04F2D505480B4911F090FC1C2044
:1037A800ECE700BF00ED00E06FB40100D0A301001A
:1037B80085B40100E0B3010096B40100AFB4010084
:1037C800C4B40100DFB4010040B401002DE9F041A8
:1037D8008AB0674B0446D3F80480002500AFC8F3CD
:1037E800080685F31188BFF36F8F02F07F43B3F1AA
:1037F8007F4F07D102F00C03082B12D15D495E48B8
:1038080011F05DFC00252C460023FB71F31E092BEB
:1038180000F28E80DFE803F00A8487808C8C8C8C21
:103828008C8A10074CBF0C460125EDE753495248D6
:1038380011F045FC00234E4EFB71F36A9A0705D53B
:103848004F494D4811F03BFC00232DE0F36A002B53
:1038580001DA4C49F5E7F36A5B00F5D54A49464871
:1038680011F02DFC7369A26943F480737361BFF38F
:103878004F8FBFF36F8F32F8023C726922F4807267
:103888007261BFF34F8FBFF36F8F03F47F42B2F5BE
:103898005F4F2BD1DBB2022B28D1236801213B4A91
:1038A800354811F003FB2368FA79DAB907F10806FD
:1038B80004F1200C324620686168083403C264456C
:1038C8001646F7D17A6A002D4FD0C2F3080121B904
:1038D8006FEA52226FEA42227A62184607F108011B
:1038E800FFF7C6FD2837BD46BDE8F081204B9A6A30
:1038F800D2B222B10120F91DFFF798FE0EE09A6AB4
:1039080012F47F4F04D00120F91DFFF7F7FE05E000
:103918009B6AB3F5803F97D3FFF72AFE0346C3E7B8
:103928000020F91DE8E70020F91DEEE7184988E7AF
:10393800184A18F4F87FE8468AB0174B08BF1346B0
:103948006A461649103ECDE905134FF40073ADF8E9
:103958002030134B079642F8103F00234FF41151C3
:103968000548FFF7ADF9C5466EE76FF30802B3E700
:1039780000ED00E025B50100D0A3010050B501001D
:1039880067B5010088B5010096B50100B5B501001D
:10399800D1B50100F7B401000CB50100F5B501007F
:1039A80004000001064B5A6942F010025A615A6934
:1039B80042F480625A615A6922F008025A617047DB
:1039C80000ED00E0EFF30880EFF3098101B57246DE
:1039D800FFF7FCFE01BD00BF002080F31488BFF391
:1039E8006F8F002080F30A8880F30B88104880F3DB
:1039F800088800200F49087009F028FB00200E49AC
:103A08000860BFF34F8F00F02DF8202080F3118855
:103A18000A484FF40061401880F30988EFF31480D6
:103A28000221084380F31488BFF36F8F00F0A6F8D3
:103A3800E05300208E2C002094ED00E0A0420020EE
:103A4800002318460649D1F89020C2F30722934272
:103A580000DB7047C1F89830C1F8A0000133F6E7E1
:103A680000ED00E010B572B6002484F31388FFF768
:103A7800E7FF23464FF0FF300C4A03F120010133E2
:103A8800102B42F82100F8D100234FF0FF30074AED
:103A980003F160010133102B42F82100F8D162B61E
:103AA800BFF34F8FBFF36F8F10BD00BF00E100E081
:103AB8001EF0040F0CBFEFF30880EFF30980816953
:103AC80011F8021C0229FFD001B5724611F0ECFA78
:103AD80001BD00BF40B2002807DB01234109034AAA
:103AE80000F01F00834042F82130704700E100E0F9
:103AF80040B200280CDB01220649430900F01F00F0
:103B08008240203341F82320BFF34F8FBFF36F8FDC
:103B1800704700BF00E100E0054B420953F822203E
:103B2800012300F01F0003FA00F01040704700BFA7
:103B380000E100E040B2002801F10101ACBF00F152
:103B48006040064B4FEA4111C9B2ABBF00F5614076
:103B580000F00F0080F800131954704714ED00E0CE
:103B6800044B054A23F07F039360BFF34F8FBFF3E5
:103B78006F8F70470000000000ED00E008B5FFF708
:103B8800EFFF074AD2F8883023F47003C2F8883070
:103B9800FFF746FCFFF750FC00F0A2F80AF088FC9B
:103BA80000ED00E042F8203C009B0B4942F81C3C29
:103BB800019B21F0010142F8183C029B42F8081CC5
:103BC80042F8143C4FF0807342F8043C0023203A3A
:103BD8000265C0F8A8307047DD1D000000B50E4B27
:103BE80015469860D0F8A4200C4B0E461A60D0F801
:103BF800943083F30B882C4686F309880020044B05
:103C080098472046002100220023024C204700004C
:103C1800E7500100DD1D0000BC2200201C1E002012
:103C28001022014B1A61704700ED00E0054B5A69FC
:103C38009B689A421FBF044A536843F080535360FD
:103C4800704700BFBC22002000ED00E0084B9B68D5
:103C580083420BD1EFF3058343B1064B5A6842F018
:103C680080525A605A6A22F400425A620BF0B0BB82
:103C7800BC22002000ED00E016498A684FF03000B1
:103C88001044EFF3098C80E8F01F202080F312889D
:103C9800BFF36F8F104F4FF000664A698A603E602D
:103CA800D2F8A4000D4C2060D2F8A8000023C2F876
:103CB800A83080F3118802F1300090E8F01F8CF3EF
:103CC800098802F1000004B511F001FABDE80440CA
:103CD80070470000BC22002004ED00E01C1E0020FC
:103CE800002320210348C2180133452B82F8001312
:103CF800F9D1704700E100E008B5EFF30583064A03
:103D0800103B02EBC30152F8330049688847BDE80D
:103D18000840FFF78BBF00BF24A0010001480068DE
:103D2800704700001C1E00201FB50121094B0A4ADC
:103D38000A4800F00FF90023064A0393084B0121B3
:103D4800019301A8D31A029300F00EF905B05DF8AB
:103D580004FB00BF0000072000000020B0A60100FF
:103D6800480700200A7A0B6810B562F304031C4662
:103D7800CB68520923F01F0343EA4203044A43F085
:103D88000103C2F89800C2F89C40C2F8A03010BDE8
:103D980000ED00E010B50A4BD3F89030C3F30723C9
:103DA800013B984208D901210346064A064811F00A
:103DB8007DF86FF0150010BDFFF7D4FFFBE700BFDB
:103DC80000ED00E00CB60100B8A301002DE9F04FAA
:103DD8008946144606464FF000084F4D85B0C84541
:103DE80027DAD6F804A0BAF1000F44D0BAF11F0FB1
:103DF80017D91AF01F0F14D1D6F800B01BF01F0FF7
:103E08000FD1584611F0A7F907460AEB0B00013805
:103E180011F0A1F9874210D06FF015073F4A3B46D1
:103E280001E043463E4A01213E4811F03FF86FF059
:103E38001504204605B0BDE8F08F17F1160FEDD038
:103E4800BC42EBDDC5F89870D5F89C10C5F89870A1
:103E5800D5F8A03021F01F0143F01F0BD6E900323E
:103E68001A44994202F1FF3A1AD1D34507D1314693
:103E7800F8B211F079F908F101080C36AFE73146CC
:103E8800C5F89870D5F89C30E0B263F30402C5F821
:103E98009C2011F069F910F1160FC8D0441CEAE70C
:103EA800C5F89870D5F8A020013B23F01F0302F055
:103EB8001F021343D3453146E0B2C5F8A030E8D01D
:103EC80011F052F910F1160FB1D0C5F89870D5F865
:103ED8009C209DF808300BF1FF3B62F304038DF83A
:103EE8000830D5F8A0309DF808205B0863F3471226
:103EF8008DF80820D6E900321344009323F01F03FD
:103F08005B44A3EB0A03013023F01F036946C0B2E8
:103F18000393FFF73FFFBEE700ED00E058B601004E
:103F280032B60100B8A301000522044BC3F894205F
:103F3800BFF34F8FBFF36F8F704700BF00ED00E0F6
:103F4800BFF35F8F0022024BC3F89420704700BF75
:103F580000ED00E010B5034C2278FFF737FF207022
:103F680010BD00BF632900202DE9F74F294D8A466F
:103F780006464FF00008AB46274FD0451BDAD6F867
:103F88000490B9F1000F3FD031680846019111F053
:103F9800E2F80199044609EB0100013811F0DBF859
:103FA80084424FF014021D4B08D002FB08F36FF057
:103FB80015024BF8032003B0BDE8F08F14F1160F7B
:103FC8002C60F8D01978A142F5DD02FB08B0C7F8DB
:103FD8009840C7F89840D7F89C4000F10801007B4A
:103FE80064F304000871D7F8A0000C79400860F366
:103FF80047140C71D7F89C1021F01F016960D7F89D
:10400800A01021F01F01296108F1010814350C36B0
:10401800B3E700BF201E002000ED00E06329002068
:10402800F0B55349534DD1F890302C68C3F30723AA
:104038009C4287B000F299800020FFF781FF4E4B29
:10404800C1F8C030844216D14C4D01A82C70FFF73E
:10405800BFF8002607464A4CB74213D100202B78F8
:104068004349D1F89020C2F30722934277DBFFF748
:104078005BFF002046E0696801EB0011FFF772FE64
:104088000130DFE70199300101EB0613DA682240BD
:10409800B2F1807F52D00AD8B2F5001F34D0B2F501
:1040A800800F3ED0B2F5801F12D00136D4E7B2F1AE
:1040B800006F43D0B2F1805FF7D15A689B68095806
:1040C800013B22F01F00034423F01F03012032E0CC
:1040D8005A689B680958013B22F01F0003440120DD
:1040E800844623F01F0340EA4C10CDE902218DF8E5
:1040F800100002A928780593FFF74CFE00282ADA59
:104108006FF0150007B0F0BD5A689B680958013B6D
:1041180022F01F0003444FF0020C012023F01F037C
:10412800E1E75A689B680958013B22F01F000344E5
:10413800062023F01F034FF0000CD4E75A689B6851
:104148000958013B22F01F0003444FF0030C0120E3
:1041580023F01F03C7E72B7801332B70A5E7C1F8BD
:104168009830C1F8A00001337BE74FF0FF30C9E772
:1041780000ED00E0BCA60100AAFF4400632900206E
:104188000000F0FFF0B587B007460E461446002140
:10419800102268461D4615F0B0FD02238DF8023046
:1041A800054B2A4621466846CDE9047601930FF06F
:1041B8000DFC07B0F0BD00BFA351010008B50248CF
:1041C8000FF0BAFBFEE700BF8AB6010008B5024B44
:1041D8001B689847002008BD341E0020034B044A82
:1041E8001860937843F0020393707047341E0020E0
:1041F800E401002008B50649064821F00701C1F18D
:10420800005202F5E0220FF0CEFF002008BD00BFEB
:104218005F7A0020381E002070B541690446867A0E
:104228000A4D59B1437ADB0706D4242303FB06530E
:10423800DB691B689B68984700236361242021463B
:1042480000FB0650BDE8704014F025BC280600208D
:104258002422024B02FB0030704700BF28060020D2
:104268002421827A054B01FB02331A6A1B7D801ACE
:104278001B3323F00303B0FBF3F07047280600203C
:1042880038B52424827A064B04FB0233DB69D3E970
:1042980001240C601568FFF7E3FF04FB005038BDEC
:1042A800280600202DE9F04385B00546684690466B
:1042B8001C46039114F09AFEDDE90067EFF31189BB
:1042C800202383F31288BFF36F8F6B8A002B41D0B2
:1042D8002A8A9A4225D90022002328460AF068FA39
:1042E8000446F0B189F31188BFF36F8F039B002B4D
:1042F80041D032463B46684614F09DFE2421A27AFE
:10430800254B204601FB0233DB6903A91B681D68A6
:10431800DDE90023A847606170BB2046FFF77CFFFA
:1043280024E0698A4B1E6B8289F31188BFF36F8F73
:104338002B7D2A8A2C6A1B3323F00303521A02FBB3
:104348000344154B154AEB1A9B105343A3722B7D5C
:10435800E372CBE789F31188BFF36F8F2346424698
:1043680028460AF025FA04460028BFD10024204632
:1043780005B0BDE8F0836361012300252381039B19
:1043880029466382E27A656004F1180015F0B5FCED
:1043980063692582E360EAE728060020398EE3385E
:1043A80070B524250C4C00B970BD037A4668002B03
:1043B800FAD0013BDBB20372002BF5D1C360436036
:1043C800837A05FB03439B6913B198473046EAE7B4
:1043D800FFF722FFFAE700BF28060020052370B583
:1043E800144D154E2C780134B4FBF3F303EB83031F
:1043F800E41A13F044F8114A137823B156F824301C
:10440800C01A072814D94FF05023D3F8141141B11A
:104418000021C3F81411D3F814312C700CB90123FE
:1044280013702C7813F02BF846F82400012070BD87
:104438000020FCE765290020441E00206429002094
:10444800054B03EB8000D0F8003223F0E04343F043
:104458004053C0F80032704700258450012208B547
:104468000B4B0C49C3F8002502230020C1F8D036B5
:10447800FFF7E6FF1046FFF7E3FFC1F80427C1F88E
:104488000429C1F8002BBDE8084000F065B800BF5A
:10449800001000500040005007B500220D4B0E4997
:1044A800C3F8A821C3F8AC204FF48062C3F8B8253C
:1044B8004FF400620948C3F83C250DF1070213F0D8
:1044C8003DF8002803DB9DF8070008F0ABFE03B0B9
:1044D8005DF804FB00A002502CA0025028A1025055
:1044E80048B1054B054A1B68B3FBF2F35843044B2C
:1044F80043F0010318477047C003002040420F00F3
:10450800F0A4010070B50025104E1149114C0007A8
:1045180016F8013B03F01F025B090FD0012B0FD1E6
:10452800234603EB8203D3F80022013522F0E04250
:104538000243042DC3F80022EAD170BD0B46F0E710
:104548000023803253F82230FFDE00BF19D9010062
:1045580000258450002884500149024810F09CB975
:10456800F4A60100581E00201FB578B1002301935E
:104578000393012369460848029310F0A0F9029BAF
:104588009B0700D1039B05B05DF804FB024805B00A
:104598005DF804EB10F0DEB9581E002008B54FF0A6
:1045A800FF33044A13603F231046536008F026FE89
:1045B800002008BD741E002070B50B7892B0064626
:1045C8000C4607AD032B31D8DFE803F0022A2C2E66
:1045D80019492846FCF78EFC05956378174A049319
:1045E800A3781E210393E3780AA80293237910ADD8
:1045F800019363790093A3790FF0BEF932460AABB1
:104608001C4603CCAC4210605160234602F10802FC
:10461800F6D1206810603046A388938012B070BD30
:104628000749D6E70749D4E70749D2E70A212846C8
:10463800064A0FF0A1F9CFE7AAB60100CCB60100EF
:10464800B1B60100B8B60100C2B6010035D101000B
:104658000E4B402928BF402170B51D460C4C46180A
:10466800B04203F1020304D1002305F811300748D2
:1046780070BD02781209A25C03F8022C10F8012B15
:1046880002F00F02A25C03F8012CE9E7662900207A
:1046980037D9010010B50024094B86B009480393A7
:1046A800CDE9044414F0D4FA03AB00934FF4E1626B
:1046B8000A23054903480AF07FFA204606B010BDD0
:1046C800F6B60100E00F00209833002001460148AB
:1046D8000AF0E8BAE00F00200146014814F08DBA4C
:1046E800E00F002030B50378012B11D0022B21D028
:1046F8006BB90A46144B03F1100453F8045BA34248
:1047080042F8045BF9D143881A0A8A70CB7030BD2D
:104718000A460D4B03F1100453F8045BA34242F818
:10472800045BF9D143681A0C180E4A700870C3F379
:104738000722EAE700F11003013913F8012998422A
:1047480001F8012FF9D1E2E748D9010038B505464B
:1047580014F0DBFA044608B90AF070FD054BD3E8FB
:10476800AF3F0BB1284698471CB9BDE838400AF05E
:1047780079BD38BD7C1E0020022838B504460CBF20
:104788000848094810F01AFD054648B1013CE4B252
:104798001F2C96BF054B0021195D0C3010F07DFDD4
:1047A800284638BDB80600202806002058D9010040
:1047B8000F2810B50CD80D280CD90A4810F0FEFCAB
:1047C800044618B104210C3010F067FD204610BDD6
:1047D8001328F2D009B10448F0E70220BDE81040E0
:1047E800FFF7CABF2407002094060020C3681B787F
:1047F8000221024A024810F0F9BE00BF0EB70100BC
:1048080028A3010038B5C5682B7893B9B5F80140DD
:104818000F21204602F04AFFEB78054650B90A4AB4
:10482800118831B96FEA04506FEA10501080074AB6
:10483800137038BD0373012102F054FE2846BDE809
:10484800384002F003BE00BF40290020E7290020BD
:1048580070B5C3681D78BDB9B3F801600F21304643
:1048680002F024FF044638B901213346BDE8704000
:10487800064A074810F0BABE294602F033FE204621
:10488800BDE8704002F0E2BD70BD00BF36B7010060
:1048980028A3010010B5C3680121B3F801402046E0
:1048A80002F004FF38B901212346BDE81040044A4C
:1048B800044810F09BBEBDE8104002F0C7BD00BF21
:1048C8005CB7010028A3010010B5C36801211C884A
:1048D800204602F0EBFE38B901212346BDE810401E
:1048E800034A044810F082BEBDE8104002F0AEBD95
:1048F8005CB7010028A3010010B501210C3010F0AD
:10490800EDFC03780121BDE81040024A024810F08E
:104918006DBE00BF80B7010028A30100014610B595
:10492800084810F04FFC0849084814F066F9031EBF
:1049380006DABDE810400121054A064810F056BEC7
:1049480010BD00BF34010020940200208011002017
:10495800A2B7010028A3010010B50024084B86B0B7
:10496800039303AB00934FF42C724FF0FF330549C8
:104978000548CDE904440AF01FF9204606B010BDE9
:10498800BFB70100A03A0020B010002010B5084CB5
:104998000146062294F86F0003F0E6F938B994F856
:1049A8006F000522BDE81040024903F0DDB910BDD3
:1049B800000000201DD901000121024A024810F020
:1049C80013BE00BFCFB7010028A301000B46B0B546
:1049D8000D8A00AF04462946D868FFF739FE8AB029
:1049E8006A46094BCDE90750CDE9053440F2024348
:1049F800ADF82430054B4FF43251054842F8103FCA
:104A080010F001FEBD46B0BDE9B701000500000188
:104A180028A3010070B5C5680121B5F801603046CA
:104A280002F044FE044638B901213346BDE870401F
:104A38000B4A0C4810F0DABD2B783BB9D5F8033097
:104A4800C0F89930D5F80730C0F89D30201D4FF4D4
:104A5800803110F0CDFD2046BDE8704002F0F6BC74
:104A68005CB7010028A301002DE9F84FD0F80C909D
:104A7800018A99F8004000AFA30001338B425FD947
:104A88006D468AB06A46CDE9073105232E484FF4B2
:104A98002151CDE905042D4842F8103F10F0B3FD2F
:104AA800AD46BD46BDE8F88F01212B46284A274868
:104AB80010F09CFD013699F800309E42F1DA09EBBE
:104AC8008603B3F801500F212846B3F8038002F09B
:104AD800EDFD04460028E7D000F1C00AB8F1000F48
:104AE80006D0656945B901211A4A184810F07CFDBD
:104AF800204602F0ABFCDDE7A2692B689542204610
:104B0800636108BFA36102F0C7FB09F083FEC5F823
:104B180000B0236A8BB9C4E90755DAE8EF3F013BD7
:104B2800CAE8E23F002AF8D10021204608F1FF3800
:104B380002F0BEFB1FFA88F8D0E71D602562ECE79B
:104B48000026B346B7E700BF0BB8010028A3010051
:104B580036B8010052B8010037B50446084602EBE2
:104B6800C3039A4202D16FF05E0010E0114611F8BB
:104B7800085BA54211D1038A5178994209D908489E
:104B88000121084A009410F09BF96FF0150003B05A
:104B980030BD536898470020F9E70A46E1E700BFAF
:104BA80028A3010069B801002DE9F0470C460AF076
:104BB80045FBE5682B78022B75D0042B0AD0012120
:104BC8003D4A3E4810F012FD2046FFF7E9FB6FF022
:104BD80015040EE0B4F81080B8F1020F0ED8434661
:104BE800374A3648012110F001FD2046FFF7D8FB6F
:104BF80000240AF037FB2046BDE8F08768783E2895
:104C08000CD1B8F1030F02D12E4A4346E9E7EB78FD
:104C1800012B01D00A2B46D1032704E010F0D2FC67
:104C28000746F8073FD504F10C0601213046D4F8B1
:104C380014A010F04BFB0221304610F04FFB8146C8
:104C480000783E2807D1E3681B78012B01D00A2B96
:104C580006D1032614E010F0B5FCC10706460FD4B0
:104C680041F26813184A194919480FF04DFB0023FF
:104C780083F31188BFF36F8F0323184602DF0226E0
:104C8800144A0623214699F8000010F0F3FCB207F5
:104C98000DD56369A5EB0A0513FA85F5E560A4F857
:104CA8001080BB07A4D52046FFF738FEA0E72046B2
:104CB800FFF776FBF5E700BF31B9010028A3010033
:104CC8008BB80100A7B80100C7B80100FBB8010004
:104CD80014B901008CA7010010B5012104460C305D
:104CE80010F0FCFA2146BDE810400223014A007882
:104CF80010F0C0BCBCA7010073B53E4810F077FAAD
:104D08000446002873D000F10C05284610F0EEFA8E
:104D18000228034603D0042847D0374A03E0238AF1
:104D2800032B05D8354A0121354810F05FFC13E004
:104D38000421284610F0D2FAFF23428806882376F9
:104D4800238AC6F30B009A42608309D0012100929E
:104D58002B482C4A10F0B4F82046FFF721FB12E04C
:104D68000F2102F0A3FC054610B9638B264ADAE747
:104D780002F0C2FC21462076320B284602F0EAFAFD
:104D8800284602F063FB214BD3F834317BB320492A
:104D9800204813F032FF031E29DA01211E4A184861
:104DA80002B0BDE8704010F021BC2846022110F086
:104DB80095FA054600783E2812D010F003FC10F052
:104DC80002060DD140F69A43144A154915480FF0CA
:104DD8009BFA86F31188BFF36F8F0323184602DF0F
:104DE80006232146104A287810F044FCB4E702B0A4
:104DF80070BD00BF34010020DAB9010045B90100D7
:104E080028A3010066B901008AB90100000000204A
:104E18009402002080110020A2B70100C7B8010049
:104E2800ACB9010014B90100CCA7010010B50121EB
:104E380004460C3010F052FA2146BDE81040082311
:104E4800014A007810F016BCFCA70100F8B5012152
:104E5800044600AF0C3010F041FA067800232146D2
:104E68003046104AFFF778FE5F3019D1258AE0688E
:104E78002946FFF7EDFB6C468AB06A460A4BCDE936
:104E88000750CDE9053640F20243ADF82430074B10
:104E98004FF43251064842F8103F10F0B4FBA546D3
:104EA800BD46F8BD3CA80100EEB9010005000001AF
:104EB80028A301002DE9F74F0023804689461746AD
:104EC800DFF800A1DAE8EF4FCAE8E23F002AF9D19B
:104ED800264644B9012143463B4A3C4803B0BDE855
:104EE800F04F10F083BB2046FFF7BAF94FF00C0BD8
:104EF800374D0BFB0050438843451BD02046FFF736
:104F0800AFF90BFB0050438801210093314A434617
:104F18002E480FF0D5FFDAE8EF3FCAE8E26F002A23
:104F2800F9D1002B4BD01E46304603B0BDE8F04FF8
:104F3800FFF736BAA74208D0204610F03AF93A8A65
:104F4800F96804F10C0010F09FF92046FFF788F982
:104F58000C2707FB00504368ABB1B9F1000F12D121
:104F68002046FFF77DF9012107FB0050426853688E
:104F780003F01F00814010685B0900EB8300137A7F
:104F8800CBB110F035FB2046FFF76AF90C2707FB79
:104F980000508368002BC7D02046FFF761F978439B
:104FA80005F800902046FFF75BF907FB0055A86855
:104FB80009F030FCB8E7C94310F028FBE3E703B079
:104FC800BDE8F08F3001002020BA010028A30100BD
:104FD800801E002048BA010073B5C5680121B5F8E4
:104FE8000160304602F062FB044640B901213346B5
:104FF8003B4A3C4802B0BDE8704010F0F7BA2B7845
:10500800061D1A2B19D1C378012B50D14FF48041BA
:10501800304610F0EDFA42040FD4D4F88C306946CB
:105028000093D4F894302046019303F0D1F9204638
:1050380002B0BDE8704002F009BA2B78BBBB40F261
:10504800E242B5F8033028495343C4F88830B5F82C
:105058000520A4F89020B5F80720A4F89220A3F51D
:10506800EA520C3A8A4204D90221204A1D4810F01B
:10507800BDFAB4F89030B3F5FA7F04D302211C4A84
:10508800184810F0B3FA40F67641B4F89230A3F11C
:105098000A0292B28A4204D90221164A114810F033
:1050A800A5FA6FF48051304610F0B0FA14E0D6E853
:1050B800AF3FDB04F5D52B78202BF2D194F898304C
:1050C800002BEED0013B84F898304FF420320023B7
:1050D80004F1400009F010FE204602F0E3FCA6E7C8
:1050E8005CB7010028A3010095F03C007BBA0100E1
:1050F800A2BA0100C9BA0100B0B53C28044600AF05
:105108001AD101F02FFB6FF48071103010F07EFA85
:105118000020FFF73BFC054630B90121114A12482F
:1051280010F062FABD46B0BD0473002102F0DAF94E
:10513800284602F08BF9F5E76D468AB06A460B4BB4
:105148004FF41251CDE90530094B0748079340F257
:105158000133ADF82030074B42F8103F10F053FAF6
:10516800AD46DFE7F5BA010028A3010016BB010030
:10517800D8D7010004000001054BD3E8AF2F02F097
:105188000B02D3E8EF1FC3E8E02F0028F9D17047DE
:10519800D400002010B5C1E900239DF808300C4662
:1051A8000B72FFF75DF80C22024B02FB00335C60C8
:1051B80010BD00BF801E0020F8B502460B461048FF
:1051C8000FF0FCFF0446C0B104210C3010F04BF87E
:1051D8002046FFF745F80C2700260A4D07FB00502C
:1051E80046802046FFF73CF807FB005086602046C3
:1051F800FFF736F807FB00556E602046F8BD00BF84
:1052080000070020801E002029289ABF014B185C47
:105218000920704778D9010070B5C3680F21B3F829
:1052280001601D78304602F041FA044638B9012180
:105238003346BDE87040184A184810F0D7B965B130
:105248002846FFF7E1FF29460246204602F0E2FC25
:105258002046BDE8704002F0F9B88378012B07D1E9
:1052680006F0D6FA204610F095F9002808BF052563
:105278002846FFF7C9FF29460246204602F0CAFC25
:10528800002DE5D00121064A044810F0ADF90521AA
:10529800204610F051FCDBE736B7010028A30100D7
:1052A80032BB01002DE9F041C6680F21B6F8017044
:1052B8003578384602F0FAF9044638B901213B46F8
:1052C800BDE8F0411E4A1F4810F090B965B1284664
:1052D800FFF79AFF29460246204602F09BFC20462B
:1052E800BDE8F04102F0B2B8F278C37A934205D132
:1052F8000221154A134810F079F9F0E78378C27251
:10530800012B08D10AB106F083FA204610F042F9C1
:10531800002808BF05252846FFF776FF29460246DC
:10532800204602F077FC002DD9D00121074A054814
:1053380010F05AF90521204610F0FEFBCFE700BF18
:1053480036B7010028A3010058BB010032BB010099
:1053580010B5044692B048226846064914F0A7FCE6
:10536800112C9DBF12AB03EB840454F8480C02487F
:1053780012B010BD58A4010087BB0100034B0146C1
:10538800D3F84C0182689268104700BF00000020E3
:105398002DE9F04F91B0042100AF4A4810F028F9E8
:1053A8006D4688B06A46484B4FF4E6510593474B23
:1053B800474806934FF40073ADF81C30454B464CF4
:1053C80042F8103F10F01FF9AD46E179434B444EC7
:1053D80007F12008012998BF1E4640462146FFF7DD
:1053E800EBF88AB06A463F4BCDF81C80CDE905360C
:1053F8003D4B4FF4235108933C4B354842F8103F3E
:1054080010F001F9A246AD460125394EDFF8E480D7
:10541800E3790AF1070A9D423BDB94F870506E4627
:105428002846FFF795FF8CB06A46B4F87210B4F8B6
:105438007630CDE907514FF40075DFF8BCC0099309
:105448002E4BCDE905C0ADF828504FF4535142F822
:10545800103F1F4810F0D7F8B54694F871603046F1
:10546800FFF776FF8AB06A46B4F874302449CDE96C
:105478000763244BCDE90510ADF824504FF43351A0
:10548800134842F8103F10F0BEF84437BD46BDE857
:10549800F08F51463846FFF78FF8E9468AB06A46DA
:1054A80040F20133CDE905650797ADF820304FF498
:1054B8001351074842F8108F10F0A5F80135CD4672
:1054C800A6E700BFD400002093BB0100A5BB0100E4
:1054D80028A301000300000100000020D8D7010024
:1054E8008FBB0100A9BB01000002010304000002F8
:1054F800B8BB010004000001C9BB0100060000019F
:1055080007BC0100050000010048704721AE0100FA
:105518000149024813F071BB84020020B01000203A
:1055280070B505460C4639B1CB684A699B1A032BFE
:105538000ED86FF0150509E04FF0FF304FF0FF313E
:10554800FFF73AFE044618B96FF06805284670BDA3
:105558002046FEF785FE0C22164BA61802FB0033E8
:10556800032130465D800FF0A0FE0580238A0121CB
:10557800033B837030460FF0A0FE40F635439D4252
:105588000FD12046FFF7FAFE05460028DED001219C
:105598000346094A094810F029F82046FEF700FF9B
:1055A800D4E72146064813F06BFA0025FFF7B0FF51
:1055B800CCE700BF801E00202EBC010028A30100FC
:1055C8003C0100202DE9F0410446458B077E807A96
:1055D800FEF73EFE6169064649B1637ADA0704D4EC
:1055E800C36920461B689B6898470023636121466E
:1055F800304613F050FA254B93F88A309B0642D573
:10560800384602F0DDFC044638B902213B46BDE8C5
:10561800F0411F4A1F480FF0E9BF437B073B012BAE
:1056280009D91C4802211C4A0FF0DEFF2046BDE8BC
:10563800F04101F00BBF01F009FF4FF0FF304FF0D0
:10564800FF31FFF7B9FD044630B9BDE8F04101214B
:10565800124A10480FF0C8BF00F10C070121384664
:105668000FF00CFE01260421067038460FF006FEE6
:10567800002305808670C3702146BDE8F04140F6DE
:105688003540FFF74DBFBDE8F08100BF00000020A6
:105698009BBC010028A30100C4BC0100F0BC0100B0
:1056A8002DE9F04784B0804691460C4600AF71B9A9
:1056B8004FF0FF304FF0FF31FFF77EFD044660B931
:1056C8006FF0680528461037BD46BDE8F087887A30
:1056D800FEF7BEFD3C4B83426FD1012200213846C4
:1056E80013F0E7F92046FEF7BBFD0C23DFF8DCA03A
:1056F80003FB00A0876020460FF08FFD014640465F
:10570800FFF70EFF054618B12046FEF749FED9E718
:105718004FF4A0220023384609F0B0F8064690B1AD
:105728004FF4F1732A4A2B492B480EF0EDFD32460F
:1057380041462A480EF0E8FD85F31188BFF36F8FC4
:105748000323184602DF2046FEF78AFD0C23584340
:105758001AF800605EB36D468AB06A46204B079619
:10576800CDE905381F4B4FF43251089340F20243FC
:10577800ADF824301C4B1D4842F8103F0FF043FF92
:105788002046AD46093EFEF70BFE092E0CD8DFE891
:1057980006F0050B0B08170B0B0B0B146FF06E05BF
:1057A80090E76FF00C058DE76FF004058AE7B9F113
:1057B800000FA9D0C9F8004084E76FF0150581E70C
:1057C8006FF00B057EE700BF00070020801E002059
:1057D800C7B801006FBC010014B9010013BD010076
:1057E80058BD0100D8D701000500000128A3010019
:1057F800F7B5144B054693F99B300C46002B1DDA80
:1058080014B9204603B0F0BD082C4FF0000142F255
:10581800180001AA264628BF0826FFF741FF0028DE
:10582800F0D1019F3246F9682846013114F03FFA59
:105838003846FEF7B5FD3544A41BE1E76FF0850057
:10584800E0E700BF0000002073B506460D4642F2AF
:105858002F00002101AAFFF723FF044638B10121D8
:10586800144A15480FF0C0FE204602B070BD0198DA
:10587800C368B3F801203280B3F803302B80FEF7F9
:105888008FFD3388A3F11B02E02A04D902210B4AB9
:1058980009480FF0ABFE44F248112B88A3F5A47217
:1058A80092B28A42E0D90221054A03480FF09EFECF
:1058B800DAE700BF77BD010028A3010097BD01000A
:1058C800BCBD01002DE9F04F8DB0002605465E4BAA
:1058D800B0F80190198849F47042914204BF1E80C3
:1058E8005A4B00AF08BF1E7800F0A4FCEB7805F116
:1058F800040A012B08BF564B504614BF002493F8E6
:105908006F400FF0D7FD07F10808514680B34FF0FC
:10591800010B40460FF0C3FDD5F81130C7F8013030
:10592800B5F81530A7F80530EB78012B37D007F11B
:10593800100451462046FEF73FFE6D4688B06A4681
:10594800444B4FF4E251CDE905344FF40073ADF800
:105958001C30414B414842F8103F0FF054FE1321D0
:10596800AD4648460FF0C1FE3437BD46BDE8F08F5E
:10597800204610F001F80346006895F804B0B860B6
:105988009A889B796868A8F8042088F80630BAF8DD
:1059980004209AF806303860BA80BB71C4E74046E4
:1059A800FEF7F4FF04460028C1D00346B5F80120ED
:1059B80023F8702B98F80620B868B8F80410206708
:1059C8009A7140F2E2429980B5F8173053430022A9
:1059D800C4F88830B5F81930A4F89030B5F81B3001
:1059E800A4F89230EB782273012BE3701AD187F870
:1059F80000B0BA88BB793868A4F87B2084F87D3079
:105A0800C4F8770000F0AEFE237A1149C3EBC30354
:105A18005A18CB58C4F87E309388A4F8823093790A
:105A280084F884300721204601F05CFD26B101216D
:105A38002046267301F056FD204601F099FE2046C7
:105A480001F004FD90E700BF40290020E72900206D
:105A580000000020DFBD01000300000128A30100B1
:105A680000B5C36889B0187820B109B05DF804EBB7
:105A7800FFF742BBB3F801208DF80000ADF8012014
:105A8800DA788DF80320B3F80B20ADF81720B3F8B7
:105A98000D20ADF81920B3F80F20ADF81B205A7C63
:105AA8008DF81D20586801901A899B7AADF8082056
:105AB8008DF80A30084B68461A689B88CDF80B2089
:105AC800ADF80F30CDF81120ADF81530FFF7FAFE1C
:105AD80009B05DF804FB00BF31D9010010B5FBF730
:105AE8001BFA034B1B6813B1BDE81040184710BDE3
:105AF8001C1F002073B52A4D0646D5F84C0112F03C
:105B08007EFE48B90121274A27480FF06DFD6FF046
:105B18001204204602B070BD6FF0020105F1D400F6
:105B28000FF074FD01210FF063FD10EA010434D178
:105B38001E4B1E600A4605F5907012F0BAFF05F577
:105B48009E7012F095FF1A4813F082F86FF0070361
:105B58004FF4966217491648009409F02DF8164933
:105B6800134809F03BF9D5F84C01144983681B68C0
:105B78009847044630B101210346114A0A480FF0FC
:105B880035FDC6E726B902B0BDE87040FBF7C4B9D9
:105B980005F1C40009F00AF8BBE76FF07704B8E72D
:105BA800000000208ABF010028A301001C1F00205C
:105BB80080110020503D0020A2BF0100B14B000021
:105BC800ABBF0100F0B5C56801212F8887B0BCB212
:105BD800204601F06BFD064640B901212346274ABD
:105BE800274807B0BDE8F0400FF000BD02ACD5F87B
:105BF8000220D5F8063001946989009111F003F963
:105C080048B34FF0FF304FF0FF31FFF7D5FA0546A4
:105C180048B901211B4A1A480FF0E6FC304601F04A
:105C280015FC07B0F0BD12210C300FF027FB03461E
:105C3800224623F8027B144603CC596006A98C42FD
:105C48001860224603F10803F5D1294642F21A00EA
:105C5800FFF766FCE2E74FF0FF304FF0FF31FFF748
:105C6800ABFA04460028D4D002210C300FF006FB12
:105C78002146078042F21B00EAE700BF5CB701003B
:105C880028A30100C7BF010073B5C368D9789A7803
:105C98001E8842EA0122ADF8002059791A79B4B277
:105CA80042EA0122ADF80220D9799A79204642EADF
:105CB8000122ADF804201A7A5B7A012142EA032313
:105CC800ADF8063001F0F2FC054658B901211D482F
:105CD80023461D4A0FF08AFC022120460FF063FD7F
:105CE80002B070BD694601F029FF38B91E2120466F
:105CF8000FF059FD284601F0A9FBF1E74FF0FF30FE
:105D08004FF0FF31FFF758FA04460028F2D00E2171
:105D18000C300FF0B3FA00230680C0F80A30BDF843
:105D2800003021464380BDF802308380BDF804303E
:105D3800C380BDF80630038142F22000FFF7F0FB74
:105D4800D8E700BF28A301005CB7010038B50421DB
:105D580004460C300FF0C2FA034640885D7818B14B
:105D680022461978FFF7A6F835B1044808F052FD25
:105D7800BDE83840FFF7CCBB38BD00BF200100208C
:105D8800B0B50446032100AF0C300FF0A7FAE26863
:105D98000346117840F63542B0F80100904216D11A
:105DA8006C468AB06A46104B1048CDE90531104B55
:105DB8004FF41251079340F20133ADF820300D4BE8
:105DC80042F8103F0FF01FFCA546BD46B0BD1D7838
:105DD80010B12246FFF76EF8002DF6D0064808F0FD
:105DE80019FDFFF795FBF0E7DEBF010028A30100CE
:105DF800D8D70100040000012001002038B509F0BF
:105E08001DFA2F4DD5F83C31002B56D00022002327
:105E180005F5907008F032FD00284ED100220023CD
:105E280005F59E7008F0C4FC044668B940F6AA431C
:105E3800244A254925480EF067FA84F31188BFF3F0
:105E48006F8F0323184602DFD5F830315BB101218B
:105E58001F4A20480FF0C8FBD5F83001FEF7A0FA1A
:105E68000023C5F8303120460FF0D7F9C5F83001C6
:105E78002046FFF783FA0346C8B10121164A1548A0
:105E88000FF0B4FB154808F0C5FC2046FEF7E8F90A
:105E98000C22134B02FB0033588818B122461F21ED
:105EA800FFF708F82046FEF77BFAFFF731FBFFF70C
:105EB8002FFBBDE8384009F0D5B901F069FCF8E7D7
:105EC80000000020C7B8010002B7010014B90100A2
:105ED80016C0010028A301002EBC010020010020EB
:105EE800801E0020F8B506460024094DEF79E3B27C
:105EF8009F4202D86FF0010007E0294630460FF0B4
:105F08006EFC0735631C08B12046F8BD1C46EEE759
:105F18000000002037B504460D4671B128461249E5
:105F28000FF05DFC48B929461048C4EBC40420446E
:105F38000FF05FFC002003B030BD68460FF0A1FAF7
:105F48000028F8D16846FFF7CDFF0028F5DA074B9F
:105F5800C4EBC400694618440FF04BFC002DE9D08F
:105F680001462846E4E700BF24D9010000000020CC
:105F780070B51A4E06223146054613F0CDFE38B3E9
:105F88004FF0FF304FF0FF31FFF716F9044608B322
:105F9800062229460C300FF077F92146002242F2FA
:105FA8000500FFF77DFB044648B110F10D0F04D141
:105FB80002210B4A0B480FF01AFC204670BD3346ED
:105FC8002A6843F86929AA88B280012283F86820E0
:105FD8000024F2E76FF06804EFE700BF69000020D3
:105FE80056C1010048A30100064BD3E8EFCF4CF49B
:105FF800806CC3E8E2CF002AF7D1037A1943017213
:10600800704700BFD4000020F7B5002104460222E3
:10601800084601F0A9FE064648B120460121FFF7CF
:10602800E3FF304603B0BDE8F04001F00FBA3B4D46
:1060380001463B4800F090FB95F813317BB13046A0
:106048000FF01EFC58B10221364A37480FF0CFFB3B
:106058000021364803B0BDE8F04000F07DBB95F85C
:10606800132195F812319A4218D10221304A2E484C
:106078000FF0BDFB002242F229001146FFF710FB8A
:1060880010B101212B4AE0E795F81331013385F867
:106098001331237A43F004032372D9E72246671C9D
:1060A800394612F82E0B0FF0AEFB064610B1224A05
:1060B80001210EE095F81331013385F81331237A65
:1060C80043F00403237295F8A7305B0708D4022134
:1060D8001A4A15480FF08BFB01200FF0D1FBB7E7E8
:1060E800394668460FF085FB01234FF0FF304FF02B
:1060F800FF318DF80730FFF75FF8044660B10822DA
:1061080069460C300FF0C0F83246214642F24E0084
:10611800FFF7C6FA0028DFD0094AC9E700000020C7
:106128005159010065C1010048A30100BB58010095
:106138008AC10100BBC10100DBC10100FBC1010034
:1061480025C2010000212DE9F0410222044608463B
:1061580001F00AFE054640B120460221FFF744FF40
:106168002846BDE8F04101F071B901462A4800F01F
:10617800F3FA28460FF084FB284D064688B1012122
:106188000346274A27480EF091FE95F8133113B1BC
:1061980001200FF075FBBDE8F0410021224800F016
:1061A800DBBA95F8133195F812219A420CD2013BCB
:1061B80085F81331237A024623F0040302201B4991
:1061C800237205F00DFCE0E74FF0FF304FF0FF3190
:1061D800FEF7F2FF04F10108074668B107210C3009
:1061E8000FF04CF841460FF004FB3246394642F2B4
:1061F8002800FFF755FA28B101210D4A09480FF088
:10620800F6FAC2E795F81331013B85F81331237A82
:1062180023F004032372B8E751590100000000205D
:1062280040C2010048A30100BB5801007358010097
:106238006DC20100084BD3E8EF2F22F48061C3E858
:10624800E01F0028F7D1530504D500220220034996
:1062580005F0C6BB704700BFD4000020DF5901001D
:106268001FB500230190CDE9023302208DF80C10F0
:1062780001AA034905F0B4FB029805B05DF804FBD8
:1062880027590100034610B470B10A4991F8124128
:1062980091F813210CB1944208D2013281F81321EC
:1062A8001A7A42F004021A7210BC704710BCFFF749
:1062B800ABBE00BF00000020034610B498B10B4CE1
:1062C80094F8121194F8132129B101318A4203DCA0
:1062D80010BCFFF737BF12B1013A84F813211A7ABC
:1062E80022F004021A7210BC704700BF00000020A0
:1062F80070B5044611BB20B325490FF070FA00BBF6
:106308002046FFF7EFFD00283BDA237853B92148F0
:10631800C279002A35D121460FF06BFA0123C371E7
:10632800104670BD012B04D1A37903F0C003C02B24
:1063380007D00121184A19480FF059FA6FF01500D3
:10634800EFE7144DEB79012B1ED005F1D4000FF0C7
:1063580057FAC30707D4002CF0D020460C490FF099
:106368003EFA0028EAD1EE792146731C3046EB71DB
:10637800FFF7D0FD08B93046D3E7EB79013BEB7165
:10638800CFE76FF07700CCE76FF00B00C9E700BFED
:1063980024D901000000002092C2010048A3010096
:1063A8002DE9F341044640B91A4A02211A480FF070
:1063B8001EFA002002B0BDE8F081002141F2090078
:1063C80001AAFFF76DF9054608B1144AEDE7019EE9
:1063D8000622D6F80C80124908F10107384613F056
:1063E8009BFC28B1062238460E4913F095FC18B9D3
:1063F8003046FDF7D5FFDCE7D8F801303046C4F861
:106408000130BB882570A4F80530FDF7C9FF0120CD
:10641800D0E700BFC0C2010048A30100D9C20100F3
:1064280031D901002BD9010007B56846FFF7B8FF3D
:10643800044BD87118B169460020FFF76BFD03B013
:106448005DF804FB000000202DE9F041304E88B0D3
:10645800F179002954D196F8C24014F0010411D101
:106468002C4A02212C480FF0C2F90024F471162599
:1064780000240127F379E0B283422BD8002B3FD0C8
:1064880000203AE06A464FF60940FFF709F908B1DB
:10649800224AE6E7DDF800C0DCF80C5095F80180E8
:1064A800B8F1000F0ED0AB1C02AA123517461868B7
:1064B8005968083303C7AB423A46F7D118683860C1
:1064C8009B88BB806046FDF76BFFB8F1000FCDD10C
:1064D800134AC6E708AB05FB003353F8182C33F80A
:1064E800143C6946CDF80120ADF805308DF80070F0
:1064F800FFF710FD01340028BCD008B0BDE8F081DA
:106508000021084608B0BDE8F041FFF7F1BE00BF22
:1065180000000020F7C2010048A3010023C30100C6
:1065280043C301002DE9F0411D460E4617460346B8
:1065380048B145B10A0311D54C0708D50121284AAD
:1065480028480FF054F96FF01500BDE8F0810FF0FE
:1065580027FA0028F9D101232B70F6E7B107047850
:1065680024D021492FB1B20603D591F8D82050067E
:1065780032D5C4EBC40411F80480B8F1010F09D175
:106588000134184621440FF003FA0028DDD185F8BC
:10659800008002E0B8F1000FF9D02FB1B30642BF76
:1065A8002B7843F002032B700020CEE7720710D53A
:1065B8000D49C4EBC4040F5D012F07D101342144F8
:1065C8000FF0E6F90028C0D12F70E7E7002FE5D1DA
:1065D800FAE70FF0E5F9BEE76FF08500B5E700BF11
:1065E8006CC3010048A301000000002038B5104D1D
:1065F800EB7913B10024204638BDFFF715FF044698
:1066080028B10C4A01210C480FF0F1F8F3E7EB79B7
:10661800002BEFD1FFF718FF04460028F1D1681CC2
:10662800FFF7A6FC04460028E5D0044AEAE700BFC5
:10663800000000208BC3010048A30100AAC3010089
:106648002DE9F74F884601904FF0FF314FF0FF30AA
:10665800FEF7B2FD044600284ED020210C300EF083
:106668000DFE002706460021202213F046FB39467E
:10667800D8F8005006F1010BD8F804309F4208D32F
:10668800317000222146019803B0BDE8F04FFFF7B2
:1066980007B86A78881C13181F2B95F800C05FFA92
:1066A80080F915D9BCF1090FC9F11F0201D1002ADF
:1066B8000CDC0121124A13480EF0EFFB2046FDF7CF
:1066C8006FFE6FF0150003B0BDE8F08F4FF0080CB7
:1066D8005FFA82FA0AF1010E0BF801E00131C9B242
:1066E8000BF801C069685844D14413F0E0FA013747
:1066F8005FFA89F10835BFE76FF06800E3E700BF8C
:10670800CDC30100E8A20100F7B5CDE90001694653
:1067180042F2080016461D469DF82070FFF790FFCC
:10672800044648B95FB90B4BD3E8EF1F41F00401A9
:10673800C3E8E21F002AF7D1204603B0F0BD69463E
:1067480042F20900CDE90065FFF77AFF0028EAD098
:106758000446F1E72800002003460148184700BF17
:106768001800002000487047180000202DE9F04F5D
:10677800D0F8109089B0B9F100040546A04818BFB8
:106788000124029103930FF036F94607924640F12F
:106798008C816E6870050CD56FF01504002240F2EC
:1067A8000110029B924540F08981204609B0BDE85E
:1067B800F08FD5F81080B8F1000F01D0B107EBD0F9
:1067C800904F2878FB798342E6D9C0EBC0000722B6
:1067D8008D49384413F0A0FA0028DDD0B20706D15D
:1067E80097F87030082B02D8AB689F2BD4D916F0D5
:1067F800300F7AD0B8F1000FCED0F30678D406F473
:106808006036B6F5603FC7D028460FF0E0F88046FE
:106818000028C1D07D480FF0EEF810F4807F7B4E41
:1068280040F0468106F1AC000FF0E5F810F4806FF7
:1068380006F1AC0B01D0FFF7FDFC0023CDE90533D1
:10684800CDF81B30AB686A68ADF81030EB6812F40D
:10685800004FADF8123014BF06230723D00348BFFA
:1068680003F00503910348BF03F0FB038DF81D30C7
:10687800DBE8EF3F23F48073CBE8E23F002AF7D14F
:106888002B7822463B7687F86F30696860480DF1AF
:106898001503FFF747FE044600287FF47FAF5D4BE2
:1068A800B9F1000F31D02A6911684BF8B31C9188EF
:1068B800998092799A716B689A0728D0B9F1000F7C
:1068C8002CD013F0100F0CBF012304238DF81430C3
:1068D8002B691A68CDF816209A88ADF81A209B798A
:1068E8008DF81C304FF000081BE0B8F1000F86D17E
:1068F800D5E902239A423FF64FAF1F2A7FF64CAFE5
:10690800B3F5804F7FF67BAF46E73F4ACCE79B0560
:1069180002D4039B002B3CD0022300E04B468DF8A9
:1069280014304FF0FF304FF0FF31FEF745FC0446BE
:10693800002800F0C0800F2204A90C300EF0A4FC3F
:106948002146002242F20600FEF7AAFE044600286D
:106958007FF424AFB9F1000F1FD0686810F003006E
:1069680027D1074601212A480FF048F80446002895
:1069780058D00121284A29480EF08FFA002F3FF4F9
:106988000DAF3846002100F0ADFD384600F05EFD41
:1069980004E703238DF81430A4E75146129B039AA9
:1069A8000298CDF80080FFF7AFFE04460028D4D047
:1069B800F4E63C7E07221449164887F86F4013F026
:1069C800ABF960B92046164901F04CF9074610B9F1
:1069D8006FF00B04E2E6052100F084FDC2E72046D3
:1069E8000C4901F085F900287FF4D6AE387E0949B4
:1069F80001F038F907460028EAD00621ECE700BF85
:106A0800D40000200000002024D901002800002024
:106A18001800002021000020E6C30100E8A20100C0
:106A28001DD9010017B1384600F010FD6B689F07AB
:106A38001FD0D6E8EF3F43F40073C6E8E23F002AD0
:106A4800F7D1B8F1000F1DD0D6E8EF3F43F48063CB
:106A5800C6E8E23F002AF7D16B6858071BD5D6E88D
:106A6800EF3F43F48053C6E8E23F002A3FF496AE76
:106A7800F5E7D6E8EF3F23F40073C6E8E23F002AC3
:106A8800DFD0F6E7D6E8EF3F23F48063C6E8E23FBD
:106A9800002AE1D0F6E7D6E8EF3F23F48053C6E8B2
:106AA800E23F002A3FF47AAEF5E76FF00A0475E694
:106AB8006FF0770472E66FF068046FE61988814218
:106AC80004D1596811B10978C90702D401320833D1
:106AD80068E60549054812F0C1F84FF47022002312
:106AE800024808F03DF960E6756B000030000020B0
:106AF80010B518480EF0AAFF17480EF07CFF0346A1
:106B0800DA05C0F3002023D513480EF074FF83057F
:106B180015D512490722124813F0FEF80346114909
:106B2800087E93B90522104901F01EF9044630B1D8
:106B38000021017300F0D6FC204600F087FCBDE878
:106B48001040002103480EF059BF06222131EBE71F
:106B580010BD00BF180000202800002024D9010023
:106B680021000020000000201DD9010010B5FFF70A
:106B7800BFFF034630B1BDE810400221024A034876
:106B88000EF094B910BD00BF01C40100E8A20100D5
:106B980008B509F069FF38B101210346034A0448E2
:106BA8000EF084F96FF0040008BD00BF27C401008F
:106BB80040A3010008B509F04BFD38B10121034697
:106BC800034A04480EF072F96FF0040008BD00BFD4
:106BD80043C4010040A30100F0B593B007460D4639
:106BE800144600211C220BA813F087F800230593F4
:106BF800FFB1F5B1ECB107AE324607F1100313F857
:106C0800011DBB4202F8011BF9D14FF48071264BDC
:106C180010220B93254B0BA8CDE90D1305AB31467C
:106C280009F05CFC034648B10121214A21480EF0D5
:106C38003DF96FF01505284613B0F0BD05F11003B6
:106C480013F8012DAB4206F8012BF9D106AB0293DC
:106C580010231649CDE90043059807AA09F00AFD53
:106C6800054628B101210346134A12480EF01EF9C1
:106C7800059809F0F5FB034638B101210F4A0D4884
:106C88000EF014F96FF00405D5E7002DFAD1631E54
:106C980004F11002073413F8011F12F8010DA34282
:106CA80018701170F7D1C6E7002480000044400432
:106CB80063C4010040A301007FC4010098C401001F
:106CC80070B59AB01822002103A813F016F847F2FD
:106CD8001213ADF808304FF4807344F20102ADF896
:106CE8000A30364B694602A8CDE9042309F06EFD47
:106CF800034618B3324A012132480EF0D7F81F254F
:106D0800314BD3E8EF1F21F00101C3E8E21F002A4D
:106D1800F7D12E4E08F092FA346804B1043C002DE5
:106D28002B4D18BF0025002C41D023680BB12846F5
:106D380098476468002C3AD0043CF6E701AB41223E
:106D4800009809A912F08BFB034608B1214AD2E743
:106D5800214A0DF125030DF1650153F8040B8B420F
:106D680042F8040BF9D101AB20221C49009812F01B
:106D780021FB034608B11A4ABDE7009809F070FBE9
:106D8800054610B1174A0346B5E7134910480EF0F7
:106D980060FE154820310EF05CFE144BD3E8EF1F5F
:106DA80041F01001C3E8E21F002AA9D0F6E700234A
:106DB800C6E9003308F056FA1AB070BD000002099F
:106DC800C4C4010018A30100201F0020281F0020B0
:106DD800482A0020E2C40100082A0020E8290020EF
:106DE80005C5010029C50100682A0020D40000203B
:106DF80030B5A7B01822002107A812F07EFF04239F
:106E08003D22002116A8159312F077FF47F21213BE
:106E1800ADF818304FF4807344F20102ADF81A301F
:106E2800284B2949CDE9082306A804AB202209F0FC
:106E380055FB0346E0B1254A012125480EF036F8F6
:106E48006FF0040408F0FAF9224B1D6865B10020C0
:106E58001860214BD3E8EF1F21F00201C3E8E21FBD
:106E6800002AF7D144B3A84708F0FCF927B030BD91
:106E78001A4B0DF15502194603F1400053F8044B23
:106E8800834242F8044BF9D105AB029320230D4805
:106E9800CDE9001315AA4123049912F0AFFB03466C
:106EA80008B10F4AC8E7049809F0DAFA044600283E
:106EB800C8D00C4A0346BFE70DA808490EF0C9FD23
:106EC8000DA8D0E700000209E829002049C5010003
:106ED80018A30100241F0020201F0020082A0020DA
:106EE8007FC501009BC50100402208B5034912F087
:106EF80013FFB0FA80F0400908BD00BFA2D9010015
:106F080010B59AB004461822002103A812F0F5FE25
:106F180044F21213ADF808304FF480734FF48042F6
:106F2800ADF80A30144B2146CDE9042304230DF1B2
:106F380025008DF824300EF08CFD04F120010DF1B0
:106F480045000EF086FD412201AB09A902A809F00F
:106F5800C5FA044602A812F09DFB2CB9019809F065
:106F68007FFA01201AB010BD044823460121044AC3
:106F78000DF09CFF0020F5E70000020918A30100AE
:106F8800B8C5010010B5002834D01D4A136823B1D4
:106F9800043B984231D05B68F9E71A4BD3E8AF1F3E
:106FA800890707D518480221184A0DF076FF6FF0B7
:106FB8000F0010BD1468011D44605068116000B9CD
:106FC8005160D3E8EF2F42F00101C3E8E01F002829
:106FD800F7D1D30701D50020EBE70D4BD3E8EF1F1E
:106FE80021F01001C3E8E21F002AF7D10948FDF794
:106FF80073FBF0E76FF01500DBE76FF07700D8E779
:10700800281F0020201F002018A30100DCC5010054
:10701800D4000020B4020020044BD3E8AF3F13F0A3
:10702800100F034808BF0020704700BFD40000209D
:10703800482A002070B50546194803688B4228D0B5
:10704800184BD3E8AF3FDA0626D5036813B16FF0C3
:107058000F0070BD144AD2E8AF3FDB07F7D4D2E87F
:10706800EF3F43F00204C2E8E64F002EF7D113F0D9
:107078000204ECD1016029460C480EF0EAFC0C48E9
:1070880005F120010EF0E5FC0A48FDF725FB204636
:10709800DFE76FF07700DCE76FF07C00D9E700BF2F
:1070A800241F0020D4000020201F0020082A0020D0
:1070B800282A0020A402002070B505460B4B1C6846
:1070C80044B154F81C3C1C3C13B12846297B984712
:1070D800E469F5E7064C074EB44200D370BD236857
:1070E80013B12846297B98472034F5E7641F002010
:1070F800D8A20100D8A2010010B50446FDF7B0F8E7
:10710800044901EB001120460EF025FABDE81040B5
:10711800FEF7FEB9301F0020002270B50446D1E901
:1071280001560748C1E9012211F0AAFC3DB13146D8
:1071380020462B46BDE870406FF06D02184770BDC1
:107148001806002037B5051D04464FF4806128460F
:107158000EF0A6FC40053CD4D5E8AF3FD90326D5B0
:10716800E37823B902211C4A1C480EF097FC637B84
:10717800072B2ED11A4B93F8D8309B0629D50EF041
:1071880087FA30B30DF1060101A8FEF75DFB00BBDD
:107198002046BDF80620BDF804100EF0E5FA0346B7
:1071A800B8B101210F4A0D480EF078FC11E00C4BE4
:1071B80093F8D8301A07D3D520460EF0BAFA03460A
:1071C80020B10121084A05480EF068FC637B072BB3
:1071D800C6D003B030BD00BF2BC6010000A301001C
:1071E8000000002044C601000AC6010070B505462B
:1071F800002200230E4807F041FBB8B90D4B1C686C
:1072080034B154F8143C1C3C03B19847E469F7E7DF
:10721800094C0A4EB44204D32846BDE8704007F032
:10722800C5BCA36803B198472034F3E770BD00BF1D
:1072380008060020641F0020D8A20100D8A201007F
:107248002DE9F041044620270025EFF3118287F34A
:107258001288BFF36F8FE16929B1206A0B688142F8
:10726800E36108BF236282F31188BFF36F8F71B1A6
:10727800D1E901680748C1E9015511F001FC1EB1C7
:10728800002241462046B047FEF742F9DDE7BDE857
:10729800F08100BF180600200448B0F8FC3000F563
:1072A8008070002B08BF0020704700BF000000203E
:1072B80030B50446FCF732FD0D460D4A0D4989B03C
:1072C8000858D2F8B010884205D1204609B0BDE868
:1072D8003040FFF7B5BF24342146104611F08DFC2D
:1072E8001DB16946204611F098FC09B030BD00BFB9
:1072F800C81600200800000038B5002204468A425B
:1073080002D10024204638BD012004F1C803D3E887
:10731800EF5F002D04D1C3E8EC0FBCF1000FF6D1EC
:1073280002D0D0340244EAE7002CEAD0C822002177
:10733800204612F0E2FC04F14000044911F08EFCF2
:10734800034904F1240011F03CFCDBE7D17E000086
:10735800CB5A0100F7B516460D4601210446FFF742
:10736800A7FF012E23D0022E52D123693BB1314809
:107378000121314A0DF091FD20460EF0C0FB256138
:1073880021690B8A012B53D9CA681288043292B238
:1073980093424DD343D9012100922648274A0DF044
:1073A8008FFD204603B0BDE8F0400EF0A8BB206971
:1073B80040B9234A31461F480DF06FFD20460EF0B4
:1073C8009EFB01E02A8A2AB9284603B0BDE8F040AE
:1073D800FCF7E6BF018A438A47695B1AC168C91B83
:1073E8005B1A9A420CD9174A314612480DF055FDDE
:1073F80000222046216900F0BFFF00232361E3E754
:10740800E9680C300DF040FF2846FCF7C9FFB7E7E4
:10741800012133460C4A07480EF040FBCEE7002313
:1074280001222046236103B0BDE8F04000F0A4BF6C
:1074380003B0F0BD00A3010060C60100E0C6010072
:107448007DC601009BC60100C2C6010008B500F157
:10745800C803D3E8EF2F013AC3E8E12F0029F8D198
:10746800AAB90B4B984212D303F1D00290420ED224
:10747800C01AD023B0FBF3F203FB120038B9054859
:1074880007F0C8F9BDE80840034807F08FBB08BDFE
:107498005012002008060020D402002010B504462F
:1074A8000EF036FB07F0CAFE0C4B04F1BC01D3F812
:1074B800143143B90A480EF0D6FA07F0D3FEBDE8F6
:1074C8001040FEF725B8994201D01B68F1E707F094
:1074D800C9FE2046FFF7BAFFF1E700BF0000002011
:1074E80014010020F8B5467B04468E420D4600AFD5
:1074F8001CD1082E98BF544B6C4688B094BF53F8E3
:107508002630524B6A465249CDE905134FF40073B1
:10751800ADF81C304F4B42F8103F00234FF4E451B4
:107528004D48FBF7CDFBA546BD46F8BD41730EB9E6
:107538000EF0EEFA637B082B00F2838001A252F86A
:1075480023F000BF9B750000F17500003175000045
:10755800317500003175000031750000317500008B
:1075680071750000317500000023C4E90D33E3781C
:10757800012BD9D1A3784FF42032012B08BF032364
:1075880004F1400008BF84F89830002307F0B4FBEA
:10759800CAE7082EC8D8DFE806F02005171C1C1C0F
:1075A8001720200004F14005284611F063FB012153
:1075B8002046FFF77DFE20460EF0A1FA00220023A8
:1075C800284607F0CDFBAFE7237B13B12046FFF732
:1075D80073FD2046FFF73AFFA6E72B461F4A022114
:1075E8001D480EF05BFA9FE7237B3E2B0FD16D46BB
:1075F80088B06A461A4BCDE90534032342F8103F98
:1076080000234FF4C4511448FBF75AFBAD46154DFF
:1076180005F58076616911B9FDF77AFF84E7A269FB
:107628000B68914208BFA36120466361FFF774FDB0
:10763800B5F8FC30002B14BF3046002007F0EAF8FC
:10764800E8E7094A2B46CAE750A80100FBC6010033
:1076580005C701000300000100A3010016C70100CF
:107668002DC701000000002054C70100F8B50746E7
:1076780009480D4616460EF04BFA044650B1837879
:107688001F4203D1BDE8F840FFF7E0BE3146A847E6
:107698002046F7E7F8BD00BF501200200022012065
:1076A8000149FFF7E3BF00BFBF5A010070B50546A7
:1076B8000E480E460EF02CFA0446A0B1437B012B6F
:1076C80002D0073B012B0CD82388AB4208D1A37802
:1076D8001E4209D102212B46054A06480EF0DEF962
:1076E8002046FFF7B3FE0024204670BD501200204C
:1076F80070C7010000A30100034BC01A034B00111F
:107708005843C0B2704700BF50120020C54EECC4A9
:1077180070B51C46144305460E460DD0FCF7FEFA1C
:107728000E49D1F8B0400E4909588C4206D10221C1
:107738000C4A0D480DF0B1FB002213460B49002DF1
:1077480014BF284608460DF039FD044618B1711DCE
:107758000C300DF088FD204670BD00BFC816002013
:107768000800000087C7010000A301004C060020A4
:1077780010B50446054807F019FA204600F04AFDFE
:107788002046BDE81040FFF797BC00BFC4020020A8
:107798002DE9F04F002387B000AFFB607B61B94B48
:1077A8005A8A3AB1B84DD5F814413CB91C37BD4690
:1077B800BDE8F08F1B68002BF4D1F7E754F8BC390B
:1077C80003B1BC3B0026B14901E01C461346B5F89D
:1077D800FC20002A00F05481D5F808214AB904F1A8
:1077E800BC06002BE2D0D3F8BC20002AEDD0BC3A6E
:1077F800EBE70A68002AF2D0D4F8A820002AEED0D5
:10780800D4F8AC20002AEAD0D4F8B020002AE6D078
:10781800637B072B6AD120469047002866D004F185
:10782800C003D3E8AF3F022B60DC20460EF070F9AE
:1078380004460028BAD0637B072B40F01E812046FF
:10784800D4F8A830B5F8FC1007F110029847814623
:10785800002800F00581B5F8FC203B699A4208D35E
:107868000146D4F8AC60204607F1140307F10C0276
:10787800B0477B69D7F80C803B60B9F81030002B13
:1078880000F0F5804846D7F810A00DF07AFE786031
:10789800002840F0EF80B5F8FC30DFF8F4B1002B99
:1078A80014BF584600200022002306F0E7FF78B9ED
:1078B80000220023754806F07BFF064600283BD1CE
:1078C800B5F8FC30002B18BF5E46304606F0A2FF24
:1078D8006FF00B054846FCF763FDB8F1000F00F0A8
:1078E800AA802A4620463968C047A4E0D4F8BC30AC
:1078F80004F1BC02C6B9D5F81811C5F814318A428A
:1079080001D1C5F8183100232046C4F8BC30D4F89A
:10791800B030984700288ED0637B072B40F0AD80AD
:107928002046FFF7BBFD86E73360D5F818319A4249
:1079380008BFC5F81861E6E73B68C0F804808360B3
:10794800B5F8FCB00022DA454FF000034FF0000113
:107958004C4898BF1FFA8AFBFCF7A4FC804650B13C
:10796800FCF77EFC4B4B5A4603EB00134946404656
:107978000DF0CCFD8046B5F8FC3094F8C4909A45DB
:1079880084BF01237B607B689CBF09F102095FFA11
:1079980089F984F8C43004F1C00ADAE8EF3F01330A
:1079A800CAE8E23F002AF8D104F1140B31465846E0
:1079B8000EF059F8A378012B56D108F10C030421D5
:1079C80018467B600DF071FC228809F0FD0942EA37
:1079D80009320280B8F810207B68043A42800221FC
:1079E80018460DF06AFC4046FDF7C8FC81460028A1
:1079F80043D0DAE8EF3F013BCAE8E23F002AF8D17A
:107A0800314658460EF060F8234A4B460121234878
:107A18000EF044F84046FCF7C3FC20463146FFF719
:107A28007BFBB5F8FC301A48002B08BF002006F095
:107A3800F1FE6FF004056E4688B0194A0423CDE9BB
:107A480005256A46079442F8103F4FF40151134840
:107A58000023FBF735F91321B54620460EF06CF8E4
:107A68002046FFF7F3FCA1E66FF01509C1E76FF0B8
:107A780079052FE76FF004052CE7FDF749FDEFE7DF
:107A88009368FFDEDC0600200000002018060020B6
:107A980000010020301F00202EBC010000A30100BF
:107AA800B0C7010040F2E2432DE9F041D0F8886008
:107AB8000446B6FBF3F6031DB6B2D3E8AF2F920423
:107AC80013D5B0F88C20B2420FD8B0F88E20B2424D
:107AD8000BD3D0E92412914207D1D3E8EF1F21F448
:107AE8000051C3E8E21F002AF7D1114B1D6865B1A8
:107AF80055F80C7C1C3D37B131462046B4F892301D
:107B0800B4F89020B847ED69F1E70A4DDFF828800E
:107B1800454501D3BDE8F0812F6937B1314620468C
:107B2800B4F89230B4F89020B8472035F0E700BF99
:107B3800641F0020D8A20100D8A201002DE9F0415D
:107B4800074608460D460DF0A5FD064618B900265D
:107B58003046BDE8F081144B1C6884B154F8103CE1
:107B68001C3C0BB9E469F8E72946384698470028D1
:107B7800EDD028460DF08EFD0028F3D1E7E70B4C39
:107B8800DFF82C804445E3D2E3680BB92034F9E7E9
:107B98002946384698470028D9D028460DF07AFD5E
:107BA8000028F3D1D3E700BF641F0020D8A201004A
:107BB800D8A201002DE9F041C37804468BB900F141
:107BC8007E06114B1D687DB11C3D04F170076B6981
:107BD8001BB13A46314620469847ED6925B11C3D10
:107BE800F5E700F17706ECE7084D094F04F1700856
:107BF800BD4201D3BDE8F0816B691BB142463146F5
:107C0800204698472035F3E7641F0020D8A20100DA
:107C1800D8A20100F8B5437A0546837216460EF0DD
:107C2800C9F80D4B1C684CB154F8043C1C3C1BB102
:107C380032462846697A9847E469F4E7074C084FC2
:107C4800BC4200D3F8BDA3691BB132462846697A05
:107C580098472034F4E700BF641F0020D8A2010031
:107C6800D8A2010038B505460C460F480121FFF798
:107C780043FBC0B1057223680367A388A0F874307A
:107C8800A37980F876300123437283728370074B9F
:107C9800C0F8A830064BC0F8AC30064BC0F8B0307E
:107CA800054BC0F88C3038BD501200201D810000F3
:107CB8008F5A0100835A01001800280070B5054644
:107CC8000A480E460DF024FF044620B18378012BA4
:107CD80004D0FFF7BBFB0024204670BD324629467E
:107CE8000DF098FF0028F7D12046F2E75012002047
:107CF800F0B589B000AF0D46FFF7E0FF044618B3B2
:107D080029463846FCF758FC637B6D46082B98BF1C
:107D18000F4A8AB094BF52F823300E4B6A46CDE919
:107D280007730D4B0D4909930D4BCDE9051442F826
:107D3800103F00234FF442510A48FAF7C1FF20468A
:107D4800AD46FFF783FB01202437BD46F0BD00BFD9
:107D580050A80100FBC6010001030204D3C70100BB
:107D68000500000200A30100F8B505460E480E46BE
:107D780017460DF0CDFE044620B18378012B03D0C1
:107D8800FFF764FB00240DE036B1324629460DF0BA
:107D980041FF08B92046F3E7637BBB42FAD1237A57
:107DA800AB42F7D12046F8BD5012002070B58B7851
:107DB8000646012B0C4692B042D191F8703007ADBF
:107DC800032B37D8DFE803F0023032341E49284647
:107DD800F9F790F8059594F871301E21049394F8FA
:107DE80072301A4A039394F873300AA8029394F8ED
:107DF8007430019394F87530009394F876300BF052
:107E0800BBFD32460AAB10AD1C4603CCAC42106039
:107E18005160234602F10802F6D12068106030460E
:107E2800A388938012B070BD0949D0E70949CEE70D
:107E38000949CCE70A212846084A0BF09DFDC9E705
:107E480000238DF82830DCE7AAB60100CCB6010083
:107E5800B1B60100B8B60100C2B6010035D10100C3
:107E680038B5044608460D460DF014FC38B3154BDA
:107E780093F8D830990707D4E37873B12946204698
:107E8800BDE8384000F0A4BA94F899309A07F3D5C1
:107E9800231DD3E8AF3F5B04EED4294620460DF0FE
:107EA800D9FE58B92B88A4F88C306B88A4F88E308A
:107EB800AB88A4F89430EB88A4F8963038BD6FF0FE
:107EC8001500FBE700000020F7B510F8333C044626
:107ED800A0F140060BBB30460DF00FFF314B1D687B
:107EE8004DB155F8183C1C3D1BB1304614F8341CF4
:107EF8009847ED69F4E72C4D2C4FBD4205D3304629
:107F080003B0BDE8F040FFF7A1BA6B681BB130467B
:107F180014F8341C98472035EFE710F83E3C012B45
:107F28003ED1A0F13C05D5E8EF3F23F40052C5E867
:107F3800E12F0029F7D199041FD5E36C6946009316
:107F4800636D30460193FFF78BFF034678B9D5E898
:107F5800EF3F23F48053C5E8E23F002AF7D14FF4FE
:107F68000061284603B0BDE8F0400DF099BD104A05
:107F7800022110480DF092FDF1E74FF428130E4A44
:107F880069463046CDE90023FFF76AFF034628B962
:107F98004FF4805128460DF083FDE0E7074AE7E7F4
:107FA80003B0F0BD641F0020D8A20100D8A20100D0
:107FB8000CC8010000A301001800280031C8010006
:107FC80010B902480DF0A4BD0020704750120020DF
:107FD80010B50E4810F04CFD0D490C4810F050FD3E
:107FE8000C490A4810F04CFD0B49084810F048FDB0
:107FF8000EF0C6FA02F050FA044628B903F0B6FCAF
:10800800044608B90DF038FF204610BD18060020B8
:10801800401F00204C1F0020581F0020034601214C
:10802800014A02480CF042BFE4C8010058A301000D
:1080380080B500AF88B06A46074BCDE90530032309
:1080480042F8103F00234FF4C2510448FAF738FEB3
:108058006FF00B00BD4680BD0CC9010058A301009C
:1080680008B5064A136823B90548506018460A60DF
:1080780008BDFFF7DDFF6FF00B00F9E7781F002060
:108088009CA8010070B5044652EA030008D0FBF72B
:1080980045FE074D074ED5F8B0503058854201D1FE
:1080A800002213462046BDE870400431FFF730BB7C
:1080B800C81600200800000073B5054618462B684E
:1080C8000BB35B7B072B1ED1002A0CBF01230223B5
:1080D8000E7A9E4209DD01210C4A0D4800960CF0EB
:1080E800EFFE6FF0150002B070BDCB7A072BF8D900
:1080F800C8618A6105F1300010F0C2FC28460DF015
:10810800D3FD0020EFE76FF07F00ECE733C90100F3
:1081180058A301002DE9F84F88469146D0F8B4409D
:1081280000AF44B1403C236B63B92068B4300DF014
:10813800DAFD246CF5E7FDF7EBF900263046BD467D
:10814800BDE8F88F04F1300A504610F0AEFC054641
:108158000028F0D00DF015FA80B16C4688B06A4658
:10816800294BCDE90535032342F8103F00234FF48E
:10817800C2512648FAF7A4FDA546DEE728460DF0C9
:108188004CF8656C06469DB9A38C058A403B9BB2AA
:108198003F2B03D8238D9D4228BF1D46042106F19D
:1081A8000C000DF082F80580A38C043543806564CB
:1081B80045451FD8B6F810B0AB4506D100220023BC
:1081C800504606F0F5FAFCF7EBF8A38CA3F1400251
:1081D8003F2A06D8AB451ABF002213460C4AF36162
:1081E800B2612068B4300DF07EFD236B13B12046D8
:1081F8000DF05AFD636C98452CBF0021A3EB0801D4
:10820800C9F80030616499E753C9010058A3010017
:10821800335E0100F7B504460026234D234FBD42C7
:1082280001D303B0F0BD298820460DF0F5FD6B6839
:10823800019001A920469847002830DB019B2A8835
:108248009A829A8403F11002D2E8EF1FC2E8E06F25
:108258000028F9D11E645E649E60A16B03F10802D8
:10826800F9B9C4E90D221C60DE6003F1300010F09A
:10827800FFFB019843681B6803B19847019B1033C3
:10828800D3E8EF1F41F00101C3E8E21F002AF7D14C
:1082980001984368DB6913B100F11001984708356C
:1082A800BDE70A60A263DEE7C0A20100D8A2010010
:1082B80073B50D460646042105F10C000DF00EF8C5
:1082C8002B8A428804469A4207D000921C4A012110
:1082D8001C480CF0F5FD02B070BD43783BB9012194
:1082E800194A184802B0BDE870400CF0D6BD0378B2
:1082F800012BF0D0132B06D1022AECD002230093D5
:108308001346124AE3E70221114A0E480CF0CEFD4B
:1083180061780222012035680DF064FD04460028CA
:10832800D9D002210C300CF0A9FF0023214603709C
:108338004370284602B0BDE870400DF083BD00BF11
:108348006BC9010058A301008CC90100ADC9010027
:10835800D8C9010008B50B8A032B06D80121044AA5
:1083680004480CF09AFD002008BDFFF7A1FFFAE7CA
:1083780000CA010058A3010038B50B8A0546032B33
:108388000C4609D801210F4A0F480CF086FD2046FB
:10839800BDE83840FCF704B8042104F10C000CF0E7
:1083A8009DFF418828460DF05EFD30B9074A0B460F
:1083B800054802210CF07AFDE9E7436821465B692C
:1083C8009847E4E71ECA010058A301003BCA010010
:1083D80070B5134A0C4613780646013313F0FF01B3
:1083E8000ABF01230B4619461370122008220DF00C
:1083F800F9FC054688B108210C300CF03FFF2288B3
:108408002946028062884280A2888280E288C280EF
:108418003046BDE870400DF015BD6FF00B0070BD23
:10842800882A002023281FD81A2804D8431E182B6E
:108438000ED906207047A0F11B03082B1ED8DFE8D1
:1084480003F0051D1B231D19251D0500032070477A
:1084580001230F4A83401A40C2B90E4A1A40002A23
:108468000CBF06200120704700F07F03522B05D176
:1084780000207047012070470520704710F0400F1A
:1084880014BF002006207047042070470220704760
:10849800AAAA8A02545545012DE9F74F064608460F
:1084A8000C46FBF7DDFE182343432D4F0546FA180B
:1084B80091680191E16806F14C00D0E8AF0FC00760
:1084C8000AD40121274A28480DF0F9FC6FF0150954
:1084D800484603B0BDE8F08FE068007810710022CC
:1084E800FA500B78D22B0FD13368214618680EF05A
:1084F800F7FC814640B101211C4A1B480DF0DFFC06
:108508002046FBF74DFFE3E7182303FB0573D4F878
:108518000C80D4F814B0B4F810A09E600023214653
:108528001A46301DFFF7C8FD81460028D0D010F14B
:10853800690F04D101210E4A0B480DF0C0FC626995
:10854800A8EB0B0812FA88F2E26018225543019B47
:108558007A19A4F810A0936047F80590B8E700BF0F
:10856800C81F002077CA0100F0A2010091CA0100CB
:10857800A4CA010008B5EFF31181202383F3128800
:10858800BFF36F8F002303600F4B5A68C2B9C3E96A
:10859800000081F31188BFF36F8F0C4806F006FBCB
:1085A800031E0CDA01210A4A0A480CF07FFC00235A
:1085B80083F31188BFF36F8F0323184602DF08BDCA
:1085C80010605860E5E700BFC01F00200C030020C2
:1085D800C7CA0100F0A20100011F014810F075B9D7
:1085E8000C0500200121024A02480DF068BC00BFBA
:1085F800F0CA0100F0A2010010B5044600F14803DA
:10860800D3E8EF1F41F00101C3E8E21F002AF7D1C8
:10861800201F0DF028FD04F16400044910F01EFB32
:108628002068BDE8104001F0B9BE00BFE595000024
:1086380073B50E46438D418B01328B4228BF0B46E2
:108648009A42054609D9022100921D481D4A0CF09C
:1086580037FC0024204602B070BD3046FFF7E2FE2A
:108668006FF01403034113F0010310D0FBF756FB1E
:10867800154B1958154BD3F8B03099421ED0144BEE
:108688001B685A1A18BF4FF0FF32134601E04FF427
:10869800702200210F48FFF7F5FC04460028D9D0C6
:1086A800FBF7DEFD18220C4B012102FB003304F11D
:1086B8000C009D600CF0E2FD0670CBE70022E4E7B9
:1086C800F0A201000DCB010008000000C816002030
:1086D8001020002070060020C81F0020F0B51D469D
:1086E80003680E460039044618BF012187B0186890
:1086F80017460EF0FEF940B904F14C000DF01BFDD1
:10870800002846D0002007B0F0BD002D43D0182225
:108718000021684611F0F1FA6FB1002213212046BA
:10872800FFF786FF019030B91C4801211C4A0DF063
:10873800C6FB1120E7E7236829461B6828460093F3
:108748000023ADF812300C9B164A0393BDF8343061
:108758008DF80860ADF8103001238DF814306B46A1
:108768000DF0C5FC9DF8143063B1002FCAD00198F4
:10877800FBF716FE2A46314620469DF814300DF0C8
:10878800E5FCBFE701990029BCD020460DF001FCAB
:10879800B8E71220B7E70120B5E700BFF0A2010053
:1087A80032CB0100295F01002DE9F3410B8A044611
:1087B8000D4643B90121294A29480DF080FB0020C4
:1087C80002B0BDE8F0810768012105F10C000CF04A
:1087D80085FD7B7B0646072BF1D154F8043C002B22
:1087E800EDD0002203781F4F043C17F832004FEAFF
:1087F800C208984207EBC20114D12A8A48789042ED
:1088080026D90121009316481346174A0CF058FB45
:1088180004234744BA78012AD1D1002BCFD00022B3
:10882800317811E001320C2ADFD1104A02210C48BC
:108838000CF03CFB31780846FFF7F4FD2122C240DA
:1088480012F00102BBD1062320460DF07FFCB6E7EB
:108858004B682046294698470346DAE74BCB010088
:10886800F0A20100C4A8010080CB010066CB010082
:10887800F8B54FF470220746002311480D460CF056
:108888009DFC044638B901212B460E4A0E480CF0CF
:108898000DFB2046F8BD00F10C06092130460CF00E
:1088A800E2FC2046FBF7DCFC1822084B012102FB06
:1088B800003330469F600CF0E1FC0570E9E700BF2B
:1088C80070060020E4C80100F0A20100C81F0020C3
:1088D8002DE9F0410E8A0446043EF6B2022E0846FF
:1088E8008CB001D0102E64D104210C300CF0F6FCB1
:1088F8000DF1080805884788011D324640460CF0EE
:10890800A0FD002857D0A5B300268FB3AF4230D3BF
:108918004FF42053404601A98DF80460ADF80630A5
:108928000CF062FD48BB1422002107A811F0E5F9FC
:1089380011212046FFF79CFF0990002837D001211C
:108948000C30CDE907480CF099FC00230A90394611
:1089580003701A4A0B93284607AB0DF0C8FBDDE9F4
:1089680009131B78FBB90846FBF71AFD0A2301E037
:108978003D4601232A4610210EE042F601034046F7
:1089880007A98DF81C60ADF81E300CF02DFD0028ED
:10899800C9D010232A46194620460DF0D7FB0020DF
:1089A8000CB0BDE8F08120460DF0F3FAF7E711208E
:1089B800F6E70420F4E70E20F2E700BF1D8F000061
:1089C8002DE9FF41036804460D46186801210EF0A1
:1089D80090F840B904F14C000DF0ADFBA0BB12209B
:1089E80004B0BDE8F08110220021684611F085F935
:1089F80021212046FFF73CFF029038B34FF00108D1
:108A0800009405F10C072B8A012B04D82046029903
:108A18000DF0BFFA18E038460CF070FC6B460146C2
:108A28000B4A06468DF80C800DF061FB9DF80C3062
:108A3800002BE8D00298FBF7B3FC324620212046F1
:108A48009DF80C300DF082FB0020C9E71120C7E724
:108A5800A76301002DE9FF41036804460D46186825
:108A680001210EF046F840B904F14C000DF063FB0B
:108A7800A0BB122004B0BDE8F08110220021684696
:108A880011F03BF90F212046FFF7F2FE029038B3B0
:108A98004FF00108009405F10C072B8A012B04D82C
:108AA800204602990DF075FA18E038460CF026FCBD
:108AB8006B4601460B4A06468DF80C800DF017FBF5
:108AC8009DF80C30002BE8D00298FBF769FC324681
:108AD8000E2120469DF80C300DF038FB0020C9E728
:108AE8001120C7E72B640100F0B51D460368044652
:108AF8000E4685B00121186817460DF0FAFF38B9FF
:108B080004F14C000DF017FB50BB122005B0F0BD6E
:108B180065B310220021684611F0EFF83946204667
:108B2800FFF7A6FE029018B3BDF828302946ADF825
:108B38000430012328468DF80C300E4A6B46009409
:108B48000DF0D5FA9DF80C3002995BB10846FBF799
:108B580027FC2A46314620469DF80C300DF0F6FADF
:108B68000020D3E720460DF014FAF9E70120CDE7FD
:108B78001120CBE72B6401002DE9F0410E8A044651
:108B8800043EF6B2022E08468CB001D0102E76D1E3
:108B980004210C300CF0A2FB0DF10408058847886D
:108BA800011D324640460CF04CFC002869D085B3C4
:108BB80077B3BD422DD8012160680DF09AFF0646B3
:108BC80078BB42F602038DF8000069464046ADF8CE
:108BD80002300CF009FC20B342F60303404606A914
:108BE8008DF81860ADF81A300CF0FEFBC8B1012DF5
:108BF80003D14FF6FF739F4213D004F14C000DF0E0
:108C08009AFA002814BF002012200CB0BDE8F081A9
:108C18003D4601232A46082120460DF097FA0020F8
:108C2800F3E7182200210DEB020011F066F8092184
:108C38002046FFF71DFE0890F8B101210C30CDE960
:108C480006480CF01BFB0023099003700A233946E1
:108C58008DF82C30284606AB0B4A0DF048FA9DF8E3
:108C68002C3008992BB10846FBF79AFB9DF82C305D
:108C7800D0E720460DF08DF9D1E71120C5E7042093
:108C8800C3E70E20C1E700BFD58F00002DE9F043F0
:108C98000F460446062187B007F10C000CF01EFBB6
:108CA8000588EDB1B0F80280B8F1000F17D045453E
:108CB80016D8002382888DF800308DF804304FF4E0
:108CC8002053684601A9D7F80C90ADF80220ADF8FA
:108CD80006300CF089FB064660B10A2301E04546E0
:108CE80001232A46062120460DF030FA002007B05D
:108CF800BDE8F0830146142201A83F7C10F0FDFF77
:108D080007212046FFF7B4FD0290D8B10A23414657
:108D18008DF81530284601AB0B4ACDE9036901945B
:108D28008DF814700DF0E3F99DF8153002992BB108
:108D38000846FBF735FB9DF81530D2E720460DF0C5
:108D480028F9D3E71120D2E7C18D00007FB5CB68A1
:108D580004461D888DB15E8876B1B5420DD81022C3
:108D68000021684610F0C9FF05212046FFF780FD65
:108D7800019058B9112007E0354601232A460421FD
:108D880020460DF0E3F9002004B070BD6B46314673
:108D98002846084A00940DF0AAF9DDE9011323B921
:108DA8000846FBF7FDFA0A23E8E720460DF0F1F83C
:108DB800E9E700BFB75F01002DE9F04342F6010380
:108DC800002591B0D2F8008006460F4600680BA92E
:108DD800D8F8049014468DF82C50ADF82E300CF0CD
:108DE80003FB00286DD04FF4205330680BA98DF891
:108DF8002C50ADF82E300CF0F7FA38B1A3681BB13F
:108E08005A88BA4200D25F80012010E061680846A3
:108E18000DF03DF8B8F82A20B8F81A309A4294BFF5
:108E2800C0EB0200C0EB0300032803D8002011B0F8
:108E3800BDE8F08308460CF0F4F905466168084679
:108E48000DF025F86B8A2A8AA3EB020C6B69EA6895
:108E5800D21AACEB0203B8F82AC0B8F81A20944525
:108E680094BFC0EB0C00C0EB0200834228BF03464E
:108E78006BB9887AFBF7ECF9002200230CF09EF915
:108E880005460028D2D0014660680CF0DBF90023C3
:108E980000933146D6F804801023484602AAC047FA
:108EA800061E0EDB227CE068964227D001460BA8FE
:108EB8000CF0C7FA40B9237C134A022113480BF07F
:108EC800F5FF0023A3609FE7F2B202A906A80CF001
:108ED800B8FA10B90E4A3346EFE706A90BA80CF00A
:108EE80083FA0028EDD100230421637405F10C00F6
:108EF8000CF0C4F9A0600780A36884E7324602A991
:108F080010F00AFFEDE700BF9FCB0100F0A20100BF
:108F1800BECB01002DE9FF414FF000084FF420536C
:108F280005460E46006802A9144617688DF80880A1
:108F3800ADF80A300CF058FAA0B142F601032868DF
:108F480003A98DF80C80ADF80E300CF04DFA48B13D
:108F580023691BB15A88B24200D25E80012004B056
:108F6800BDE8F081616828680CF03EFA10B1002372
:108F78002361F3E7E368A0681A786AB1B7F81AC002
:108F8800798D038A8C4594BFC3EB0C03C3EB0103B3
:108F9800934201DA0020E2E704210C300CF06EF96C
:108FA80020610680236929465E80074B019400935F
:108FB80038460023A2680DF069F90028EADB206929
:108FC800003818BF0120CAE7D76001002DE9F34730
:108FD800176805468946006851681446D7F804A002
:108FE8000CF002FA804600284BD1952229465046BB
:108FF8000DF00DFD0646207540B1E3681B780BB1F6
:1090080084F81480002002B0BDE8F0872946504655
:109018000DF0ACFD10B908232375F3E7A068267599
:109028000CF0FFF802210C300CF028F9164B2061E7
:10903800A0F8009000930194334629463846A26868
:109048000DF024F9002807DA10F1FF0F32BF0E20C7
:109058004042C0B22075D5E72369002BD2D0A06862
:109068000CF015FF7B8D7A8B9A4294BFC0EB0200FF
:10907800C0EB0300E3681B78984294BF00200120EE
:10908800C1E70120BFE700BFA75E01002DE9F0415D
:1090980082B000AF044688460022002339463B4888
:1090A80005F096FA0546B0B16D4688B06A46384B69
:1090B800CDE90534032342F8103F00234FF4C25191
:1090C8003448F9F7FDFDAD466FF00B06304608371A
:1090D800BD46BDE8F081FAF721FE2F4B29461A5804
:1090E8002E4B38681A60242210F007FE3B680022D5
:1090F8001C603C680023C4E90155C4E907552848A9
:10910800391D7D6005F064FA064688B123686C460F
:1091180088B06A462349CDE90513032342F8103F76
:109128004FF4C4512B461B48F9F7CAFDA546CBE7B7
:109138000146A022786810F0E0FD78681A4B836039
:1091480054300FF095FC7B684C33D3E8EF2FC3E81D
:10915800E16F0029F9D17B681C60E3697D681BB960
:1091680004F10C000FF084FCE26905F19803C5F8DE
:109178009820226AE36102B9236217227B685A8524
:109188005A830433C8F80030A0E700BFF004002079
:10919800DDCB0100F0A20100080000001020002033
:1091A8000C05002002CC0100E402002008B5437B36
:1091B800072B06D002210C4A0C480CF080FE002038
:1091C80008BD04210CF04FFE10B9094A0121F3E74C
:1091D80000F14803D3E8AF3FDB0701D4054AF5E7C0
:1091E80050F8040CECE700BF27CC0100F0A2010006
:1091F80035CC010077CA01002DE9F04F85B000AFEA
:10920800B860EFF31188202383F31288BFF36F8FC0
:10921800594C20460CF031FE2668054688F3118823
:10922800BFF36F8F00285FD0FBF71AF8182202FBF4
:1092380000F35249C81851F803A003690021D0E986
:109248000248FB6090F80490B0F806B010F055FDA5
:10925800A87AFAF7FDFF6969034659B16A7AD00717
:1092680006D4DA69284612687B60926890477B6862
:1092780000226A61294618460FF00DFCB9F1000F6B
:109288000DD064B1236853B11B6843B1BAF1000F24
:109298002ED0012153463A4A3A480BF007FE1EB336
:1092A8000020B9680FF0A9FC00281DDA6C468AB0C6
:1092B8006A46354B0593354BCDE906304FF40073BC
:1092C800ADF82030324B42F8103F00234FF41151D3
:1092D8002C48F9F7F5FC0023A54683F31188BFF362
:1092E8006F8F0323184602DF1437BD46BDE8F08FA1
:1092F800201D0DF0C6F84846FFF794F80528CED88B
:1093080001A353F820F000BF5793000029930000F1
:10931800A792000057930000A7920000299300002D
:1093280004F14C03D3E8AF3FDA0705D40121194A09
:1093380014480CF0C4FDB2E7236D002BAFD04FF4F6
:109348007022002304F1680005F00AFDA7E754F82D
:109358004C3B1D68D4E8AF3FDB07E7D5B8F1000FF9
:109368009DD0002403E02846F968C0470134A3B221
:109378009B45F8D893E700BFC01F0020C81F0020F6
:1093880050CC0100F0A201006FCC0100E2D901002D
:109398000400000177CA0100F8B50F461646FFF72A
:1093A80005FFB0B1C46920461CB150F8984904B112
:1093B800983C731C194638B1428B458DAA4228BF88
:1093C8002A469A4207D264B902210A4A0A480BF08F
:1093D8006DFD0020F8BD32463946BDE8F840FFF77C
:1093E80027B9D4F8985005B1983D20460B462C462D
:1093F800E2E700BF8ACC0100F0A2010007B50B46E6
:1094080000210246FAF78AFC01910E4909580E48D4
:109418000068884204D00D48D0F8B000884201D1D5
:109428000022134601A90A4805F0D2F8014638B9C6
:109438001C22019810F061FC019803B05DF804FB50
:109448000020FAE70800000010200020C8160020BD
:109458002805002010B50446806818B1FAF7A0FF67
:109468000023A3602146BDE8104001480FF02DBA43
:10947800280500202DE9F743044668300F4690463A
:109488001E460FF0F7FB206D50B90221144A15480B
:109498000CF015FD204603B0BDE8F04300F086B897
:1094A800114B98424FF0000317D045684360206D78
:1094B800D0F81890FFF7CEFF0023206823650DF041
:1094C80011F83DB12068CDF8009043463A46314640
:1094D8000068A84703B0BDE8F0831D46ECE700BF6D
:1094E800A5CC0100F0A2010014200020F7B550F827
:1094F800044C0546002C55D000F1940104F11C00E1
:109508000CF000FE2E1F05F15007002200233846FC
:1095180005F04EF9024658BBEB6C2BB101466FF0D3
:1095280067033046FFF7A6FF002345F8043C05F122
:109538004803D3E8EF1F21F00101C3E8E21F002A26
:10954800F7D1E36973BB04F10C060022002330460F
:1095580005F02EF978B9666886B921461248266062
:109568000FF0B3F9286803B0BDE8F04000F070BF11
:10957800FAF716FFC9E7FAF713FFE6E7A2683368B8
:109588009642636008BFA36077683FB1B3696FF024
:1095980067010093002320681A46B8473046FFF752
:1095A80059FFD8E703B0F0BDF004002010B5044619
:1095B8000430FFF79BFF132160680CF0BDFA0346E7
:1095C80030B1BDE810400121024A03480BF06EBCDF
:1095D80010BD00BFBCCC0100F0A20100F0B589B0FD
:1095E800044654F8683D00AF38461968FEF7DEFBBC
:1095F8006E4688B06A460B4BCDE905374FF40073C9
:10960800ADF81C30084B42F8103F00234FF4E251EC
:109618000648F9F755FB2046B546FFF7C7FF24373C
:10962800BD46F0BDDACC010003000001F0A2010044
:1096380070B550F8043C0446061F002B3BD039B1E6
:10964800C36C002B37D01B7CDA0734D505231CE00C
:109658000568284600F0E8FE6B7A012B2BD0E46CF5
:109668004CB3237CDB0726D5E368002BEED03046CD
:109678006269617CFEF7DCFF054668B9637C0121FD
:109688000D4A0E480BF012FC0E2300223046BDE8AE
:1096980070401146FFF7EEBEE368D4E9051298471B
:1096A80018B12846FAF77CFEEEE729463046FEF761
:1096B800F3FE0028F5D170BD06CD0100F0A201002F
:1096C800F8B51D460F461646FAF7CAFD1823044C8E
:1096D80003FB00400123C0E90376C3800575F8BD8C
:1096E800C81F002008B50FF03DFF38B1012103461F
:1096F800034A04480BF0DAFB6FF0040008BD00BF12
:109708002DCD010020A3010038B5054648B1154B01
:109718001A4613F8011C5C1E0CF07CFA58B120465E
:1097280006E011490F480DF017F878B10D4B581E97
:1097380038BD0020FCE72846217C04F111020CF01A
:1097480069FA0028F5D004F11000F1E7054B064945
:1097580003F110000DF000F80028EAD0014B03F1E6
:109768000F00E5E74920002024D9010070B50E4C10
:10977800054623780E46834203D1601C0CF0ECFFAB
:1097880068B9237BAB420CD1314608480CF0E4FFA2
:1097980020B10120404200F00C00204470BD0020A0
:1097A800F8E70020FAE700BF4629002053290020E7
:1097B80070B54A1C0C46054688B910460D490CF090
:1097C800CBFFA8B904F10A0604F10B025DB12846E3
:1097D800A17A0CF01FFA00B90026304670BD09784E
:1097E8000CF018FAEDE7104602490CF0B5FFF2E765
:1097F8002646F2E724D90100024608B50749013098
:109808000CF0BDFF00230C3202F8043CD2E8EF1F35
:10981800C2E8E03F0028F9D108BD00BF24D9010003
:109828002DE9F04180460F4616461D46FFF79EFF7C
:10983800044680B91249FFF799FF044630B9BDE8DC
:10984800F04101210F4A10480BF027BB394600F8B8
:10985800018B0CF094FF23892BB962892AB92681E0
:109868006581BDE8F0819E4204D36289AA42F8D29C
:109878009E42F5D263892681AB42F2D2F0E700BF5F
:1098880024D9010043CD010020A301002DE9F047B0
:10989800284B1646826807469A422BD1C568AB8A80
:1098A80043B34FF000086C1C05F11509B4F80730F4
:1098B8009BB12246304614F8011C0CF0ABF9E0B914
:1098C800214614F8010CFEF7F9F930B1437B072B58
:1098D80008BF48F00108FDF7B9FD0A344C45E5D149
:1098E800B8F1000F06D1AB69A5F8148013B1414651
:1098F800384698470120BDE8F08706F1700A5146BE
:10990800307A0BF0E9FE78B90B4B9D4202D1304614
:109918000CF0CDFF204609490CF031FF002304F874
:10992800013CA4F80730D8E7514620460CF027FF41
:10993800D3E700BF499900003403002024D901006F
:109948002DE9F8431E46BDF8203081460F46D1F870
:109958000C80002B45D1731E012B45D8012E4146A2
:109968000CBF15781588FFF723FF0446C0B915B951
:109978003046BDE8F8834146FFF71AFF044638B978
:109988001B4802211B4A0BF088FA6FF01000F0E721
:1099980009F1700101300CF0F2FE99F808302370DB
:1099A800D8F81C308BB92581B8F81430AB4203D0F5
:1099B800414638460CF0EAFE002DD9D10E49601C0C
:1099C8000CF0DDFE25702581D2E72A463946484647
:1099D80098470028CDDB01380128E4D96FF00D0045
:1099E800C7E76FF00600C4E76FF00C00C1E700BFDF
:1099F80020A3010062CD010024D901002DE9F04126
:109A08009846BDF818300646012B174635D843440A
:109A1800012B454634DCFFF777FE044668B9FFF7AB
:109A280073FE044648B90221184A19480BF035FA62
:109A38006FF010052846BDE8F081B8F1000F11D08D
:109A48000023217A21FA03F2D00703D53A78DA40C5
:109A5800D20718D50133032BF4D13B7803F0070361
:109A680019432172601C06F170010CF088FE337AEC
:109A7800204623700CF041FFDCE76FF00605D9E7BC
:109A88006FF00C05D6E76FF01205D3E77CCD010027
:109A980020A3010010B504461048D0E8EF3F23F09A
:109AA8000203C0E8E23F002AF7D1D0E8AF3FDA0767
:109AB80004D500220023303805F052F920460CF076
:109AC800B5FD50B12046FFF71FFE30B1037ADB0722
:109AD80003D5BDE810400CF010BF10BDD013002016
:109AE800012110B514480CF03FFEC30723D402210E
:109AF80011480CF039FE084007D11049104A0B886C
:109B0800104CA24211D300B10B800F490F480FF03F
:109B1800A5F84FF4A47200230C48FAF7D7FDBDE866
:109B280010400B490B480FF099B8506808320344AD
:109B38009BB20120E5E710BD682000205E290020C7
:109B4800D8A20100E8A20100B99D0000301300204E
:109B58000DA10000A013002003462DE9F04148B1F3
:109B6800008A38B901244FF0140C1149DFF844E099
:109B7800714501D3BDE8F081D1E90076BB4204D339
:109B88000CFB0672143A93420ED93444A2B214461E
:109B98000831EDE70CFB0578434507D0013562191C
:109BA800AE4292B2F6D1F2E70025F8E71046E1E7B7
:109BB800D8A20100E8A201002DE9F74F99464FF617
:109BC800FF73BDF830500746002D08BF1D46244BD3
:109BD80090461B88009183423CD203B0BDE8F08FC9
:109BE80073682344BB4232D29CB208361D4B9E4256
:109BF800F6D3F2E74046895801930BF0F5FB019B39
:109C080090B101340AF1010AA4B273685345ECD942
:109C1800009B9C42E1D8BC42F3D30BFB0AF23168AB
:109C28008B18B8F1000FE5D1B9F1000F0BD1013D48
:109C38001846ADB221460E9A0D9B9847002DCCD000
:109C48000028DED1C9E7DA689145DAD1EFE74FF0AD
:109C5800000ADAE701244FF0140B034EC6E700BFF1
:109C68005E290020E8A20100D8A2010030B5E5B0C5
:109C78001022002101A810F040F8182200210DEB55
:109C8800020010F03AF84FF41053ADF81430802366
:109C9800ADF816304FF48063244C1022CDE9073418
:109CA80001A962AB05A806F019FC0CAD034630B15A
:109CB8001F4A01211F480BF0F9F865B030BD014675
:109CC8004FF4AC72284610F018F822462846D5F80A
:109CD80058110FF044FC034608B1174AE9E72B4630
:109CE8004FF6FF710120154A0CF086FE1022284617
:109CF800134905AB0FF048FC0446D5F8580106F0A7
:109D0800AFFB14B10F4A2346D3E721460C4B03F1AE
:109D18001002187812F8014D0131082903F8014B97
:109D28001070F6D108480CF01FFDC6E70002C0030A
:109D3800A8CD010020A30100D1CD0100B566010026
:109D480020130020EFCD0100D01300202DE9F041B1
:109D580014490646A1F1300014461D46BDF8187096
:109D68000EF09BFF104BD3E8AF3F190701D4FFF764
:109D78007DFF3046FFF7C8FC50B1037ADA0707D5F4
:109D88000C30D0E8AF3FDB0702D402210CF0ECFC2A
:109D980010233A46069329462046BDE8F041034B76
:109DA8000CF018BD60130020D013002020130020F1
:109DB800034BD3E8AF3F1B0701D4FFF757BF7047EA
:109DC800D0130020002307B50193FFF7C5FE411CFF
:109DD80089B20846034A01AB0CF00EFE019803B0A5
:109DE8005DF804FB796601002DE9F04387B0437BF9
:109DF8008046072B0C46154602AF40F0A68000238C
:109E08003B7342F60303206807F10C01FB810BF05A
:109E1800EBFA0646002834D1D4F80490B9F1000FC3
:109E280005D101214B4A4C480BF037F88DE001234E
:109E38002146009007F10802C847031E11DA6D4653
:109E480088B002AAD36104234449C2E9051442F840
:109E5800103F4FF4015133463F48F8F731FFAD4604
:109E680073E0012B05D001213D4A3B480BF01EF859
:109E78006BE03B7A13F0300F67D02046FFF7A2FF64
:109E88000446002320683B7342F6021307F10C01D5
:109E9800FB810BF0A9FA18B12046FFF793FF04469F
:109EA800002642F60219206839463E70A7F802904B
:109EB8000BF09AFA18BB002320683B7342F6021392
:109EC80007F10C01FB810BF08FFA064600283CD104
:109ED800D4F80490B9F1000FA3D0022300902146D2
:109EE800404607F10C02C847031EA8DB022BBAD173
:109EF800BB8905EA0300003818BF012026E042F6B6
:109F080003032068391D3E71FB800BF06DFA0028B1
:109F1800D1D04FF42053206807F108013E727B81AD
:109F28000BF062FA0028C6D042F60103206807F158
:109F38000C013E73FB810BF057FA0028BBD020467A
:109F4800FFF740FF04460028ADD100201437BD4676
:109F5800BDE8F08305CE010020A3010019CE010061
:109F68003FCE01002DE9F8431546894694226968D9
:109F780006460CF04CFD8046002842D102223046AD
:109F88006968FFF731FF00283ED04FF470200021A8
:109F9800AF8AFFF733FA0237044680B11D211C4B04
:109FA80047613A464174C0F80C8043608561304689
:109FB800FFF7F2F9074638B92046FFF74BFA6FF07A
:109FC8000B052846BDE8F883012342464146FFF7C2
:109FD80077FBA98A07F10C0002310BF04FF920F842
:109FE800029BAA8A29690FF062FE21463046A760C3
:109FF8000CF0FFFA05460028E3D02046FFF72AFABE
:10A00800DFE74FF0FF35DCE76FF01505D9E700BF54
:10A018007F66010070B504460D468AB0364BD3E81A
:10A02800AF3F5A0761D510B1437B072B60D16E68EB
:10A0380030460596FFF790FD2A68ADF8180032B350
:10A0480005A902912D4900230191012100914FF6A4
:10A05800FF710593FFF7B0FD059E1EB96FF0010073
:10A068000AB070BD6E60002330688DF8103042F67B
:10A07800030304A9ADF812300BF0B6F970B90598CE
:10A08800C3689B799B0605D46FF01500E8E70028A4
:10A09800E9D1E3E70CF069FCADF81800BDF8180049
:10A0A8003CB1012301462A462046AB75FFF75AFF0B
:10A0B800D6E76FF07F0307930223ADF8203042F60E
:10A0C8000213ADF8123005ABAC7502930C4B4FF68A
:10A0D800FF710193012304AA0093234609958DF883
:10A0E8001040FFF769FD0798BAE76FF00A00B7E775
:10A0F8006FF07F00B4E700BFD4000020AD66010018
:10A108008DA20000034613B550F8082CA0F12001D9
:10A11800019200F13004D4E8EF2F22F00102C4E8E4
:10A12800E02F0028F7D10D4A002043F81C2C0C4AD8
:10A1380023F8080C43F8182C01AA43F8102C042221
:10A1480023F8060C23F80C2CFFF764FF18B902213A
:10A1580020460CF009FB02B010BD00BF60A9010049
:10A168009D9A00002DE9F84F90463D4B82680546C0
:10A178009A4200AF70D1D0F80C90D8F8004009F19D
:10A18800010609F1150AB6F80730F3B13246204640
:10A1980016F8011C0BF03EFDB8B14FF49572294634
:10A1A80020460CF034FC30B3032812D1EB4688B0BB
:10A1B8006A462C4BCDE9053542F8100F00234FF4C1
:10A1C800C4512948F8F77CFDDD460A36564543D088
:10A1D800D9E7052820460CBF4FF0030B4FF0020BC0
:10A1E8000BF012FD834506D998F804305B45ECD294
:10A1F80088F804B0E9E7494628460CF0C7FA1B4B33
:10A20800994529D1207A04F17001FFF7AFFA054684
:10A2180010B303890BB94389F3B12046FDF76CFAF3
:10A228002A89134B134923F820206A8903EB8003FA
:10A238005A80182202FB00110B6104230E4A2046A3
:10A248004A600E4A8B828A60FFF7E4FE20B1012142
:10A258000B4A05480AF021FE0120BD46BDE8F88FEB
:10A268004999000058CE010020A3010034030020C2
:10A27800422900203020002060A901000B6901005C
:10A288006CCE01002DE9F84F1446404B8268804699
:10A298009A423AD1D0F80C903D4B99451DD10026F1
:10A2A8003C4D28463C490CF057FA78B90722294614
:10A2B80015F8010CFDF758FD50BB236929461A69AA
:10A2C80015F8010C53881288FFF7AAFA731C022BA1
:10A2D8004FF0010605F10C05E3D109F1010709F179
:10A2E800150AB7F80720A3899A420BD1394617F8FF
:10A2F800010CFDF7E3FC064620B1437B072B0AD08F
:10A30800FDF7A4F80A375745EBD14FF0010B2AE0C7
:10A31800FDF79CF8DAE7D9F8203023B14146984791
:10A3280008B93046ECE79422414630460CF06FFB02
:10A3380083460028F5D1A389022B17D1B7F8073037
:10A348009A0720D530462269A188FFF70BFE0546FB
:10A3580018B92269937D013393753046FDF776F875
:10A36800002DA560CEDA5846BDE8F88F012B0AD13A
:10A37800B7F80730DB0706D530462269A1880CF00C
:10A3880081FB0546E9E75D46E7E700BF499900001C
:10A39800340300204729002024D9010013B50446BE
:10A3A800009001204FF6FF716B460C4A8DF80400AF
:10A3B8000CF022FB20460BF027FC9DF80410884285
:10A3C80009D220460BF0EFFB034620B10221044AD4
:10A3D80004480AF06BFD02B010BD00BF6DA100007B
:10A3E80089CE010020A301002DE9F0410D4B06465E
:10A3F8001B680F46904623B153F8044904B1043C46
:10A408000BB9BDE8F0811B681BB14246394630469E
:10A4180098472CB1656805B1043D23462C46EFE703
:10A428002546FAE76C20002013B504460090012069
:10A438006B46064A4FF6FF718DF804000CF0DCFA03
:10A44800002120460CF055FB02B010BD6DA10000A4
:10A4580070B5044603464FF6FF7101200D4A0CF013
:10A46800CBFA2046FFF750F9054688B104F170068B
:10A478003146207A0BF030F920B92846BDE8704003
:10A48800FFF7BAB93146681CBDE870400CF077B9DF
:10A4980070BD00BF959800007FB54FF4205200238F
:10A4A800ADF8162004AA02920A4A0120CDE900322A
:10A4B8004FF6FF7105AA04938DF81430FFF77CFB63
:10A4C800049B012B14BF6FF01500002007B05DF846
:10A4D80004FB00BF7D6B0100014608B505480CF080
:10A4E80062FB044B0028A3F1040314BF18460020A4
:10A4F80008BD00BFDC130020084B00F5B4701A68D3
:10A50800074BD0E8EF1F994204D1C0E8EC2FBCF10B
:10A51800000FF6D1D0E8AF0F704700BF741F0020BE
:10A52800D813002008B5FFF7E7FFB8B1036843B1B7
:10A53800426832B1826812B90B4A12783AB90420DB
:10A548000BE0094A127812B10BB1826842B942682D
:10A5580042B9002B14BF0020032008BD0320FCE7EC
:10A568000120FAE70220F8E7892A002008B501212E
:10A57800024A03480CF015FB002008BDBDCE0100BF
:10A5880068A301000221024A02480CF00ABB00BF7E
:10A59800D8CE010068A3010038B5002304461A4646
:10A5A800EC300D46FDF788FD58B1693004D1012122
:10A5B800064A07480CF0F5FA2846BDE83840F9F78E
:10A5C800EFBE2046BDE838400CF042BBA4CA0100EB
:10A5D80068A3010038B50446051D082128460CF07B
:10A5E80040FB084904F15700FCF724FD48B1082155
:10A5F80028460CF013FB04480121044A0CF0D1FA58
:10A60800082038BDEF6E010068A30100F1CE0100FB
:10A6180038B50546EC2200210FF06FFB102105F13B
:10A628002700FCF7C7FA044648B9052128460CF06C
:10A6380018FBFCF7F1FC034B1860204638BD0824D2
:10A64800FBE700BF7420002070B504460E4686B0B4
:10A65800FFF752FF04F137021146F368054603F18C
:10A66800100053F8046B834241F8046BF9D1237A44
:10A67800052B00F29580DFE803F017232303936A84
:10A6880002AB4B490093096804F1270304F1570012
:10A6980001F08CFA58BB0A21201D0CF0E2FAAB68D5
:10A6A8000299D4F8EC00984720460D210CF0D9FA0D
:10A6B800201D10210CF0D5FA20460CF001FB17E004
:10A6C80094F8DC10D4F8D83002ADCB40384903F008
:10A6D80001030095096843F0800304F157000CF06A
:10A6E800B6FC38B10121334A33480CF05AFA082035
:10A6F80006B070BD1022294604F117000FF00CFBBC
:10A7080008B10420F4E7032120460CF0AAFA0CF063
:10A71800D7FA0028EBD194F8DC300133DBB2142BE4
:10A7280084F8DC3009D10D2120460CF09AFA10216A
:10A73800201D0CF096FA0020DAE7102104F127001A
:10A74800FCF738FA003818BF0120C000D0E7102104
:10A7580004F12700FCF72EFA0028C8D135B3EB68BE
:10A7680023B3164BE27A1B8812F0010FADF80830BC
:10A77800A37C08BF0320DB0703D5002814BF0120F2
:10A78800022000238DF80900C4E93833201D0C216C
:10A798000CF067FAEB68D4F8EC0002A99847CAE70E
:10A7A8000121074A04480CF044FAA0E702209FE779
:10A7B800742000200ACF010068A30100ACA40100A6
:10A7C80023CF01002DE9F047044690B00CAD1022CC
:10A7D800002128460FF091FA237A052B34D8DFE8B8
:10A7E80003F0060303063323D4F8D8300C93D4F8C7
:10A7F800EC3004F1470204F1C707CDE9017204F116
:10A80800370803F17E0204F12709009241464A46BF
:10A81800773304F1970001F061F9F0B1454A01215D
:10A8280045480CF0BEF914E0D4F8E430002BDED033
:10A838002E4603F11007324618685968083303C2D8
:10A84800BB421646F7D1D2E701213C4A3A480CF000
:10A85800F0F9082010B0BDE8F087D4F8EC3008AE65
:10A8680003F177027E33019304F1110302920093FE
:10A8780042462B464946384603960CF00DFC08B173
:10A888002F4ACCE7237A052B0ED1D4F8E01011B368
:10A898000B46AC4601F1100E624618685968083339
:10A8A80003C273459446F7D1D4F8EC300DF1100A81
:10A8B80003F17E027733019304F10A0302920093B5
:10A8C8004A462B4641463846CDF80CA00CF0E4FB2E
:10A8D80030B11C4AA3E7102228460FF00EFAE3E72E
:10A8E8001022514604F1B7000FF016FAF8B90D21FD
:10A8F80020460CF0C6F907460028AAD010210C30D3
:10A908000AF0BCFC32460346164603CEAE42186037
:10A918005960324603F10803F6D139462046FFF75D
:10A928003BFE201D01210CF09CF9002092E70B2032
:10A9380090E700BF3FCF010068A3010023CF0100CB
:10A9480054CF010077CF010073B5047A0546022C75
:10A9580023D844B190F8DC30D0F8D840DC4004F07B
:10A96800010444F08004032128460CF08AF90646C5
:10A97800D8B110210C300AF081FC0090124823460F
:10A98800006805F1270205F157010CF060FB044649
:10A9980080B13046F9F704FD07E0032C08D0012107
:10A9A80023460A4A0A480CF044F9082002B070BD50
:10A9B8000024D8E731462846FFF7EEFD281D21463A
:10A9C8000CF02CF92046F1E77420002023CF010079
:10A9D80068A3010070B5061DCD6804460B213046FA
:10A9E8000CF01CF92B4604F1170205F1100153F87D
:10A9F800040B8B4242F8040BF9D1237A012B09D0BE
:10AA0800022B13D1204604210CF02BF9BDE870402D
:10AA1800FFF79ABF0A2130460CF0C5F80028F1D09C
:10AA2800304600210CF01DF9002070BD03480121BB
:10AA3800034A0CF0FEF80820F7E700BF68A30100FE
:10AA480023CF0100F7B50446FFF756FD261D05463E
:10AA58000E2130460CF0A7F878B94E4B2022196821
:10AA680004F157000FF058F938B902214A4A4B4807
:10AA78000CF097F8082003B0F0BD0C2120460CF02C
:10AA880000F907460028F5D040210C300AF0F6FB03
:10AA9800404B02461B68014603F1200053F804CBE3
:10AAA800834241F804CBF9D1203203F1200153F855
:10AAB800040B8B4242F8040BF9D139462046FFF7C4
:10AAC8006BFD237A052B5DD8DFE803F003491A03F1
:10AAD8005C59042120460CF0C4F8FFF735FF002824
:10AAE800C8D1304607210CF0BCF80820FFF7F4FC69
:10AAF80000284DD1204603B0BDE8F040FFF76ABDFD
:10AB08002046D4F8EC70FFF7F7FC04214FF0FF3330
:10AB180005460DEB01000193FCF74CF80028A9D17C
:10AB2800019B1F4A84F8DC00B3FBF2F102FB1133EE
:10AB38000193C4F8D83055B12B6843B10B21304686
:10AB48000CF08FF838462B68D4F8D81098470321B2
:10AB580020460CF086F80E210CF083F8C1E7204659
:10AB680003210CF07EF80E210CF07BF830460A2108
:10AB78000CF077F86B68D4F8EC009847B1E704213B
:10AB88002046E9E70121074A04480CF052F871E72A
:10AB9800002070E7742000209BCF010068A301000B
:10ABA80040420F0023CF010070B505460E4605F15F
:10ABB8005704FFF7A1FC2246F36803F1200153F87C
:10ABC800040B8B4242F8040BF9D105F1770203F12B
:10ABD800200153F8040B8B4242F8040BF9D12046AC
:10ABE800FCF782F9F0B103211C4A1D480BF0D9FF8C
:10ABF800281D0E210CF035F8D5F8EC40D4F8A40047
:10AC080038B9207A04F1700100F0BEFEC4F8A4003F
:10AC180098B1438A03F024037BB1437C9B070CD48F
:10AC2800032070BD2046FCF76BF930B90C480221AF
:10AC38000C4A0BF0B6FF0B20F3E70B4B1C682CB942
:10AC4800281D06210CF00DF82046EAE72846FFF7F4
:10AC5800F9FE003818BF0120C000E2E7B6CF0100B6
:10AC680068A30100D7CF01007420002038B504463E
:10AC78000D49A0F1EC054C300DF0F0FF28460CF022
:10AC880083F80A4A04F17C03D3E8EF1FC3E8E02FF6
:10AC98000028F9D14FF0FF338034D4E8EF2FC4E80F
:10ACA800E13F0029F9D138BDDDB70000D8130020F5
:10ACB80080B500AF88B06A46074BCDE9053003235D
:10ACC80042F8103F00234FF4C2510448F7F7F8FF49
:10ACD8006FF00B00BD4680BDF3CF010068A30100F3
:10ACE80008B5074AD2F8EC302BB90648EC32506068
:10ACF80018460A6008BDFFF7DBFF6FF00B00F9E7A5
:10AD0800D8130020D8A901002DE9F04188B00646E3
:10AD18000B4600AF0D2104300BF045FF90B3DD6802
:10AD2800D6F8EC30022003F170084246197A0CF08C
:10AD380054F90446E0B941463846F9F73DFC6E46F9
:10AD480088B06A46124BCDE905374FF40073ADF869
:10AD58001C30104B42F8103F0F4823464FF4E25185
:10AD6800F7F7AEFF0820B5462037BD46BDE8F081AD
:10AD78002B462E3405F1100253F8041B934244F875
:10AD8800041BF9D1304609210BF06BFF0020EBE7DB
:10AD980018D001000300000168A3010038B5134B67
:10ADA80005461B78E3B101F00F042846FFF7BAFB0C
:10ADB8000F4B03281B780CBF04F00B0444F0040469
:10ADC80005F5B670D0E8EF2F013203D1C0E8E13FB6
:10ADD8000029F7D1D0E8AF3F2BB144F0010038BDCE
:10ADE80001F00704E1E704F0FE00F8E7892A0020F3
:10ADF8009D040020F8B50D460446D0F8EC70FFF726
:10AE08007BFBED68EB78102B01D00620F8BDD7F856
:10AE1800A430002B73D0261D0F2130460BF0C3FE43
:10AE280020B92046FFF7F4FB002871D10123637293
:10AE38002B682046C4F80A30AB88E38102232374C8
:10AE4800A978FFF7ABFFE0742046FFF76BFB1023F0
:10AE5800607423752B7903F0030363756B7903F032
:10AE68000103A375E37C1A0754D4052130460BF07F
:10AE78009AFE00285CD0574B1B78A374E37C980695
:10AE880006D5AB78990603D5142130460BF0E9FEB8
:10AE9800E37CDA074ED5AB78DB074BD50D2130467E
:10AEA8000BF0DFFEA37D032184F8E830637D304694
:10AEB80084F8E9300BF0D5FE237BE17C2D7803EA9A
:10AEC8000102100704D5E27AA07C0243D20735D4E8
:10AED800042D35D80B4313F0040307D02046FFF7A1
:10AEE80021FB3D4B05EB85052B441B5C237220465B
:10AEF800D7F8A4100BF05DFE20BB032086E7387A54
:10AF080007F1700100F040FDC7F8A400002882D1C5
:10AF180008207BE7AB781B07A7D5052130460BF047
:10AF2800A0FE637D03F0020363750023A3759CE70D
:10AF38002A4BA1E700236375A375B3E70523D5E77B
:10AF48000023D3E7D4F8EC309B7A032B33D022D8F4
:10AF5800013B012BDCD8052130460BF024FE0028EC
:10AF6800CBD00C2120460BF07CFE02210BF089FE91
:10AF780005460028CCD006210C300AF07FF9D4F819
:10AF8800113029460360B4F8153083802046FFF756
:10AF980003FB00203AE7042BBAD1237D627B93425E
:10AFA80028BF1346102B7FF430AF052130460BF035
:10AFB800FAFD0028A1D0237A002B9ED00521304627
:10AFC8000BF0F1FD0028C6D1237A013B012BC2D832
:10AFD80093E700BF8B2A00201EDA01008A2A00208E
:10AFE8002DE9F041C7780446012F04D06FF015040D
:10AFF8002046BDE8F0810BF01EFE0546002800F053
:10B00800A980061D042130460BF0CDFD002840F034
:10B01800A480032130460BF0C6FD10B16FF00F0479
:10B02800E6E7394630460BF0BEFD0028F6D1284643
:10B03800FFF762FAD5F8EC3007469B7A032B40D02D
:10B0480030D8013B012B46D90F21201D0BF0ABFD59
:10B058000028CBD1D4F8A40090B904F170073A467F
:10B068002020217A00F0D0FCC4F8A40040B93A4668
:10B078000420217A00F0C8FCC4F8A4000028B5D048
:10B08800438A13F0240FB1D0A27A022A23D9417C33
:10B09800C907ABD5032A1ED09B06A7D5037C102B66
:10B0A800A4D118E0042BCFD12846FFF73BFA032898
:10B0B80004D1002FC8D0FB68002BC5D0284B1B78C3
:10B0C80007E02846FFF72EFA032804D1002FBBD04B
:10B0D800FB68002BB8D0D4F8A4303BB12846FFF762
:10B0E80097FA044670B16FF0680481E7207A04F19A
:10B0F800700100F049FCC4F8A4000028EED16FF0FC
:10B108000B0475E70B2128460BF0BBFD074600280A
:10B11800E9D001210C300AF0B1F80921804628460F
:10B12800FFF73CFE2346224688F80000394605F121
:10B13800EC00FCF7C1FF044618B13846F9F730F9BE
:10B1480056E730460F210BF08CFD012128460BF005
:10B1580088FD4DE76FF07F044AE76FF0040447E786
:10B16800892A0020F8B5D0F8EC400546D4F8A43078
:10B17800061D002B3DD102213B4A3C480BF011FD36
:10B1880007213B4B5F5CD4F8A4304BB11B7C002BF0
:10B1980060D1D4F8A4000BF034FF0023C4F8A43025
:10B1A800022130460BF0FFFC48B9072F94BF314B02
:10B1B8001F213A46204698BFD95DFCF72BFD032195
:10B1C80030460BF0F0FC10B32B4B1B68FBB153F867
:10B1D8000C6906B10C3ED3B15B6813B13946204601
:10B1E8009847002E3DD0F26802B10C3A3346164615
:10B1F800F1E749BB0D2130460BF0D5FC1E4B074645
:10B208001B6823B153F80C6906B10C3E73B9284684
:10B218000BF0BAFD637B072B25D1627AA37A9A4299
:10B2280021D02046BDE8F840FFF7DABE1B6813B10D
:10B238003946204698472EB1F26802B10C3A334697
:10B248001646E3E73246FAE70139C9B20E2998D91A
:10B25800092798E7022130460BF0A5FC002898D171
:10B268009EE73246C2E7F8BD32D0010068A301006C
:10B278000FDA0100FED901006C1F0020F8B5031D8C
:10B2880006460F46184602210BF08DFC044620B1F5
:10B29800B6F8E840B4FA84F46409032118460BF0C0
:10B2A80082FC80B139463046FFF75CFFC4B1022109
:10B2B80019481A4A0BF075FC0521D6F8EC000AF07B
:10B2C8003BFC0020F8BD012118460BF06CFC00285F
:10B2D800E8D10F2118460BF066FC0028E2D1E5E71B
:10B2E800052130460BF0CDFC054688B101210C3014
:10B2F80009F0C4FF234607702246294606F1EC00F0
:10B30800FCF7DAFE0028DCD02846F9F749F8D8E738
:10B318006FF06800D6E700BF68A301005CD00100A9
:10B32800114B10B5044618604FF0FF324FF0FF3351
:10B338000E4803F07BF90E4803F018FD0B4803F0A4
:10B34800E7F91CB9BDE81040FFF71CB9094CD4E86F
:10B35800AF3F5B0607D5201FFFF774FB18B1082124
:10B36800201FFFF78BFF10BD74200020580300201A
:10B378006C030020DC1300202DE9F3410B8A0446FE
:10B388000E4643B901212D4A2D480BF00AFC002036
:10B3980002B0BDE8F081012106F10C0009F09EFF22
:10B3A800A4F1EC05E83C0746042120460BF0FBFB22
:10B3B8003B7828B1234A022121480BF03AFCE6E702
:10B3C8000E2B01D9204AF6E7DFF8808058F83320A1
:10B3D8004AB902211E4A1A480BF02BFC07212846BD
:10B3E800FFF74CFFD3E7194628460BF0BAFC3B7829
:10B3F80060B902211248174A0BF01BFC03212046B2
:10B408000BF0D1FB0028C2D00821E8E708EBC30104
:10B41800328A0979914208D00121009308481346DD
:10B428000D4A09F04DFD0A21D9E73146284658F85A
:10B438003330984701460028A9D0D0E7B4D001009E
:10B4480068A30100CFD0010000D1010000AA0100CB
:10B4580022D101003CD1010080CB01002DE9F04F41
:10B4680099B090F8E930D1F80C8023F0020380F805
:10B47800E930D0F8EC6098F80030054600AF06F1E6
:10B488007009002B3BD098F8063003F0C003C02B9E
:10B4980035D041463846F9F78FF86E4688B06C4685
:10B4A8004FF4007A6D46604BDFF88081CDE90537AF
:10B4B800ADF81CA045F8108F00232A464FF4E2513E
:10B4C8005B4807F1200BF7F7FBFB4946B5465846A2
:10B4D800F9F772F8A546574BA4F81CA0C4E9053B38
:10B4E800C4F81080524800232A464FF4E251F7F777
:10B4F800E7FB0A20B5466437BD46BDE8F08F072252
:10B50800414648460EF008FC68B14146307A00F0E2
:10B51800D3FA044638B1014628460BF04AFB48B333
:10B5280020460BF06EFD0D21281D0BF03CFB00287A
:10B5380068D04A460220317A0BF04FFD0446D8B94C
:10B5480007F1400549462846F9F736F86E4688B0AF
:10B558006A46394BCDE905354FF40073ADF81C3018
:10B56800324B42F8103F4FF4E25123463048F7F788
:10B57800A7FBB5460820BEE7F378002B3CD106F1BF
:10B588007E03187801282BD19A7902F0C002402A4C
:10B5980026D1D3F80120C4F83E20B3F80530A4F82A
:10B5A800423096F87030DBB196F8763003F0C0037D
:10B5B800C02B15D0214907F14002C7E91098BC6497
:10B5C800FCF754F8D8F800303046C4F80130B8F821
:10B5D8000430A4F8053098F80630E371FCF7EAFA6D
:10B5E80000212046FAF73CFE48B111480221144ACE
:10B5F8000BF0D7FA03207EE706F17703C1E7204670
:10B60800FAF740FE95F8E9305B0703D50A2128468A
:10B618000BF027FBB5F8E81009B100206BE72846C6
:10B62800FFF7A0FDF9E700BF57D1010003000001B3
:10B6380068A30100D5D1010018D00100C76D010031
:10B648006BD101002DE9F0410E460446D0F8EC809C
:10B65800FEF752FFF6680546337801210F48104A75
:10B66800271D0BF0E6FA0A2138460BF07AFB38B1B1
:10B678006DB920463178FFF775FD0020BDE8F081EF
:10B688000B2138460BF06DFB0028F1D1F1E72B694F
:10B69800002BEED040469847EBE700BF68A30100B7
:10B6A800A6D101002DE9F04389B00546A0F1E806CE
:10B6B8000446884600AF0121304655F8EC990BF056
:10B6C80050FB38B3B8F1000F19D0032130460BF006
:10B6D8006AFAF8B14046F9F797FD0138C0B2082870
:10B6E8008CBF0024374B4FF0020198BF1C5C3046DA
:10B6F8000BF0B7FA21462846FFF734FD0AE099F81F
:10B708000B303BB1032130460BF04DFA30B92846D7
:10B718000BF03AFB2437BD46BDE8F08305213046DF
:10B728000BF041FAB8B114F8043C1B0707D514F81C
:10B73800033C180703D5112130460BF092FA14F890
:10B74800043C23F0080304F8043C14F8033C23F0F9
:10B75800080304F8033C14F8033CD90710D5062164
:10B7680028460BF07EFA022130460BF07AFA21685F
:10B77800D1F8A46066B134F8041C0029CAD1BAE72C
:10B788009A0701D50821EBE75B07ECD50A21E7E723
:10B7980038467031F8F710FF6D4688B06A460A4B94
:10B7A800CDE905374FF40073ADF81C30074B42F86C
:10B7B800103F4FF4E25133460548F7F781FAAD469A
:10B7C800A8E700BF06DA0100C8D1010003000001A4
:10B7D80068A3010037B5A0F59C75A0F59A74D4E864
:10B7E800AF3FD5E8AF2F012100920748074A09F07B
:10B7F80067FB28460821FFF7B5FC0421204603B063
:10B80800BDE830400BF02DBA68A30100DDD101007E
:10B818002DE9F04389B000AF04460BF00CFA054659
:10B8280080B3061D032130460BF0BDF950B3D4F8A0
:10B83800A40008B10BF0E5FB04F170094946207A31
:10B8480000F0A2F88046C4F8A400F8B94946384682
:10B85800F8F7B2FE6E4688B06A46414BCDE9053727
:10B868004FF40073ADF81C303E4B42F8103F4FF4D4
:10B87800E2513D484346F7F723FA0821B5462846E2
:10B88800FFF7FCFC2437BD46BDE8F0830E213046A7
:10B898000BF089F928B1D4F8A420537C43F00203B3
:10B8A80053742B7A032B0DD8002B4DD1D4F8A42038
:10B8B800537C23F020035374D4F8A420537C23F042
:10B8C80001030DE0053B012BF0D8D4F8A420537CEC
:10B8D80043F020035374D4F8A420537C43F00103AD
:10B8E80053742B7D697BD4F8A4208B4228BF0B4668
:10B8F8003046137405210BF056F9D4F8A420537C74
:10B9080048B343F010030D21304653740BF04BF944
:10B918000028B7D02021D4F8A4000BF06EFBD4F88F
:10B92800A43005F147021E33573552F8041BAA42CA
:10B9380043F8041BF9D10023D4F8A4205361936180
:10B94800D4F8A42093839DE7052130460BF02BF90A
:10B958000028ABD0BFE723F01003537492E700BF71
:10B9680018D001000300000168A30100012208B5F6
:10B97800034B04481A70FBF705FB002008BD00BF05
:10B98800892A00207403002070B5054611480C462A
:10B9980003780126AB4204D1072230440EF0BCF9EB
:10B9A800A0B12EB107220C490C480EF0B5F978B9B0
:10B9B800084A134603F8015B2168C2F80110A18800
:10B9C8009980A179997140F21123D360014870BD23
:10B9D8000020FCE77820002024D9010079200020ED
:10B9E800F8B5164604460D460022064F7B8A2340CA
:10B9F80002B1F8BD002BFCD031463846A8470122D9
:10BA0800F4E700BF7820002070B50B4C0D46638A20
:10BA1800114603404FF00006227808D0954204D121
:10BA28000722601C0EF078F918B1304600E018467D
:10BA380070BD2046FCE700BF78200020F8B50B78E1
:10BA48000646012B0C4601D00020F8BD8B7903F087
:10BA5800C003402BF8D1154D002329466F8A11F8F1
:10BA68003E2BBF0704F1010006D5B24204D10622DD
:10BA78000EF052F9B8B10023002BE5D16B8A9B0771
:10BA8800E2D52B78B342DFD1661C3146084809F06D
:10BA980081FC0028D8D0D4F80130C5F83E30B4F87D
:10BAA8000520044B9A800148CFE700BF782000208A
:10BAB800A6200020B620002010B5074C237883422A
:10BAC80008D10722601C0EF027F900280CBF204679
:10BAD800002010BD0020FCE7782000202DE9F0436D
:10BAE8008446894616462F4C9BB01D46DDE92387C0
:10BAF8000CAB04F1300E1A4620686168083403C2A2
:10BB080074451346F7D1206861461060227904A86D
:10BB18001A7120220BF083FA6B462022224804A9CE
:10BB280000F072F80446C0BB102249460DF13500FA
:10BB38000BF075FA102231460DF145000BF06FFA43
:10BB4800294611F8013B06220DF156008DF85530B3
:10BB58000BF065FA2299062211F8013B0DF15D0000
:10BB68008DF85C300BF05BFA4346352268460CA929
:10BB780000F04AF8044680B940460BF05AFA01230F
:10BB880035228DF8303068463B460CA900F03CF869
:10BB9800044610B938460BF04CFA20461BB0BDE8F5
:10BBA800F08300BFAEA4010037DA010070B50E467D
:10BBB8001D46144698B00146202204A80BF02FFA1F
:10BBC800202231460CA80BF02AFA1022294614A884
:10BBD8000BF025FA1022214668460BF020FA6B4636
:10BBE8005022684604A900F00FF840B9039B054AA3
:10BBF8001BBAB3FBF2F102FB11331C9A136018B0A5
:10BC080070BD00BF40420F002DE9F0418EB00746DD
:10BC18000C4615460021182208A81E460EF06DF89D
:10BC28004FF41053ADF81C308023ADF81E304FF49C
:10BC38004063DFF854801022CDE90938394605AB56
:10BC480007A804F04BFC034648B1104A10480121EC
:10BC580009F02CF96FF004000EB0BDE8F08106ABD6
:10BC68000293102322464146CDE9006305982B46EE
:10BC78000DF0B7FC0446059804F0F2FB2043EBD026
:10BC8800044A2346E2E700BF0002C00363C4010080
:10BC980008A3010025D20100F8B504260D4607695E
:10BCA800374438462A8AE968F6F730FA10F10C0F5B
:10BCB800044608D000280CDA0849224608480BF048
:10BCC8003FFA2046F8BD4B200CF07DFD013EE8D13F
:10BCD800F2E72846F8F764FB0024F2E73ED20100B9
:10BCE80030A301002DE9F04F1746D2F810A00278D2
:10BCF8000646042A0D4685B001F1FF330BD0052A0C
:10BD080000F09C80022A6AD06F49704805B0BDE8EF
:10BD1800F04F0BF015BA012B09D8022200926C4A99
:10BD280001216A4809F0CCF805B0BDE8F08F4378E6
:10BD38003E2B35D190F803B0ABF10203D3F1000BE1
:10BD48004BEB030BB6F80120EB1EB3EB122FADF84B
:10BD58000C204FEA122529D1BBF1000F23D04FF058
:10BD680000084FF0000942464B4659469DF80C0022
:10BD7800F8F71EFD0446E0B100F10C08022203A901
:10BD8800404609F081FA228A638A61699B1AE2684F
:10BD9800521A9B1A9D4215D94E4A00932B463DE0F4
:10BDA8004FF0000BCEE74FF4A028DAE74A4A009597
:10BDB800B6E7BBF1000FB7D10221484A434809F062
:10BDC8006CF8D0E72A46F11C404609F05DFA214696
:10BDD8003846DAF8003005B0BDE8F04F1847032BB5
:10BDE80003D8042200923E4A9AE700220023082042
:10BDF800F8F7C2FC0446C8B1D6F8013000F10C08C7
:10BE08000422404603A9039309F03EFABDF80E3018
:10BE1800053D9D424BD000932B46324A01212B48C9
:10BE280009F04EF82046F8F7BBFA7DE701212E4AC3
:10BE3800264805B0BDE8F04F09F02FB8032B03D80A
:10BE480004220092294A6BE7002200232020F8F7F9
:10BE580093FCDFF89C900446B8B1D6F8013000F1A5
:10BE68000C080422404603A9039309F00DFA0023A5
:10BE7800C9F80030BDF80E30053DC3F30D039D42EF
:10BE880015D01C4A00932B46C8E76421D9F8002036
:10BE9800B2FBF1F301FB13231BB917490B480BF055
:10BEA8004FF9D9F800300133C9F800303CE7228A4D
:10BEB800638A61699B1AE268521A9B1A9D423FF68F
:10BEC8006BAF2A46711D7FE7F2D3010030A3010052
:10BED80056D20100E6D2010082D20100B1D201009F
:10BEE80009D301004DD3010033D301007AD30100F7
:10BEF800BC200020C4D30100A4D3010070B505699B
:10BF080000200E4600F060F8044630B1024615499C
:10BF180015480BF015F9204670BDA86BF6F768F8C0
:10BF2800044628B110F1780F02D010490246EFE715
:10BF3800A86B05F10C02291DF6F79AF8044610B112
:10BF48000B490246E4E74FF48032002305F128004C
:10BF580002F094FC044610B106490246D8E72E6068
:10BF6800D9E700BF06D4010030A301002BD401009B
:10BF78005BD401007FD4010038B50569281DF6F7A8
:10BF880099F8044630B102460B490C480BF0D8F832
:10BF9800204638BDA86BF6F74BF8044610B108499F
:10BFA8000246F2E70BF0D1F8044610B10549024603
:10BFB800EBE72860ECE700BF9FD4010030A3010045
:10BFC800CAD40100EED40100102208B5034B0120A9
:10BFD800C3F84024F8F7C8FA002008BD0030005024
:10BFE800084B70B5C31A0D4607499B1004465943C0
:10BFF800402206480BF0B8F82B4601462046BDE81B
:10C0080070401847D4200020B76DDBB6289F010088
:10C01800402373B50B4C0093041B0B460D460A498D
:10C02800A41061430646094A09480BF0C9F80146BD
:10C0380028B130462B4602B0BDE87040184702B020
:10C0480070BD00BFD4200020B76DDBB6357201008B
:10C05800289F01002DE9F843002201210746052009
:10C06800F7F768FD114801F0FDF80446C0B901F082
:10C078002DF925464FF01C094FF00C083E690C4974
:10C0880009FB056008F008FC031E0CDB012308FB14
:10C0980005661D44042DB367F0D12046BDE8F8833A
:10C0A8006FF00404F9E71C46F7E700BFE5C100009C
:10C0B80078AA01001FB5002201236C46CDE90223AE
:10C0C8006B46074ACDE900440BF0A9F828B94FF4AC
:10C0D80080420023684602F0D1FB04B010BD00BFC7
:10C0E8005F72010010B5EFF31184202383F31288E7
:10C0F800BFF36F8F074A136823F00201DB07116053
:10C1080002D401200BF048FA84F31188BFF36F8F33
:10C1180010BD00BF742100200C22104B014602FB09
:10C128000033002030B4D3E91C521867EFF31180B4
:10C13800202484F31288BFF36F8F9C6F04F0C0042F
:10C1480044F002049C6780F31188BFF36F8F1DB120
:10C158002B4630BC0248184730BC7047D42000201A
:10C16800289F010010B4EFF31180202282F3128877
:10C17800BFF36F8F17490B6843F0020413F00103F4
:10C188000C601AD04FF05023D3F80C14D3F80C34A9
:10C1980013F0010311D0EFF3118182F31288BFF37A
:10C1A8006F8F0D4A936F03F0C00343F00203936748
:10C1B80081F31188BFF36F8F012380F31188BFF3D8
:10C1C8006F8F1BB1002010BCFFF7A6BF012010BC69
:10C1D8000BF0D3B974210020D4200020092813D8EB
:10C1E800DFE800F005101212121212120E0C074BA3
:10C1F800986F10F0070007D1FFF78EBF0220FBE70A
:10C208000320F9E70120F7E7704700BFD42000209A
:10C218002DE9F041012280463749D1E8EF3FC1E8D6
:10C22800E02F0028F9D133B9344935484B60CB6049
:10C238008A6008F044FB08F1FF33012B4FD8B8F1AE
:10C24800010F07D14FF05023D3F81C3403F0030338
:10C25800022B44D00CF059FD054658B1EFF3118676
:10C26800202383F31288BFF36F8F01254FF05024EA
:10C27800244F22E0244B1B78002BEFD04FF05023A3
:10C2880002220646C3F80823F0E755B3304608F003
:10C2980046FFD4F81835DBB2012B0ED1D4F80421AF
:10C2A8005AB10022C4F80421D4F804210222C4F8A7
:10C2B80018252022C7F88021A360D4F81824D4F8C0
:10C2C8001834D203E1D503F00303022B02D0B8F1EE
:10C2D800010FDAD155B186F31188BFF36F8FBDE82E
:10C2E800F081002121200CF0D3FDD2E74FF050233C
:10C2F8000222C3F80423F2E7D0200020C020002047
:10C30800F020002000E100E08E2C002008B507484E
:10C318000CF075FA38B10648F7F760FF0448F5F7EE
:10C3280053FD002008BD6FF01200FBE7B49F010029
:10C338003DC300000A2838B50446074D04D1AB6850
:10C348000D2128465B689847AB6803485B68E1B2F3
:10C358009847204638BD00BFB49F01002DE9F0433F
:10C3680040F206364768D00648BF4FF0030C3B7CC6
:10C3780002EA060658BFC2F3401C87B001F01F0549
:10C38800B6F5837F144645EA43158DF803C043D0BC
:10C398000DD8062E16D005D8A6B1022E3ED06FF0C5
:10C3A800150036E0B6F5807FF9D101260AE040F2A3
:10C3B8000222964234D0B6F5407F33D0B6F5007FDE
:10C3C800EDD1022622032FD501237A688B40936092
:10C3D800B86890BB05F01F036D092CD0012D75D1ED
:10C3E8003C4A02EB8302C4F30043D2F8001283F004
:10C3F8000103C4F3404444EA430421F4706144EA6D
:10C408008C0421F00F0144EA06230B43C2F80032E2
:10C41800002007B0BDE8F0830726D3E70426D1E75C
:10C428000526CFE70326CDE7630341BF01237A68DA
:10C438008B40D360CCE7284AD3E729460DF10202A6
:10C448000BF069FB14F4403F80460CD12946B868CC
:10C458000BF07AFBB8F1000FDAD19DF80210B8683A
:10C4680001F04CF9D4E74FF0000901ABCDE901998F
:10C47800CDE90439CDF80C902946B86803AA0BF029
:10C488001FFA4845C4DB14F4003314D09DF8033078
:10C49800C4F3004484F001048DF80E308DF80C606C
:10C4A8008DF80D404B462946B86803AA0BF0BBFA35
:10C4B8000028CFDAACE7CDE904330DF10303039389
:10C4C8002946B86803AA0BF0FBF9F1E7803350F866
:10C4D8002330FFDE0028845000258450420903469B
:10C4E80070B502D0012A17D070BD0D4E326951685F
:10C4F8000029F9D0012503F01F030C689D4000298D
:10C50800F2D08A682A4002D030464B6898472CB14E
:10C51800236821461C46F2E7024EE7E72346F8E780
:10C52800609F0100449F010038B54568A86890B134
:10C538000BF004FB014670B9A86801F0ADF8044699
:10C5480058B902460649A8680BF0E2FA22460521C6
:10C558000D20F7F7EFFA002038BD6FF00400FBE775
:10C56800E5C40000F0B544681646A068227C01F0D6
:10C578001F0587B045EA421500286CD0B6F5001FA4
:10C5880004D129460BF032FB002055E06268607C3C
:10C59800B6F5800F50624FF0000001AA019050607C
:10C5A80037D1B3F1007F14BF052304238DF804307D
:10C5B8000023CDE904230393E3680DF1030723FA6D
:10C5C80001F111F0010139D1B6F1A07F36D105F0A2
:10C5D8001F036A0903F1800326D0012A3ED1214AAC
:10C5E80052F82330DB0729D43A462946A0680BF0D5
:10C5F80092FA16301AD002972946A06803AA0BF0BF
:10C608005FF9002818DB01222946A0680BF09EFA82
:10C61800BAE7B3F1C06F05D0B3F1007F14BF0123AF
:10C628000223C3E70323C1E70F4AD9E73946A068C5
:10C6380001F06EF80028DEDA07B0F0BD3A46294668
:10C64800A0680BF068FA0028D6D19DF80310A068FE
:10C6580001F054F8D0E76FF08500EDE751F823308A
:10C66800FFDE00BF002884500025845010B5044622
:10C678000269A2B02049C2F88000002001F03CF90C
:10C68800002201212A20F7F755FA64688422002144
:10C6980001A80DF032FB6368B3F5803F04D3022193
:10C6A800164A174808F0F9FB2368B3F5803F04D30E
:10C6B8000221144A124808F0F0FB002301202193BC
:10C6C80001AA61680432D940C90744BF00FA03F1DE
:10C6D80042F8041C2168D940C90748BF00FA03F191
:10C6E80003F1010348BFD163102BEAD101A801F07F
:10C6F80017F9002022B010BDE9C70000C0D501001D
:10C70800B0A30100ECD5010038B50F290C46056926
:10C718003CD843681B68CB40DB0737D5D5F8843055
:10C72800CB4003F001031AB9EBB96FF077002CE0A6
:10C73800002BFAD155F8213023B90221154A1648A1
:10C7480008F0ABFBD5F8843013B92A20F7F7C2F903
:10C758000122D5F88430A2401343C5F88430E0B2F2
:10C7680001F0FEF80AE0C8B201F002F90122D5F89A
:10C778008430A24023EA0203C5F88430D5F8843017
:10C7880013B92A20F7F7B4F9002038BD6FF0150067
:10C79800FBE700BF18D60100B0A3010038B5054675
:10C7A8000C4622B102210C4A0C4808F076FB0F2CEB
:10C7B8000ED86B685B68E340DB0709D501230020CE
:10C7C800A400E4B204F1A04404F52834236038BD81
:10C7D8006FF01500FBE700BF48D60100B0A30100C9
:10C7E80070B50F2804460D46D1F8806004D87368E8
:10C7F8001B68C340DA0704D402210E4A0E4808F029
:10C808004CFBD5F88430E340DB0704D402210B4A03
:10C81800094808F042FB05EB840255F824503DB165
:10C8280021463046AC46BDE870400023126C604794
:10C8380070BD00BF63D60100B0A301007FD6010020
:10C84800036803F01F025B09026004D0012B034850
:10C8580018BF002070470248704700BF0028845066
:10C86800002584502DE9F74F154607464FF001087B
:10C8780000EB8101B94203D1002003B0BDE8F08F7D
:10C888003B68C3F3C322082AC3F3080400F2B48048
:10C898005B48865C40F2FF12944208BF4FF0FF34B9
:10C8A800B3F10C5F4FEA136215D2222A15D8DFE8DC
:10C8B80002F017262B3A2E353A14141414404C144F
:10C8C80014141414141414144F86898C1414148F0B
:10C8D80094979A9DA0004E2A28D06FF08500CCE747
:10C8E800C5F80C45621C68D001A80194FFF7A8FFA1
:10C8F800019B4FF0010908FA03F383603BE0C5F898
:10C9080014454FF000091BE0C5F80845EAE74FF069
:10C918000009C5F80845601C25D14EE04FF0010913
:10C92800C5F80C45F7E7C5F81045EAE7C5F814451A
:10C93800D8E7C5F80845002EE3D14FF000090626D0
:10C94800631C3AD04FF0000A17E0C5F80C45F2E72F
:10C95800C5F860457B88621C03F001032DD0002BCD
:10C96800C2D14FF0010901A80194FFF769FF019BAB
:10C9780008FA03F3C3604FF0010AD7F800B001A822
:10C988001BF4004F1CBF4FF001094FF0000A01943F
:10C99800FFF756FF019B1B4C00EB8300D0F80022E9
:10C9A800CBF3412B330243EA8B0343EA0A031440D7
:10C9B800234343EA4903C0F8003204375AE7C5F86D
:10C9C8006445C7E7C5F86845C4E7C5F86C45C1E7DD
:10C9D800C5F824454FF00109B2E7C5F8284581E7B5
:10C9E800C5F83045F6E7C5F83445F3E7C5F83845E6
:10C9F800F0E7C5F83C4575E76FF015003DE700BF67
:10CA080047DA0100F0F0FCFF2DE9F04104460D463D
:10CA180047680CF07AF988B14FF02008EFF31186D7
:10CA2800314688F31288BFF36F8F60680AF0DBFC29
:10CA380050BB86F31188BFF36F8FEFE71F4B1B784E
:10CA4800002BE9D04FF02008642660680AF0CBFC80
:10CA580070B901200AF03DFD013EF6D100212120E8
:10CA68000CF016FAF0E786F31188BFF36F8FF5E73D
:10CA7800EFF31186314688F31288BFF36F8F606831
:10CA88000AF0B1FC0028EED0FB6900201D70636835
:10CA9800FA691B68C3F844250122C3F84825C3F87E
:10CAA8002001D3F82041C3F85801D3F858019A60FF
:10CAB80081F31188BFF36F8FBDE8F0818E2C0020C1
:10CAC8002DE9F0410546002201210820F7F732F848
:10CAD8000820F6F7FFFF6C680121E0680AF0B4FC53
:10CAE8006B6819682369C1F82435A27D637D207DB0
:10CAF8001343228B02431343C1F86C356F6800223D
:10CB0800D7E9004313F001031CD0D5F8108004F1D5
:10CB18000C01C4F8A02104F59070C4F88C2008F129
:10CB280008020AF00BFD061E07DA0121214A2248F5
:10CB380008F0B3F93046BDE8F08198F8080000F035
:10CB480071FB01230822C4F80025FA690121C4F801
:10CB580044250022C4F84825A1606BB9D4F82031D7
:10CB6800002BFBD0C4F82021D4F820310123E36046
:10CB78004FF48073C4F80433D4F85831002BFBD039
:10CB88000021C4F800156D68E8682C680AF05CFCA0
:10CB98000823C4F800352A7A52B92B6AC4F8343508
:10CBA8000123C4F83835C4F81021D4F810212360C3
:10CBB8000026BFE7B5D60100F0A30100012383409A
:10CBC80070B5DC430C4AD2E8EF1F01EA0405C2E85D
:10CBD800E65F002EF7D14FF4803282400748C0F854
:10CBE8000823BFF35F8FBFF36F8F03EA010000389C
:10CBF80018BF012070BD00BF28220020005001503E
:10CC080070B4124922F07F46D1E90034D01AC31813
:10CC180044F10004C1E90034A6F50013B3F5400F50
:10CC280009D20B4B1B681A0A1B069C19094B42F1C7
:10CC38000005C3E90045EFF31181202383F312882F
:10CC4800BFF36F8F70BC02F0D3BD00BF5815002032
:10CC58002C22002060150020D9B101230D4A834001
:10CC6800D2E8EFCF4CEA030CC2E8E1CF0029F7D1B4
:10CC78004FF48033084A8340C2F80433074BD3E8A3
:10CC8800AF3FC340DB0742BF4FF40012044BC3F869
:10CC98000021704728220020005001502422002043
:10CCA80000E100E00D4B1868010A0006BFF35F8F32
:10CCB8000B4BD3F80435181841F10001B3F5801F68
:10CCC8000AD2084BD3E90023904271EB030303D245
:10CCD80010F1807041F10001704700BF2C22002044
:10CCE80000500150601500202DE9F04F85B0164620
:10CCF8001F4604469DF840A0FFF760FF0190FFF72C
:10CD0800D1FFB04271EB07035CD23B4B301A67EBA3
:10CD18000101984271F1000109D36FF01505204611
:10CD28000199FFF799FF284605B0BDE8F08F334B0E
:10CD380003EB0413D3E902239F4208BF96424ED067
:10CD48004FF480382E4908FA04F8204626F07F4B25
:10CD5800C1F848830AF087FB4FF00309584604F1ED
:10CD68005005AD00ADB205F1502504F5A87305F5E1
:10CD780080350293029A20F07F4341F82230C1F8AF
:10CD88004483D1F804351F4AC01A033820F07F4085
:10CD9800904224D9286868B1D1F80435A3EB0B0078
:10CDA80020F07F40B0F5000F039318D920460AF011
:10CDB8005AFB039BBAF1000FAFD109EB030009F14D
:10CDC8000109D7E7BAF1000FA7D101230E4AA34002
:10CDD800D2E8EF0F1843C2E8E10F0029F8D107495C
:10CDE8000E982301C8500F9B01EB04120025C2E9DD
:10CDF8000267536093E700BF0100800048150020D8
:10CE080000500150FDFF7F00242200207FB500253F
:10CE18004FF0FF304FF0FF31194C1A4B0226C4F87F
:10CE28000833C4F84833184BC4F80855C3E902015D
:10CE38004FF480334FF40012C4F80433134B01212C
:10CE4800C4F804631520C3F880212A46F6F772FE59
:10CE58001520F6F73FFE01230D4AA36023601360F7
:10CE68000C4B0D4A009328460023CDE90155FFF7E6
:10CE78003BFF3046FFF7CCF9284604B070BD00BF31
:10CE88000050015003000F004815002000E100E0A9
:10CE98002822002009CC0000FFFF7F002DE9F7437E
:10CEA8002D4BD3F8042391070BD5D3F8042142B1B5
:10CEB8000022C3F80421294AD3F804311368013346
:10CEC8001360254CD4F80433DA033FD5244BD3E858
:10CED800EF2F22F00101C3E8E01F0028F7D1D307A4
:10CEE80002D4D4F840318BB30025C4F84051D4F8AB
:10CEF8004031FFF7D7FEEFF31182202383F3128826
:10CF0800BFF36F8F174BD3E90267B042B94120D303
:10CF1800D3E900984FF0FF304FF0FF311D60C3E9AF
:10CF280002014FF48033C4F84833C4F84051D4F8B0
:10CF3800403182F31188BFF36F8FB9F1000F05D02C
:10CF480032463B460020CDF80080C84703B0BDE814
:10CF5800F083A946EDE700BF005001502C220020C5
:10CF6800242200204815002030B5431C124C85B0FF
:10CF780005D08442A8BF0446012CB8BF0124FFF79E
:10CF880091FE0E4B0C4DD3E90013401AB0F5000F7B
:10CF98000FD22218AA4228BF2A4600205218084950
:10CFA800CDE90100009143F10003FFF79DFE05B0B4
:10CFB80030BD2A46F1E700BFFFFF7F00581500206B
:10CFC80009CC000008B5FFF76DFE024B1B68C01ABC
:10CFD80008BD00BF581500204FF40071014802F049
:10CFE800EFBE00BF8E2A002008B5F6F71BF9F6F74A
:10CFF80001FA0E4B0E4A92E803000E4A83E803003A
:10D0080092E803000C4B0D4A83E8030092E8030002
:10D018000B4B0C4A83E8030092E803000A4B83E8B1
:10D028000300BDE8084004F0EBBC00BF5422002018
:10D03800B4010020AC01002048220020A4010020F7
:10D048003C220020BC0100203022002008B50AF054
:10D0580030FA58B1614BD3F8202A3AB90D21C3F8F8
:10D06800201A0121C3F81C19C3F81C290022D30077
:10D0780003F57F03D3F80013013107D0D3F8001369
:10D088000132D3F80433202A0B60F0D10AF011FAE8
:10D09800002840F09A800AF00CFA40B1504B514AEF
:10D0A800C3F830254FF050230122C3F858254FF418
:10D0B8007F03D3F83021D3F83431072A06D1023B55
:10D0C800012B9EBF0022484BC3F84C250AF0F1F90A
:10D0D80050B14FF05023D3F80024D10742BF0022AB
:10D0E800C3F81421C3F818214FF47F03D3F8302173
:10D0F800D3F83431072A09D14FF05023D3F800244C
:10D10800D20744BF6FF00102C3F800240AF0D1F936
:10D1180018B16522314BC3F80C274FF47F03D3F8BD
:10D128003021D3F83431072A16D12F4BD3F82034C5
:10D13800002B11DA4FF050230322C3F818250122DF
:10D148009A60D3F80421002AFBD00022C3F80421F6
:10D158000122DA60C3F818254FF47F03D3F8302191
:10D16800D3F83431072A20D1023B022B1DD97E2265
:10D178001A4B1B49C3F80C27C3F83C297F231B4AC9
:10D18800C2F818310023C1F8043EC1F8083E01F581
:10D198004821C1F81031C2F82431C2F82C3102F507
:10D1A800FF1202F58052C2F8A032114AD2F88C3030
:10D1B80043F44063C2F88C300E4A0F4B1168C3F831
:10D1C8004415D269C3F84C2508BD2922034BC3F87E
:10D1D8000C270322C3F83C275DE700BF004000503E
:10D1E800009003504400EFBE002003500020005080
:10D1F80000ED00E00080FF0000600050014B186067
:10D20800704700BF6022002010B5054B144618680F
:10D218000AF061F90028A4BF2070002010BD00BFEB
:10D22800602200200123024A8340C2F80435704777
:10D2380000700150014B00201B6818476422002031
:10D24800014B1B68184700BF64220020014B0920CE
:10D258001B68184764220020014B08201B681847E8
:10D268006422002010B5144C237913BB01232371C9
:10D27800124B0028206018BF184600F037F8D0B9C4
:10D2880023680F48002B08BF184600F0B9F890B97A
:10D2980023680C48002B08BF184600F0F9F850B96D
:10D2A80023680948002B08BF1846BDE8104000F065
:10D2B80063B86FF0770010BD642200203DD20000F3
:10D2C80055D2000049D2000061D2000008B5064BD3
:10D2D8001B6843B10520F6F71FFC20B9BDE80840DC
:10D2E8000520F6F7F7BB08BD64220020074B02466D
:10D2F800187938B91A6001221A714FF05023C3F80F
:10D30800142570476FF07700704700BF6C2200202B
:10D318004FF050230022C3F80021D3F80021012246
:10D3280008491A60096811B1C3F804237047D3F893
:10D338000021002AFBD00022C3F80021D3F80031D5
:10D34800704700BF6C2200204FF05023D3F804230D
:10D35800D2070DD5D3F8002152B10022C3F800211D
:10D36800D3F800210122C3F80823024B1B68184791
:10D37800704700BF6C220020054B0246187918B987
:10D388001A6001221A7170476FF07700704700BF6A
:10D39800742200204FF050230022C3F82021D3F834
:10D3A800202101229A61094A126822B14FF4807241
:10D3B800C3F804237047D3F82021002AFBD00022A9
:10D3C800C3F82021D3F82031704700BF7422002011
:10D3D8004FF05023D3F80423D2050ED5D3F82021DB
:10D3E8005AB10022C3F82021D3F820214FF48072CB
:10D3F800C3F80823014B1B681847704774220020A4
:10D40800074B0246187938B91A6001221A714FF091
:10D418005023C3F8802570476FF07700704700BF2E
:10D428007C2200204FF050230022C3F82421D3F897
:10D43800242101221A62094A126822B14FF40072AB
:10D44800C3F804237047D3F82421002AFBD0002214
:10D45800C3F82421D3F82431704700BF7C22002070
:10D468004FF05023D3F8042392050ED5D3F8242186
:10D478005AB10022C3F82421D3F824214FF40072B2
:10D48800C3F80823014B1B68184770477C2200200B
:10D49800074B0246187938B91A6001221A714FF001
:10D4A8005023C3F8182570476FF07700704700BF06
:10D4B800842200204FF0502310B5D3F818141E4CC6
:10D4C80011F4803FD3F818241BD002F00302022A7B
:10D4D80002D0012A12D101224FF05023C3F8182597
:10D4E8000022C3F80421D3F8042101229A6022689B
:10D4F800A2B9D3F80421002AFBD017E00AF0BCF83F
:10D50800E9E7D3F81424D207E5D5D3F81C2402F0B0
:10D518000302013A012AF1D822681AB10222C3F89B
:10D52800042310BDD3F80421002AFBD00022C3F83D
:10D538000421D3F80431F4E784220020F8B54FF031
:10D54800502301250026D3F80443184F04F0820421
:10D5580004B9F8BDB4FA84F0C0F11F00830003F5E4
:10D5680080739BB203F1502305FA00F2196892B256
:10D5780024EA02040029EBD01E601B684FF05023F8
:10D58800022AC3F808230DD1D3F81814D3F81814B5
:10D5980001F00301012905D1C3F81825C3F80423B4
:10D5A8009960D5E73B68C0B29847D1E7842200204C
:10D5B800036803F01F025B09026004D0012B0348D3
:10D5C80018BF002070470248704700BF00288450E9
:10D5D80000258450034A4309D35C00F01F00184417
:10D5E800C0B2704750DA0100024611F0010010B5D0
:10D5F8000BD18B07C1F340000DD50749086A50606D
:10D608000862003818BF012005E0044C236A136043
:10D618002362002BEDD010BD0028845000258450D3
:10D62800F7B504460846FFF7D5FF04EB4006B38A72
:10D638000D46DB072AD520460AF020F92946204660
:10D648000AF08DF850B120460AF09FF800232768A9
:10D6580007EB8000C0F81035C0F810352946204681
:10D668000AF0BCF8002101A8B1820195FFF7A0FFDC
:10D67800019B00EB8300D0F80022064B134043F0D7
:10D688000203C0F80032084603B0F0BD6FF0150081
:10D69800FAE700BFF0F0FCFF70B590F88C40054643
:10D6A80090F88D6024BB2146602214300CF025FBD5
:10D6B8002146114B286853F836608E420ED100245B
:10D6C800C0F87C41D0F87C3140F30730F6F702FA15
:10D6D8000123204685F88C30AB6770BDCBB29B0028
:10D6E80003F580727C2B04BF845083580131E4E732
:10D6F8006FF07700F1E700BF2CAB010090F88D00C8
:10D70800024B03EB800009F000BF00BFC4030020F8
:10D7180010B5064B90F88D000C4603EB800009F01D
:10D72800DAFE0028A4BF2070002010BDC40300202A
:10D738002DE9F04F804658F804AB90F88D40DAF8A0
:10D7480004136A4BC9B2074653F8342050468BB0CD
:10D7580041F000410AF06BF8051E39DA0023CDE9E3
:10D768000833624BE60003EBC404636808A8194653
:10D778000093FFF739FF331D03934FF0000B5C4B09
:10D788000DF120090293029A584912F8013B0292BE
:10D79800039A02EBD3028A5C03F0070322FA03F32D
:10D7A800DB071BD40BF10103022B4FF0010B09F12E
:10D7B8000409E8D14FF00041002250460AF037F83A
:10D7C800009908A8FFF710FF0028D6D125F00045DA
:10D7D8000124002D73D10BB0BDE8F08F454B5B449D
:10D7E8000493D9F80060002EDCD096FAA6F6B6FAB3
:10D7F80086F6049B1C7846EA44142046FFF7EAFEA6
:10D8080007EB4000818AF208C1F382030593019374
:10D81800012319F8020006F0070603FA06F620EAC3
:10D82800060009F8020007A80794FFF7C1FE079A47
:10D8380011F0100F02F1800250F82260059BC6F328
:10D84800014623D04046019A214609F0A8FF07A8BF
:10D858000794FFF7ADFE079BF6B2803350F82330EC
:10D86800C3F301439E4207D10021204609F068FF17
:10D878003146204609F064FF07A80794FFF798FE91
:10D888000122079B02FA03F30362AAE7022E14BFE0
:10D89800022103212046059309F052FF059B032B23
:10D8A80003D0022E07D1012BE6D121464046019A2A
:10D8B80009F075FFE0E7032EDED1022BF4E795FAB5
:10D8C800A5F3B3FA83F304FA03F225EA020503F594
:10D8D800A2725AF8222007EB43034046B3F87C10A3
:10D8E800C2F3014209F05BFF73E700BF2CAB0100F4
:10D8F80060DA010060DA0100F8B5084D0F462C79AE
:10D90800164644B92A20F6F7E5F8012320462B717C
:10D918002F60AE60F8BD6FF07700FBE78C22002027
:10D92800002330B50D4A50F8234003F5A2710133A6
:10D93800102B42F82140F6D10023084A00F13C019F
:10D9480003F5B27451F8045F0133102B42F82450E8
:10D95800F6D1D0F88030C2F8043330BD00A00250B0
:10D968000123024A8340C2F80433704700A00250E2
:10D978000123024A8340C2F80833704700A00250CE
:10D98800F8B5012600270B4B0B4DD3F80C4304B90F
:10D99800F8BD94FAA4F0B0FA80F006FA00F324EA8D
:10D9A8000304064B82009F502B68002BEFD0A96818
:10D9B8009847ECE700A002508C22002000A10250FA
:10D9C8002DE9F0410E4617460C4D55F81C4FAC4258
:10D9D80003D16FF01200BDE8F081314654F8440CD1
:10D9E800A4F14408F3F77CFA30B9C7F80080404640
:10D9F800BDE8F0410AF0CCB92468E8E79822002095
:10DA080010B5D0E909124A60416A00F12403116097
:10DA1800C0E909334368044603B19847054A936847
:10DA280033B11279062A03D9072022680249984798
:10DA3800002010BD9822002002D701002DE9F041F6
:10DA480007460D460B4E56F80C4FB44202D16FF004
:10DA580001000AE0394654F8240CA4F12408F3F72D
:10DA68003FFA20B91DB1C5F80080BDE8F0812468EF
:10DA7800EBE700BF9822002038B5044600B30068E1
:10DA8800F0B10378E3B10021FFF7D8FFD8B104F172
:10DA98001C03C4E907330D4B04F12402196903F18F
:10DAA8000C00A16260621A610A609D6835B11B7939
:10DAB800062B03D9072022680549A847002038BD4E
:10DAC8006FF01500FBE76FF01000F8E798220020D0
:10DAD80004D7010038B5124C0546216819B1002059
:10DAE8000131216038BD242220460CF006F92B684C
:10DAF8002846A3602B79237104F10C03C4E903338E
:10DB080004F11403C4E9053304F11C03C4E9073321
:10DB180000F01AF80028E5D1236801332360E1E713
:10DB28009822002038B5074D2C68013C2C6044B978
:10DB380000F012F821462846BDE8384024220CF0AF
:10DB4800DCB838BD9822002008B50248FFF794FFDA
:10DB5800002008BDCC0300200148FFF751BF00BFDB
:10DB6800CC0300200EB4431E062B33B588BF00201B
:10DB7800094B05AC54F8045B53F82010074806F02D
:10DB8800B6FB21462846019406F0AFFB02B0BDE87B
:10DB9800304003B0704700BF3CAB0100C6BB01007A
:10DBA8002DE9F04F87B017469B460446DDF840A0A4
:10DBB80000284BD0056A35B12D6825B1AC4607B0B1
:10DBC800BDE8F04F6047E36A9F4242D80026BE4254
:10DBD80003D1002007B0BDE8F08F182303FB06F837
:10DBE800D4F83090A26909EB08052B1D0593CAB932
:10DBF800686969680368B5F80CC0C91AAB680CF1A4
:10DC0800030E5D1E05EB0C155B4205EB4E051D4032
:10DC180005EBCC0385680633A94228BF4FF0FF31D6
:10DC28000AF082F859F8083020460293236AB1B204
:10DC38009B6A01935AF8263000935BF82620059BCF
:10DC48000AF0EBF80028C5D10136C0E76FF01500DF
:10DC5800C0E70148BEE700BF40F4FFFF10B5044627
:10DC680090B1028D43899A4209D0084A936833B12A
:10DC78001279032A03D942680549042098472046A7
:10DC8800BDE810400BF01CBA10BD00BF9822002060
:10DC9800B7D7010030B544898C4212D9436A013C98
:10DCA8005D882C4003EBC40359609A60BFF35B8F17
:10DCB800426A538801335380438D013343850020E2
:10DCC80030BD0148FCE700BF41F4FFFF70B4039E7C
:10DCD800144658B1006A48B143B1013406D0002E49
:10DCE80004DBC46F14B1A44670BC6047014870BC23
:10DCF800704700BF2DF8FFFF70B4039E144660B153
:10DD0800006A50B14BB1013407D0002E05DBD0F8C2
:10DD18008C4014B1A44670BC6047014870BC704781
:10DD28002DF8FFFF2DE9FF47DDF834800E469146B8
:10DD38009A460546002876D0002974D0B8F1000F1D
:10DD480071D001F1640738460AF0D1F9BAF1FF3F02
:10DD580049D1346E06F1500204F18000844204F087
:10DD68001F0C07D2C4F3411152F8211021FA0CF10B
:10DD7800C90736D4012104F07F04600952F8203025
:10DD880004F5806A01FA0CF104F201440B4304F033
:10DD98007F0442F8203034666B6C4A4603930E9B2E
:10DDA8002946CDE901830C9B3046009353460AF07F
:10DDB8003DFA384600F02EFD2C7874B196F89C4058
:10DDC8005CB1AB6A013330D1002128460AF0CEF9A4
:10DDD800044610B128460AF09FF9204604B0BDE871
:10DDE800F0870134BAE7BAF5806FD5D3AAF5806316
:10DDF8007F2B06F150010FD8580951F8204003F045
:10DE08001F0324FA03F2D2070BD4012202FA03F308
:10DE1800234341F82030BFE7054C384600F0FAFCB0
:10DE2800DBE7044CF9E7024CD7E70024D5E700BF4D
:10DE38002DF8FFFF29F8FFFF08B583681A0C0AD1EF
:10DE4800094A93682BB11279022A02D9032007499B
:10DE58009847002008BDA3F580338360180CB0FAFA
:10DE680080F04009F6E700BF98220020D9D70100CA
:10DE780038B50446E8B100F1640528460AF027FAE7
:10DE8800D4F8AC309B692BB9D4F8A040103C002CD6
:10DE980003DC01E0012B05D0074C28460AF015FAEF
:10DEA800204638BDD4F8B4000AF009F9A0F11004EE
:10DEB800EDE7024CF4E700BF2EF8FFFF2DF8FFFF57
:10DEC80038B50446E8B100F1640528460AF0FFF9C0
:10DED800D4F8AC309B692BB9D4F8A440103C002C82
:10DEE80003DC01E0012B05D0074C28460AF0EDF9C8
:10DEF800204638BDD4F8B0000AF0E1F8A0F11004CB
:10DF0800EDE7024CF4E700BF2EF8FFFF2DF8FFFF06
:10DF18002DE9F04385B00F46904603A90D9A0546B2
:10DF280099460AF079FB0446E0B10C9E039BD5F8AC
:10DF3800B8009E42A8BF1E460168D0F808C0611A02
:10DF480033464A46614528BF4FF0FF3109F0B3FE1A
:10DF5800234642463946284600960AF0FDFA05B09F
:10DF6800BDE8F0830048FAE72EF8FFFF2DE9F047F7
:10DF78008AB00D46DDE9129716469846044620B940
:10DF8800944E30460AB0BDE8F0870029F8D0002B3F
:10DF9800F6D00021A022C0F8C8100BF0AEFE012276
:10DFA80004F1640011460AF084FD8B4BC4F8AC50B0
:10DFB8006667AC62E367894BC4F88030884BC4F865
:10DFC8008430884BC4F88830874BC4F88C30874B32
:10DFD800C4F89030864BC4F89430864BC4F8983017
:10DFE800AB693BB9002FCBD097E8070004F1A00339
:10DFF80083E80700AB69012B04D02B6A03BB6FF0E1
:10E008000506BEE7D4F8AC00002800F0E080036AFB
:10E01800002BF4D09B68002BF1D0984742060CD512
:10E028000021D4F8AC000AF040F906460028A8D12F
:10E03800002121200AF02CFFE4E74307F8D5DCE7AC
:10E048001B69002BDBD028469847AB69012B04BF1E
:10E058000023286100F0010008BF6B6184F89C0070
:10E06800AB69DBB93B7A002B00F0838009F10C0324
:10E07800C4F8BC30B9F1000F82D0D9F80820002AC2
:10E0880000F0A3809B68002B00F09F805A4B0493FC
:10E098005A4B05935A4B06935A4B0793AB69012B7E
:10E0A80007D1564B0493544B0593564B0693544B48
:10E0B8000793002104F1C003C4E9303306ABC4F868
:10E0C800B880022200932846019104ABFFF768FD4F
:10E0D800064600287FF455AFAB693BB92B6B1B682C
:10E0E800C4F8B0302B6B9B69C4F8B430AB69012B12
:10E0F80007D12B6B9B69C4F8B0302B6B1B68C4F835
:10E10800B430D4F8B40009F076FF2B6B1B68C3F861
:10E118002C802B6B9B69C3F82C80D5F818A0BAF11A
:10E12800000F07D1D4F8A4300993D4F8B0305B8934
:10E13800534520D894F89C30C4E9004463B10023C7
:10E148000293314B204601933523304A03940093C0
:10E1580004F108010AF06AF8AB69002B7FF411AFEB
:10E16800042128460AF0A1F8074600283FF409AF21
:10E1780026E04B467CE74846D4F8A4100AF03DFA5E
:10E188000746E0B1D8F800100890411AD8F80800FE
:10E198000022814228BF4FF0FF31D4F8A430404616
:10E1A80009F0C2FD009701230022D4F8B00008A9A5
:10E1B80009F060FE074618B90AF1010AB5E7144FDD
:10E1C80028460AF06BF83E46DBE6114ED9E66FF0BA
:10E1D8001506D6E62DF8FFFF19DF00002B83010096
:10E1E800638401002186010061850100E38201004A
:10E1F800C9DE000079DE0000FAD7010000D801006E
:10E2080097840100D18201004F83010006D80100E4
:10E218002EF8FFFFF0B505460E46174687B0074AA9
:10E2280003AC07CA84E807000C9A314600922846D6
:10E238003A460194FFF79AFE07B0F0BDA0A401008A
:10E2480010B50446F4F76EFC03480121034A06F0B2
:10E2580024FE20460AF0DEFAD0A3010009D8010006
:10E268002DE9F84304460D4600AFEFF3118820234B
:10E2780083F31288BFF36F8F04282A4A98BF2A4B6A
:10E28800E9468AB09668117C98BF53F820306A46F0
:10E2980088BF264BCDE9073140F201332448ADF859
:10E2A8002430244BCDE9050442F8103F00234FF4F5
:10E2B80031512148F4F704FDCD4645B1EB69C3F36C
:10E2C800080323B101211D4A1B4806F0E6FD2EB1C3
:10E2D80030460AF020FD08B1037803B91848E9462A
:10E2E8008AB06A46174B0790CDE9053640F20133EC
:10E2F800ADF82030144B42F8103F00234FF4115171
:10E308000D48F4F7DDFC2946CD462046FFF798FF77
:10E3180088F31188BFF36F8F3046F5F797FCBD4639
:10E32800BDE8F883BC2200205CAB010018D80100CE
:10E3380026D8010005000001D0A301004ED8010035
:10E3480087BB01006FD801000400000138B50A4BF3
:10E3580053F82040013053F82050A54200D838BD6A
:10E36800606830B1037EDB0701D40AF030FA083464
:10E37800F3E723689847FAE770AB0100012270B50C
:10E388002A4B86B003201A70FFF7E0FFF6F784F8EF
:10E398000AF09DFE0420FFF7D9FF254C254D26469F
:10E3A800AE4204F130040FD300F048FF204CAC42D9
:10E3B80026D300F057FFF3F7ABF81F4A938923F0F1
:10E3C8000103938106B070BD54F80C3C059354F8D2
:10E3D800103C049354F8143C039354F8183C0293EB
:10E3E80054F81C3C019354F8203C009354E90A2348
:10E3F80054E90C0100F002FD54F8303C5E65CEE7AC
:10E40800D4E90A23B3F1FF3F08BFB2F1FF3F05D0BB
:10E4180052EA0301206803D10AF053FD3034C6E7FD
:10E428000649183001F054F9F8E700BF8E2C002097
:10E438004CA201004CA2010018160020FB8D01001F
:10E44800B02370B5144E86B003FB0066134B01224F
:10E4580005930F23CDE903320023CDE901331423BB
:10E468004FF4A0720E4D0F4903FB0055044602FB02
:10E4780000110D4B3046009500F0C0FC337C2C7425
:10E4880023F004033374094B013403EBC423EE6017
:10E498006B6006B070BD00BF68150020D1D80100C0
:10E4A800BC220020A04A002043890100A04200208D
:10E4B8007FB50020FFF74AFF2A4B03F5006282F37D
:10E4C800088883F30A880024E023274D85F8223042
:10E4D800EC772C766C76AC7685F820406B6A43F442
:10E4E800E0236B6285F82340F5F75CFAF5F798FBB3
:10E4F8004FF0FF33AB62EB62F5F792FDF5F714FCD2
:10E50800F4F76EFA194800F00BFDF5F7A7FF0120A4
:10E51800FFF71CFF0220164DFFF718FF00F0CCFE96
:10E52800144B4FF400625D61134B144905930123AA
:10E538002846CDE90343CDE90144114B009400F08E
:10E548005DFC06462B7C284623F004032B740AF056
:10E558001CFC2046FFF774FF31462846084AF5F7A9
:10E568003DFB00BFA042002000ED00E0981700200E
:10E5780018160020BC22002054AE0100E04B0020F9
:10E5880085E3000038B5064C064DAC4201D30020A7
:10E5980038BD2046D4E901120AF044F91434F4E7EE
:10E5A800440500205805002038B5074C074DAC42FB
:10E5B80001D3002038BD20460AF058F908B91C34A8
:10E5C800F5E76FF01500F5E7F0040020440500209A
:10E5D80073B50C46EFF31181202585F31288BFF33C
:10E5E8006F8FC5685DB125602B68C360836901338F
:10E5F8008361002081F31188BFF36F8F11E052EA25
:10E60800030603D16FF00B002560F3E7CDE9002383
:10E618000246083000F070FD18B9034B9B685B692F
:10E62800236002B070BD00BFBC2200202DE9F34179
:10E63800044617461E46EFF31188202383F31288F9
:10E64800BFF36F8F304BC2689B6872B18068984285
:10E6580017D057EA060216D188F31188BFF36F8FD7
:10E668006FF00F0002B0BDE8F08193F90E1001328F
:10E678002161C4E9023288F31188BFF36F8F00204B
:10E68800F0E72169F3E793F90E1090F90E309942FB
:10E6980030DA9942A8BF19460AF05AF905462246C7
:10E6A8004146CDE90076194800F026FD0028E6D05D
:10E6B800EFF31186202383F31288BFF36F8FA068CE
:10E6C800D0B1236821699C420AD04BB193F90E302E
:10E6D8009942A8BF19466FF07F039942B8BF1946FF
:10E6E8000AF036F940B1314608480AF0A8FB6FF045
:10E6F8000A00B7E70025D2E7002DF4D186F3118888
:10E70800BFF36F8FF3E700BFBC2200208F2C0020DF
:10E71800F8B583680546002B40D0234A9268934297
:10E728003FD1C368012B03D9013BC3600020F8BD6A
:10E73800EFF31187202383F31288BFF36F8F0169EA
:10E7480080680AF005F92C68A54207D10023C5E9BD
:10E75800023387F31188BFF36F8FE7E7002CF5D0FA
:10E76800D4E90032002613605A60237CC4E90066AD
:10E7780023F002032374A66004F118000AF0FBFBDF
:10E78800AC6094F90E3020462B61C4F8AC600AF0F6
:10E79800FCFA394605480AF052FBC7E76FF0150046
:10E7A800C5E74FF0FF30C2E7BC2200208F2C0020C5
:10E7B80037B51146EFF31185202282F31288BFF393
:10E7C8006F8F04689CB12368426823F00303944266
:10E7D800036008BF4360012120460AF03DF9044662
:10E7E80085F31188BFF36F8F204603B030BD51EA1F
:10E7F8000302F5D000F10802CDE9001310462946BE
:10E8080000F07AFC0028EFD1014B9B685C69EBE7CC
:10E81800BC22002070B5EFF31186202383F3128801
:10E82800BFF36F8F0468A0421BD0D4B1D4E9003283
:10E83800002513605A60237CC4E9005523F00203C5
:10E848002374A56004F118000AF095FB2046C4F86B
:10E85800AC500AF09AFA3146BDE8704006480AF012
:10E86800EEBAD0E902329A4218BF0133836086F3C8
:10E878001188BFF36F8F70BD8F2C002013B5EFF395
:10E888001181202484F31288BFF36F8F846844B108
:10E89800013C846081F31188BFF36F8F002002B0C0
:10E8A80010BD52EA030406D181F31188BFF36F8FBC
:10E8B8006FF00F00F3E7CDE900230246014800F0AE
:10E8C8001BFCECE78F2C002007B5074B4FF4806248
:10E8D800009306494FF0FF33054800F06DF900201A
:10E8E80003B05DF804FB00BF88AB0100E0530020D3
:10E8F800C81600202DE9FF4104462027534EEFF3A8
:10E90800118887F31288BFF36F8FD4F8B450F5B924
:10E91800022104F1CC000AF0D8F8002870D004F1E4
:10E92800C4050022012128460AF0EBFA0028F8D194
:10E9380000234FF0FF3202934FF0FF334146CDE9F9
:10E948000023434804F1BC0200F0E4FDD7E7D4F803
:10E95800B8202B689542C4F8B43008BFC4F8B83062
:10E96800D4F8CC3043F00203C4F8CC30EB6823F081
:10E97800040343F00103EB606B6888F31188BFF36D
:10E988006F8F28469847EFF3118887F31288BFF3F3
:10E998006F8FEB68D80623F001023ED4EA60EB687B
:10E9A8009A0717D5306823F00203EB6090B1002175
:10E9B800036878B1426895423DD10368002934D193
:10E9C80072683360904200D17360002340F8083BBE
:10E9D800FFF720FFD4F8CC3023F00203C4F8CC3082
:10E9E800DB0530D4D4F8B430003B18BF012388F3DA
:10E9F8001188BFF36F8F002B81D000F065FC7EE794
:10EA0800D4F8CC30D90693D5C4F8CC0088F3118853
:10EA1800BFF36F8F04B0BDE8F08123F01103EB6002
:10EA280005F11000FFF7F6FEB9E70B60736898422E
:10EA380008BF7160C9E701461BB11A68184613463A
:10EA4800B7E71A46FAE70023D1E700BFE022002023
:10EA58008F2C002070B5C3680546C3F340069B079A
:10EA68000C460DD50122002104F108000AF021F816
:10EA780000232360054B65605A681AB9C3E900444E
:10EA8800304670BD14605C60FAE700BFE0220020E9
:10EA9800F8B5C36804469A070E46C3F3400542D446
:10EAA8005F0742D40B680BB983680B60E368D8072B
:10EAB80042BFA36802253360376858BF012557B3A2
:10EAC8001B4B9A68D7F8B0309A421ED10AF01DF94C
:10EAD80080F00100C0B2D7F8CC30D907C3F3800268
:10EAE8001CD5F2B1F8B100232360D7F8B83073B958
:10EAF800C7E92D4438460AF003F8E36843F00403F5
:10EB0800E3603368A3602846F8BD0020E3E71C6093
:10EB1800C7F8B840EEE76FF0150506E06FF012058C
:10EB280003E01B07DFD56FF00F0500233360EAE72A
:10EB3800BC220020F8B5C368064603F00503002B85
:10EB48000C4614BF012700271CD08568012200212C
:10EB580004F1100009F0ADFF204613490AF031F81E
:10EB6800E36843F01003E360F3685B0712D533688A
:10EB780023606BB9D5F8B83033B9C5E92D442846B8
:10EB880009F0BEFF3846F8BD1C60C5F8B840F6E786
:10EB98003460F4E7D5F8B4302360D5F8B830C5F858
:10EBA800B440002BEBD1F0E7E98A010001460148A7
:10EBB8000AF023B8C8160020F0B50446002089B032
:10EBC8000E9DC4E92D0004F1BC00C4E92F0004F136
:10EBD800C400C4E9310055B32879002840F2011077
:10EBE80008BF0120C4F8CC0000204FF0FF364FF0DA
:10EBF800FF37CDE90330CDE90100CDE906672046AE
:10EC08000C4B009400F060F955B1296811B1204609
:10EC180000F0E4F86B791BB1A38943F00103A381E9
:10EC280020460AF04EF9C4F8B04009B0F0BD012002
:10EC3800D8E700BFFDE8000030B5044685B0EFF323
:10EC48001185202282F31288BFF36F8FD0F8CC2071
:10EC580012F0060F08D1F9B9D0F8B40028B985F335
:10EC68001188BFF36F8F15E0B1B942F00402204656
:10EC7800C4F8CC2009F044FF00234FF0FF32029380
:10EC88004FF0FF332946CDE90023054804F1C402BB
:10EC980000F040FC05B030BD42F00C02E7E700BFD1
:10ECA8008F2C002037B501900846EFF311842021FE
:10ECB80081F31288BFF36F8FC16811F01E0F16D150
:10ECC80053EA020508D101A9FFF7E2FE84F311888F
:10ECD800BFF36F8F03B030BD41F00801C1600199E7
:10ECE80010308161034900F0F3FC0120EEE70020B9
:10ECF800ECE700BF7D8B010001460148FFF7D2BF5A
:10ED0800C8160020F7B50C4616461D460190EFF3CD
:10ED18001187202383F31288BFF36F8F084609F009
:10ED2800E0FE55EA060309D1204601A9FFF7B0FE27
:10ED380087F31188BFF36F8F03B0F0BDE3683246E5
:10ED480043F00803E360019B0449A36204F1100047
:10ED58002B4600F0BDFC0120EAE700BF7D8B0100D7
:10ED680001460148FFF7CEBFC81600202DE9F04143
:10ED78000546EFF31187202383F31288BFF36F8FC3
:10ED88000468A0421BD0D4B10026204609F0B0FF89
:10ED980004F118000AF0EFF8B0462046C4F8AC8039
:10EDA80009F0F3FF2C680136A54210D07CB120464B
:10EDB80009F09EFF04F118000AF0DDF8EDE787F38B
:10EDC8001188BFF36F8F00263046BDE8F0813946C1
:10EDD80001480AF034F8F7E78F2C002010B50446F4
:10EDE80008B9054B9C681F2204F174000AF0B6FFAD
:10EDF800002084F8930010BDBC2200202DE9F04FBC
:10EE0800984685B000F15803C0E91633129B0025D7
:10EE180083810423D61D26F007060374119B01EB9A
:10EE2800060A0F46C0E90655514685608373C573C7
:10EE38000446DDF838B0DDF84C90F4F779FB109B08
:10EE4800073020F00700C4E92576C4F89C00029337
:10EE58000F9BAAEB0006CDE900B33246434639467C
:10EE68002046F4F79FFE0F9BC4E9188BA366109BFE
:10EE78006565E366EFF31183202282F31288BFF3FE
:10EE88006F8F104F3A6A3C62226783F31188BFF391
:10EE98006F8FB9F1000F11D01F22494604F1740099
:10EEA8000AF05CFF84F89350BB680BB1D3F8A0302C
:10EEB8003046C4F8A03005B0BDE8F08F84F87490EF
:10EEC800F2E700BFBC220020F0B5002587B0059509
:10EED800109DDDE9127604950F9D044603950E9D5D
:10EEE80002950D9D01950C9D0095FFF787FFB6F1E2
:10EEF800FF3F08BFB7F1FF3F05D056EA070305D12A
:10EF0800204609F0DEFF204607B0F0BD3A463346FA
:10EF180004F11800014900F0DBFBF4E7FB8D010068
:10EF2800012310B50374838100230446C0E9253307
:10EF380000F0E6FD014B9C6010BD00BFBC22002024
:10EF48006FF00A01094A9368C3F8AC100849C3F87E
:10EF5800A8004B6843F080534B60002383F311886B
:10EF6800BFF36F8F9368D3F8AC007047BC220020C2
:10EF780000ED00E070B590F91020037C002A2FDB2B
:10EF8800D9062DD11A4C63F07F032246037452F838
:10EF9800183FE169934207D1C0E900210860E061A8
:10EFA8000FE09942F8D01B68002BF5D093F90E605A
:10EFB80090F90E50AE42F4DD5968C0E9003108609E
:10EFC8005860A569954200D005B9E568A3681A7C20
:10EFD800D20606D1DA897F2A03D9AA690AB96361F8
:10EFE80070BDAB4202D0284600F0D6FA6561F7E75B
:10EFF800BC22002038B590F910200146002A037C75
:10F0080004DA03F07F03037409F087FE0D4D2A46E6
:10F0180052F8184FAB68944200D004B9EC688B42A0
:10F0280007D01A7CD20604D1DA897F2A01D9A269CD
:10F038002AB1A34202D0204600F0AEFA23466B6103
:10F0480038BD00BFBC220020B3F1FF3F08BFB2F1BA
:10F05800FF3F03D00249183000F03ABB704700BFA9
:10F06800FB8D0100034648B9EFF3058232B9064A21
:10F0780051699268914201D0FFF762BF83F311880A
:10F08800BFF36F8F704700BFBC22002038B5184C03
:10F09800A168E0690B68814214BF1A4600224968DA
:10F0A8000B605960A368E1692AB9124AC3E90021D3
:10F0B8000B60E3610AE092F90E5093F90E00854265
:10F0C80012DD5168C3E900210B605360A569094B43
:10F0D8009D4200D005B9E568A3689D4202D0284644
:10F0E80000F05AFA656138BD8A42DED01268DBE763
:10F0F800BC220020D4220020F8B5DDE906670D4BBC
:10F108000C46986811460C4A1060EFF311822022D1
:10F1180082F31288BFF36F8F9D68284609F00FFEAF
:10F12800284632463B46FFF78FFF2046BDE8F840A9
:10F13800FFF706BFBC220020E8220020F8B50446ED
:10F14800EFF31187202383F31288BFF36F8F037CBB
:10F1580049B203F01F02002A0CBF0126002635D150
:10F1680003F07F032A4D037409F0D7FD2A46037C78
:10F17800817363F07F03037452F8183FE869934280
:10F1880007D1C4E900200460EC610DE09842F8D092
:10F198001B68002BF5D093F90EC08C45F6DD596835
:10F1A800C4E900310C605C60AC69944200D004B9D9
:10F1B800EC68AB689C4202D0204600F0EDF96C6127
:10F1C80087F31188BFF36F8F3046F8BD9B071CD5B6
:10F1D800856809F0A2FD81732B689D4209D16B688F
:10F1E800C4E900531C606C60EAE76A689A42F6D08A
:10F1F8001B68002BF3D093F90E208A42F5DD5A687C
:10F20800C4E9003214605C60DAE78173D8E700BFB4
:10F21800BC220020034648B9EFF3058232B9064AFA
:10F2280051699268914201D0FFF78ABE83F3118831
:10F23800BFF36F8F704700BFBC220020EFF311812E
:10F24800202383F31288BFF36F8F054B9A68D37B13
:10F25800013BD37381F31188BFF36F8F704700BFF1
:10F26800BC22002070B5EFF31186202383F31288A7
:10F27800BFF36F8F0F4DAB68DA7B0132DA732A4622
:10F2880052F8184F944200D004B9EC681A7CD206A0
:10F2980004D1DA897F2A01D9A2692AB19C4202D015
:10F2A800204600F079F923466B613046BDE870408E
:10F2B800FFF7D8BEBC220020024B03F11802C3E9B5
:10F2C80006227047BC22002070B5EFF31186202378
:10F2D80083F31288BFF36F8F1A4CA168E0690B683B
:10F2E800814214BF1A46002249680B605960A3681E
:10F2F800E1692AB9144AC3E900210B60E3610AE015
:10F3080092F90E5093F90E00854216DD5168C3E953
:10F3180000210B605360A5690B4B9D4200D005B9D5
:10F32800E568A3689D4202D0284600F035F965617A
:10F338003046BDE87040FFF703BE8A42DAD0126853
:10F34800D7E700BFBC220020D4220020F8B550EA3D
:10F35800010306460C4603D1FFF7B6FF0020F8BDAF
:10F36800EFF31187202383F31288BFF36F8F124DB9
:10F37800124BA8681860FFF73DFEA868234632467E
:10F388000F49183000F0A4F9AA680446137C3846DF
:10F3980043F004031374FFF7D3FDAB68D3E90A23E2
:10F3A800B3F1004F08BF002AD8D109F019FE201A7E
:10F3B80020EAE070D3E700BFBC220020E82200204A
:10F3C800FB8D0100014B9868704700BFBC220020EC
:10F3D8002DE9F84304468789EFF31186202383F348
:10F3E8001288BFF36F8F037C190705D586F3118840
:10F3F800BFF36F8FBDE8F883D90943F0080272D1D3
:10F408000274A36813B1204609F08FFC04F11800B8
:10F4180009F0B1FDA56D04F15808A84511D04FF0C9
:10F42800000975B1284609F080FC05F1180009F0BB
:10F43800A2FD2846C5F8AC90FFF79CFDA56DA84530
:10F44800EFD1DFF8C480D8F808309C4253D1EFF3ED
:10F458000589B9F1000918BF4FF00109D8F818500B
:10F468002A4A954200D00DB9D8F80C50AB4202D0C8
:10F47800284600F091F82046C8F8145005F02CFEF4
:10F48800204600F0D9F8B9F1000F02D02048FFF764
:10F4980047FDD8F808309C4230D1EFF305836BBBA9
:10F4A800A289D20711D586F31188BFF36F8F83F332
:10F4B8001188BFF36F8F0423184602DFEFF311861C
:10F4C800202383F31288BFF36F8F3046FFF738FD90
:10F4D800FB078FD5002383F31188BFF36F8F0423B5
:10F4E800184602DF86E703F07F0343F0080303743E
:10F4F80009F013FC85E74FF00009AFE786F31188A0
:10F50800BFF36F8FE4E700BFBC220020D4220020A5
:10F5180098170020D3B5DDE90667089CCDE9006798
:10F52800FFF7EAFD1CB1034B9B685B69236002B0DF
:10F53800D0BD00BFBC220020027C034612F01F028F
:10F5480010D10A4988420DD00949086868B1D9899B
:10F558007F2909D893F90E20064B1B689A42B8BF39
:10F56800002070470020704710467047681500203B
:10F57800F8030020EC2200200122044BC01A044B9F
:10F58800C0105843034B1A54704700BF4818002056
:10F59800ABAAAAAA8F2C002070B50C4B0C4D1E7C70
:10F5A800FFF7CAFF182303FB06550446284609F04F
:10F5B800E2FC0022074B9A553CB1621E2846BDE882
:10F5C80070400549D31700F083B870BDBC220020F5
:10F5D800481800208F2C002081F5000038B5EFF383
:10F5E8001185202383F31288BFF36F8F0F4B104AC6
:10F5F8009C681068A04206D1FFF7CEFF85F31188FA
:10F60800BFF36F8F38BD00211B7C1160094AD35CA2
:10F61800002BF3D02046FFF78FFF0028EED0237C85
:10F62800DB0601D1FFF732FD2046E5E7BC220020CA
:10F63800E82200208F2C0020EFF31181202383F390
:10F648001288BFF36F8F0A4A136A834207D11B6F70
:10F65800136281F31188BFF36F8F70471346002B35
:10F66800F7D01A6F8242F9D1026F1A67F1E700BF2B
:10F67800BC220020024B1868984208BF002070473F
:10F68800FC030020034B1B680BB9FDF79BBC002053
:10F69800704700BFF022002030B570B10B4B5B689B
:10F6A80098420AD0036843B1D3E90421D0E904455C
:10F6B800121941EB0501C3E90421D0E900321360B6
:10F6C8005A600023C0E9003330BD00BFFC030020AE
:10F6D800B3F1FF3F08BFB2F1FF3F2DE9F84F0446F1
:10F6E800994615461F467AD08160EFF3118820238A
:10F6F80083F31288BFF36F8FB9F1000FDFF8E4A02E
:10F7080020DBFFF7BFFFDAE90027013549F10009DF
:10F718002D1849EBE07306464FF00109C4E904537C
:10F72800AD1843EB0707FFF7A5FF0346DFF8B8E07E
:10F73800DEF804A0EBB9C4E900EACAF80040CEF844
:10F74800044028E06FF00103DAE900125B1A4FF079
:10F75800FF3161EB02025B1B62EB0902012B72F1C4
:10F768000001BCBF012300224FF00009C0E90432A8
:10F77800D9E7D3E9041CD4E904208A4270EB0C0BC6
:10F7880024DA891A5A686CEB0000C3E90410C4E94A
:10F79800003214605C60FFF76DFF84420ED1134B9A
:10F7A8001B685BB9B9F1000F02D1FFF76BFF064682
:10F7B800304609F0C9FB0021FDF7D6FB88F3118814
:10F7C800BFF36F8F28463946BDE8F88F521A60EBB1
:10F7D8000C005345C4E90420ADD01B68AAE70025F6
:10F7E8002F46EFE760180020FC030020F0220020DD
:10F7F8002DE9F047DFF8A8900246C9F800000D4649
:10F80800FFF738FF00260027DFF898804FEAE27EEE
:10F81800D8E9001350B1D0E9044CA2427EEB0C0A9F
:10F828001ADAA41A6CEB0E06C0E904460024521832
:10F8380043EB0E032046C8E90023C9F8004009F04D
:10F8480083FB2146FDF790FB85F31188BFF36F8F8B
:10F85800BDE8F047FFF7C2BE611843EBE473C0E9A7
:10F868000467C8E90013FFF717FF01224FF00043B0
:10F87800C0E9042385F31188BFF36F8F8368984725
:10F88800EFF31185202383F31288BFF36F8FD9F824
:10F898000020121BC9F80020FFF7ECFEB6E700BFF6
:10F8A800F02200206018002010B5EFF31184202307
:10F8B80083F31288BFF36F8FFFF7E4FE0346054A10
:10F8C800D2E90001181841EBE37184F31188BFF302
:10F8D8006F8F10BD60180020F8B50446EFF311874C
:10F8E800202383F31288BFF36F8FD0E90423B3F189
:10F8F800004F08BF012A04D087F31188BFF36F8F28
:10F90800F8BDD0E90A566A1C46F10003022A73F1D1
:10F91800000334D3013D46F1FF36002EBCBF00255D
:10F928002E4609F061FB013041F10001401946EB18
:10F938000101012871F1000148DB09F055FB6FF066
:10F948000203013041F10001401946EB01018342F5
:10F958006FF000438B413EDB09F046FB013041F17B
:10F9680000016FF00102401946EB01034FF0FF312F
:10F97800121A61EB030320461949FFF7A9FE236B0E
:10F9880001332363236A63B187F31188BFF36F8F51
:10F9980020469847EFF31187202383F31288BFF39B
:10F9A8006F8F54F8185FA542A6D0002DA4D0284622
:10F9B80009F0FAF90023C5F8AC3087F31188BFF3D2
:10F9C8006F8F2846BDE8F84009F0DFB96FF00102F3
:10F9D8004FF0FF33CFE700224FF00043CBE700BFE3
:10F9E800E1F800002DE9F04105461C4690461F4607
:10F9F800EFF31186202383F31288BFF36F8FB4F1DE
:10FA0800FF3F08BFB2F1FF3F05D186F31188BFF36E
:10FA18006F8FBDE8F081002C09DB012A74F1000327
:10FA2800BCBF0122002412F1FF3844F1FF372846F9
:10FA380009F0A1FADDE906010023C5E90A012B63F3
:10FA480042463B4628460249FFF742FEDDE700BF33
:10FA5800E1F8000070B50546EFF31184202686F31F
:10FA68001288BFF36F8F09F086FA20B184F31188EA
:10FA7800BFF36F8F70BD6B6A63B184F31188BFF3F6
:10FA88006F8F28466B6A9847EFF3118486F31288C4
:10FA9800BFF36F8F05F1180009F0BBF90028E5D016
:10FAA80009F073F92146BDE87040014809F0C7B96B
:10FAB800902C00202DE9F04105460E46174609F026
:10FAC80024F930B9074B9B68D3F8A04014B9BDE8B6
:10FAD800F081054C3B46324629462046BDE8F041B8
:10FAE80009F0D6BABC2200204405002002460021B5
:10FAF800014B024809F0CCBAA94101004405002095
:10FB0800014BC0F8A0307047440500200146024A66
:10FB18000020FFF7CFBF00BFA941010001680E4ACE
:10FB28000346914215D1C169A2F11022A2F1EF1248
:10FB380091420ED18268012A0BD8C26812B10169BC
:10FB48008A4206D0586928B19B691B1A5842584105
:10FB580070470120704700BF55AA00FF70B50E4BD3
:10FB68009E68B6B13046FFF7D9FF044618B9F36866
:10FB78007BB935690DB9204670BD2846FFF7CEFF21
:10FB880028B9EB68B34204D12E462D69F2E7044642
:10FB9800F1E70124EFE700BFF42200202DE9F0414E
:10FBA800404D06466869884600F04CF918B10024B3
:10FBB8002046BDE8F0812C68DCB1AC68CCB1002EE1
:10FBC8006AD0B8F1000F69D008FB06F7B7FBF6F664
:10FBD800B04565D1391D63D8BA0710D027F00302A4
:10FBE8000432EC6803E0616891420AD2A469002CEF
:10FBF800F9D1686900F030F90028D9D0D7E73A463A
:10FC0800EFE7D4F808C0BCF1000F02D001200AF0D9
:10FC18007CF8891A232904F120061CD80123A36043
:10FC2800D4E90523AAB19361A3690BB162695A614A
:10FC38000023C4E905332B69DB0703D5FFF78EFFE3
:10FC48000028E3D13A460021304634460AF055F8F8
:10FC5800CFE7EB60E8E702F1200023182039C3E979
:10FC6800011CDC602169DFF840C0196144F800C05C
:10FC78000E48D86101B1CB6061695961A06998618A
:10FC880041B18B61996901B14B6101212361C4E9DB
:10FC98000121CDE7EB60F5E73446AAE74446A8E73B
:10FCA8000446A6E7F422002055AA00FF669911EE43
:10FCB80070B5424E0546706900F0C4F800287BD143
:10FCC800002D5FD03368002B5CD0B268002A59D071
:10FCD8009D4203D3726813449D4202D301200AF067
:10FCE80014F8A5F120042046FFF718FF0028F5D1E5
:10FCF80055F8183C012BF1D155F8143C45F8180C6F
:10FD0800C3B19A68002A42D155F81C2C02F120018F
:10FD18005A680A445A6055E905321A6155F8145C64
:10FD28002B6903B1DD6020462022002109F0E5FFA0
:10FD380023462C462069002836D08268002A33D111
:10FD48006368426820331344636003692361D4E91C
:10FD58000523F2B923BB436963618269A2610BB3CE
:10FD68009C61A36903B15C61236903B1DC60202253
:10FD7800002109F0C2FF33699B0703D5FFF7EEFEA8
:10FD88000028ABD17069BDE8704000F065B8002369
:10FD9800D0E79361A369002BDDD062695A61DAE785
:10FDA800F360F7E7F460DCE7002BE4D1F368A361C4
:10FDB80003B15C61F460DEE770BD00BFF42200208F
:10FDC80070B50C46164E142200210546304609F03F
:10FDD80094FF1448706100F02DF81349134800F09F
:10FDE80051F8232C1BD915F003031FBF043CE4185A
:10FDF800C3F10403ED1822460021284609F07DFFCF
:10FE0800C6E90054203CB5606C60B368084A1A60C3
:10FE1800B368A2F11022A2F1EF12DA61F36070BDAB
:10FE2800F422002030220020B9FC0000A5FB0000CD
:10FE380055AA00FF024B1B6803B11847704700BF63
:10FE480028040020034B9B6803B118476FF01D007E
:10FE5800704700BF28040020034BDB6803B1184734
:10FE68006FF01D00704700BF28040020014B1B687D
:10FE7800184700BF08040020014B1B68184700BF43
:10FE880004040020024B1860024B002019607047E0
:10FE9800080400200404002010B50A46044619B1DD
:10FEA800024B00211B68984710BD00BF94AB0100AE
:10FEB8000E4B0340B3F1607F06D1B1F5885F0CBFEC
:10FEC80000206FF086007047B3F1707F0BD101F40A
:10FED800E043B3F5005F06D111F4E06F14BF0020D2
:10FEE8006FF0860070476FF0860070470000C07F93
:10FEF8008A42F8B506460D4600F00A8101F0FE4137
:10FF0800B1F1C06F61D1884C22F4FF7121F0010179
:10FF1800A14222F0FF0014D004F58854A04210D06A
:10FF280022F47F7626F00306A4F57064A64208D072
:10FF380004F5A064A04204D004F57454A14240F032
:10FF4800EB80D1B2784E19B922F48061B14224D144
:10FF580025F4FF7424F00104B44225F0FF0112D007
:10FF6800724EB1420FD025F47F7727F00307A6F52C
:10FF78007066B74207D006F5A066B14203D006F511
:10FF88007456B44209D115F0FF0406D0684E44F007
:10FF98000074B44204BF02460D468BB122F4FF73CD
:10FFA80023F00103B3F1062F06D0624B22F4FF6160
:10FFB80021F00701994203D122F4807225F480755B
:10FFC800954214BF00200120F8BDB1F1A06F16D1F1
:10FFD80002F0FE43B3F1A06F40F0888082EA050387
:10FFE80033F47E1340F0828028047FD5C5F30540A2
:08FFF800C2F3054290428CBFE8
:020000021000EC
:1000000000200120E4E74E4B9D4209D1A3F50043B7
:100010009A4200F081804B4B22F47E109842D4E744
:10002000B1F1407F60D102F0FE43B3F1407F5BD17C
:1000300082EA050030F47E1456D131462846FFF797
:100040003BFF00286AD1404912F47C1701EA020103
:1000500013D0B1F1607FC2F3054333D1D1B241F087
:10006000007101F17E410339122901D83748445CFF
:1000700015F47C1F2DD19C42A7E7B1F1607F0AD116
:10008000D3B243F0007303F17E43033B122B4BD8F2
:100090002F49CB5CE2E7B1F1707F17D106F4E04362
:1000A000B3F5005F42D10123C6F302218B4006F471
:1000B000E041B1F5005FDBD10120C6F3022600FA72
:1000C00006F4D5E7B1F1707FD2D1F0E700242346E2
:1000D000CEE71FB9C5F30541A1421DD0290403D5C0
:1000E000C5F3054098428AE71A4B9D4202D1B2F10E
:1000F000082F6AE725F0004323F47F03B3F1106F64
:100100000CD102F0FE43B3F1106F07D1124810403A
:1001100040F01060A84258E7012059E7002057E757
:10012000002B7FF446AF4FE7002397E70023BEE79D
:100130000002000600130006FF0000020040000657
:100140000093C004000140050000C07F62DA010096
:1001500062DA01000002C0030000FFF670B5054638
:100160000F480E46FFF772FE044618B16FF08F0479
:10017000204670BD6B6933602B7F012B0ABF0223C1
:1001800030602B77064818BF6FF09604FFF768FEC3
:100190000028EDD0002CE9D06FF09604E8E700BF0E
:1001A0005422002038B50C4C0C48FFF74FFE657800
:1001B0000A48FFF755FE0A48FFF748FE022D08D10E
:1001C0002478E31F5C425C410548FFF749FE204666
:1001D00038BD0024F8E700BF0C2300203C2200209B
:1001E000482200202DE9F047894615461C4600F0BC
:1001F0006DFD0646002851D1D9F80070B7F800A06F
:100200000AF4E043B3F5804FBB6808BF25F0010551
:1002100035EA03033AD1002C40D0B5F5006F40D049
:10022000A5F5005255425541284A24F4FF7323F0A6
:100230000103934213D0264924F0FF028A420ED0D4
:1002400024F47F7020F00300A1F57061884206D08D
:1002500001F5A0618A4202D01E4A934223D114F0D4
:10026000FF0304D01C4A43F00073934222D02B4674
:1002700022465046F968FFF73FFE804670B92B468C
:10028000224650463969FFF737FEE0B96FF0840621
:1002900000233846C9F8003000F050FD3046BDE874
:1002A000F0870125C0E704F0FE43B3F1407F04D19D
:1002B0002304DCD56FF08606EAE7B3F1A06FF7D030
:1002C000054B9C42D2E74646E8E700BF0002000625
:1002D0000013000600460006FF00000238B500F0DB
:1002E000FE43B3F1407F04460D4602D06FF0860016
:1002F00038BDFFF7E1FD0028F8D114F47C1F18D0B9
:10030000C4F30543032B137022D9224A2240B2F1D1
:10031000607F31D1E4B244F0007404F17E44033CC8
:10032000122CE3D81C4A125D9342DFD8202BDFD970
:100330000EE0184B2340B3F1607F0FD1E3B243F0DE
:10034000007303F17E43033B122B04D90023137087
:100350006FF08500CCE71149CB5CD3E7B3F1707F38
:10036000F4D101F4E043B3F5005FEFD10123C1F311
:1003700002218B40DBB2C5E7B2F1707FB6D105F444
:10038000E042B2F5005FB1D10122C5F30225AA40D7
:10039000CAE700BF0000C07F62DA010062DA010034
:1003A0002DE9F3414768D0F81480044638460E46DC
:1003B00009F08DF90546E8B9FFB22FB9B8F1000F81
:1003C00005D06FF0860515E0B8F1000FF9D0A368ED
:1003D00023F0031323F47F43002BF2D14FF6F8737D
:1003E00062889A4228D816482779FFF72FFD28B14E
:1003F0006FF08F05284602B0BDE8F08107B901A86B
:10040000314600F013FC05460D48FFF729FD10B1F9
:10041000002DEFD1ECE7002DECD10FCCD6F800C0C9
:1004200066460FC694E8070086E80700002FE1D172
:10043000019BCCF81430DDE76FF08505DAE700BFEB
:100440005422002010B5044650B10648FFF7FEFCC8
:10045000204608F070FFBDE810400248FFF700BDDD
:1004600010BD00BF5422002013B5044610B301A9EB
:1004700000F02CFC0446E8B91948FFF7E7FC0346F6
:10048000019853B1002409F00DF9002818BF044663
:100490001348FFF7E5FC68B109E0037F032B11D196
:1004A00009F000F904460E48FFF7DAFC28B10CB950
:1004B0006FF08F04204602B010BD002C08BF6FF013
:1004C0008704F7E7022B07D1032303770379FF2B78
:1004D000D8D16FF08404D6E76FF09604D3E700BF5D
:1004E000542200202DE9F04190461E46002288B09B
:1004F000038805460F460592CDF81C803260B8F19E
:10050000000F65D0B8F1005F80F0A18023F0FF03F9
:10051000B3F5E24F02D0B3F5824F25D1284608F05B
:10052000E8FD0446002840F08680EB6883B16A88C5
:1005300072B12B8803F44F41B1F5824F02D0B1F56F
:10054000884F05D1DBB2222B36D02CD8122B38D0D5
:100550003A46002308EB070112F8010B8A4243EAEE
:100560000003F9D1002B33D0284605A9FFF718FF67
:100570000446A0B9059B9B6A6BB3059B39465A8814
:100580002846069206AA029203F1280201929A6A6C
:1005900000925B6A424609F0CCF8044680B30598A5
:1005A000FFF750FF47E0273BDBB21B2BD0D8294990
:1005B00021FA03F3DB07CBD50732B8EBD20FC7D252
:1005C00006E040F209239A42F6D1B8F1400FBFD8B5
:1005D0006FF086042FE06B681B0A07D10799059816
:1005E00008F069FE04460028C7D0D8E742463946DD
:1005F000284607AB09F075F804460028EED0CEE790
:100600000599069B4A88D2B94B804FF6F873069A33
:100610009A4219D82B88059813B102889A4210D1B2
:100620006B8813B142889A420BD13146FFF796FD91
:1006300004460028B3D1204608B0BDE8F0819A42B4
:10064000E3D06FF08604AAE76FF08504A7E76FF0A8
:100650008504F0E70102000C38B504460D46FFF7AB
:10066000A1FD30B12A462146BDE83840024809F0D4
:1006700012B96FF0880038BD102300202DE9F04F2B
:100680009B4600238FB0099301F0FE43B3F1806FC6
:100690000E46DDE9187A9146DDF868800ED06FF0DD
:1006A0008604099800F04AFB002C40F0888010B1C5
:1006B0000023C8F800300FB0BDE8F08F0B464FF4B0
:1006C000807209A9FFF78EFD04460028E9D1099B35
:1006D0001B8803F4E042B2F5005F1BD113F4E06F16
:1006E00018D0384926F480728A420AD001F5007188
:1006F0008E4206D034498E4203D0A1F53F418A4252
:1007000008D10125C3F302239D40102D0AD96FF0B3
:100710008304C6E742F2040293423CD12B4B9E4233
:1007200040D10C25002FBAD0AA4545D329460AA8A6
:10073000FFF792FF04460028B3D14F453AD07A190B
:10074000AAEB0503CDE90423CDE9029B09980DF13D
:10075000280ACDF818800195CDF800A03346D0E9DD
:10076000091209F03CF8044600289AD1002D98D0CF
:100770004F4505D13946D8F80020781909F0A8FA74
:100780002A465146384609F096FAD8F800302B44EC
:10079000C8F8003085E742F20702934202D10B4BC2
:1007A0009E42B4D00A4B9E4201D10D25BAE73A468B
:1007B0000025C5E73A46C3E76FF0890471E7204694
:1007C00076E700BF0010C00400FF40040001800471
:1007D0000013C004002273B503880A6000924288A7
:1007E00004460D46002A00F0FF80028802F4E04231
:1007F000B2F5804F00F0F88023F0FF03B3F5E24F2D
:1008000002D0B3F5824F04D1204608F072FC0646B0
:10081000D0B969462046FFF7C3FD064660BB009B82
:100820009B6AA3B10099204601F12803D1E909127E
:1008300008F061FF06460098002E40F0D28029465D
:10084000FFF78CFC0646B8B9304602B070BD63684D
:100850001B0A40F0BD802288618802F4E043B3F5B2
:10086000805F0DD0B3F5005F0AD002F44F40B0F5C1
:10087000824F1ED06FF085060098FFF7E3FDE3E797
:10088000104608F0E9FC06460028F5D147F20103BE
:100890009A4220D14B080133DB0803EBC3033B33FF
:1008A0000193DDE9000108F006FD06460028B9D0F5
:1008B000E2E7B3F5E04FDDD147F201039A42E9D018
:1008C00022F0FF03B3F5884F15D1CB1DDB0803EBF6
:1008D00043030133E4E744F201039A4202D1CB0817
:1008E0001033DDE722F0FF03B3F5E84FEAD1CB1D6B
:1008F000DB085B00D4E7B3F5EE4F67D0B3F58E4F5E
:1009000002D1CB1DDB08CBE702F44F40B0F5824F9C
:1009100002D0B0F5884F06D1D0B2422801D1CB0821
:10092000D7E74128EDD0B3F5E24FEAD0B3F5824FD7
:1009300003D1CB1DDB085B00CBE744F20D039A42E9
:1009400024D844F201039A42DBD9A2F58042023A4C
:100950000B2AD6D801A353F822F000BFA109010049
:1009600003090100AD0901000309010003090100A9
:10097000B5090100BD0901000309010003090100D7
:10098000C509010003090100C509010047F202037E
:100990009A421BD047F204039A42B2D140237FE728
:1009A0004FF4A0724B095343203379E74FF4C072E0
:1009B0000B0AF8E7CB1DDB08183371E7CB1DDB080A
:1009C0001C336DE7CB1DDB08023392E7202367E77A
:1009D000204601A908F08AFE064600283FF461AFD0
:1009E0004AE708F09DFC47E76FF086062CE700BF5A
:1009F00010B51B4C1B48FFF729FA2378590744BF51
:100A000003F0FB0323709A0705D500F0F5F823786F
:100A100023F0020323701348FFF722FA1248FFF76E
:100A200015FA637813B1114808F046FF002304213A
:100A30000E486370FFF734FA0B48FFF711FA0948C4
:100A4000FFF704FA2378DB0705D508F049FE237881
:100A500023F0010323700348BDE81040FFF700BAFC
:100A60000C230020482200203C22002010230020DC
:100A700070B5FFF797FB10B10024204670BD3448D5
:100A8000FFF7E4F9044620B16FF08F04FFF7B0FFE1
:100A9000F3E7304D2B789E0706D400F0A5F8044606
:100AA0002B7843F002032B702948FFF7D9F910B1D6
:100AB000002CE9D0EAE7002CE8D12548FFF7C6F979
:100AC00004460028E0D12B78D80706D408F006FEAB
:100AD00004462B7843F001032B701D48FFF7C0F943
:100AE0000028E5D1002CD1D11948FFF7AFF9002833
:100AF000CAD117482E78FFF7B3F90028C4D1164899
:100B0000FFF7A4F904460028BED16B783BB9F10782
:100B100005D5124808F0BDFE022304466B700E484E
:100B2000FFF79EF90028C3D1002CAFD10848FFF78A
:100B30008DF90028A8D12B7805485A075CBF43F0EF
:100B400004032B70FFF78CF9002895D09CE700BFB9
:100B5000482200200C2300203C22002010230020EB
:100B600000F140420F2A30B50CD82C241C4B04FB5A
:100B700002331A7F022A02D15A69824224D06FF0CE
:100B80008B001AE06FF04043441E9C420ED2144A80
:100B900000241346157F022D02D15569854210D0DD
:100BA0000134102C02F12C02F4D1E8E70D4BA2F530
:100BB00080529A42EBD96FF0870030BD6FF09600FB
:100BC000FBE72C2202FB04331A7F022AF6D11A6AB1
:100BD000501CF3D001321A6200200B60EDE700BF19
:100BE00014230020FFDFFF3F0122024B002083F887
:100BF000C0227047142300202DE9F0410A4C002543
:100C000026464FF0010803272046C4F820802777A6
:100C1000013508F090FB102D04F12C04F4D10023D1
:100C200086F8C032BDE8F08114230020F8B5244DC9
:100C3000064624480F46FFF709F995F8C0422148B7
:100C4000FFF70EF9002C34D000242B462246197FE2
:100C5000F9B13CB9022905D1196A19B919790029E4
:100C600018BF1C460132102A03F12C03EFD114B92E
:100C70006FF08C000BE0237F022B04D1236A5A1CF7
:100C80001CBF01332362204608F055FB10B100243D
:100C90000DE01C46237F7BB90123237736B10A4B35
:100CA000651BAD105D4305F18045356000203C605B
:100CB000F8BD6FF08800EAE76FF09600E7E700BF45
:100CC0001423002048220020A38B2EBA002370B5E5
:100CD0000B60044616480D46FFF7B8F8154B14484C
:100CE00093F8C062FFF7BCF8FEB11348FFF7AEF807
:100CF000064618B16FF08F04204670BD2046294685
:100D0000FFF72EFF10F18C0F044607D00A48FFF7BB
:100D1000A7F80028F0D0002CEED1EBE706482E60B3
:100D2000FFF79EF86FF08704E6E76FF08804E3E7CB
:100D300048220020142300205422002010B504462D
:100D40000848FFF783F840B9204608F0ABFC04469A
:100D50000448FFF785F810B10CB96FF08F042046F6
:100D600010BD00BF5422002070B40A4EDCB24568AA
:100D700044F00074B4424FEA152503D035B970BC75
:100D800000F0A4B86FF0850070BC70476FF086006B
:100D9000FAE700BF05000002F7B5089E0D4FF5B257
:100DA000044645F000754868BD424FEA10200AD05D
:100DB00060B9009604F1080000F054F808B91C234B
:100DC000236003B0F0BD6FF08500FAE76FF0860096
:100DD000F7E700BF05000002F7B5089E0D4FF5B21A
:100DE000044645F000754868BD424FEA10200AD01D
:100DF00060B9009604F1080008F05BFE08B91C23F6
:100E0000236003B0F0BD6FF08500FAE76FF0860055
:100E1000F7E700BF050000027FB50024C0F8484195
:100E20000F4C0546009408F0E5FC044698B91022E2
:100E300003AB05F59C76019328463346009205F5F1
:100E4000947108F0EAFC044628B9304608F060FDC9
:100E5000204604B070BD284608F0EBFCF8E700BF60
:100E6000004440042DE9F0411E46069B1746154AF2
:100E700023F47E13934204460D461BD10B88B3F531
:100E8000105F17D1A6F11002102A17D80E4BD340CD
:100E9000DB0713D54FF4A672002108F032FF0223BE
:100EA00084F84C313A46334629462046BDE8F041A5
:100EB000FFF7B2BF6FF08500BDE8F0816FF08600EC
:100EC000FAE700BF0002C003010101002DE9F04371
:100ED00023F47E16124BDDF82C909E42DDE9077C50
:100EE000DDE909E815D10388B3F5105F11D1A2F14E
:100EF0001004102C11D80B4D25FA04F4E3070CD57F
:100F00003B46CDE90989CDE907CEBDE8F04308F0BD
:100F1000A7BD6FF08500BDE8F0836FF08600FAE7AB
:100F20000002C0030101010073B50C4611461A46C8
:100F300023880546B3F5105F069E19D1A2F110046F
:100F4000102C12D80C4BE340DB070ED50B4B9E4206
:100F50000ED100242346009400F0A4F8204685F822
:100F60001C41C5F8186102B070BD6FF08600FAE749
:100F70006FF08500F7E700BF010101000044400465
:100F80002DE9F04116461F46D0F818210E4B0546B4
:100F90009A42884611D1314600F0A4F8069B0446D7
:100FA00098420DD8334628464246394600F0A8F804
:100FB0000020079B1C60BDE8F0816FF08500FAE718
:100FC0006FF08900F7E700BF0044400470B5008867
:100FD000C8B0B0F5105F4D9E4F9D22D1A2F1100018
:100FE000102821D8134C24FA00F0C0071CD5124851
:100FF000834216D105F00F00064315D1519B9D4247
:1010000015D8529B03A81D603346009600F04AF89D
:1010100003A82B464E9A509900F072F8304648B01B
:1010200070BD6FF08500FAE76FF08600F7E76FF0AC
:101030008900F4E7010101000044400470B5184E36
:10104000049CB342458802D06FF0850070BDEE1D50
:10105000B2EBD60F4FEAD60302D06FF08600F5E769
:10106000079A934218D8089A136047F21212008820
:101070009042E9D1059A5B0001339342EDD1237888
:10108000042BEAD1B5F5807FDED10698621C00F012
:1010900067F90028DAD0E0E76FF08900D6E700BFF3
:1010A00000000209F8B5069F04461D4661B11646C8
:1010B000AFB9EFF751FA002384F8116184F8127187
:1010C00084F8103184F8133145B11022294604F117
:1010D000F00008F0F0FD012384F81331F8BDEFF7BC
:1010E000CFFBE8E751B190F8103190F812210B4492
:1010F00002F001029B1A23F00F0070470846704768
:101100002DE9F04F1E4690F8123187B090F81091FB
:101110000093002E52D0924603F00108C9F110024C
:1011200008EB0203B342044600F5807700F2C38067
:101130000D46002A40F0B280009B002B69D194F844
:10114000133104F1F009C846002B40F0C08022465C
:101150003946484694F81131EFF7AAF80F2E40F2BD
:10116000CD80D046A6F1100323F00F031033019376
:1011700005EB030B94F813311BB3102341464A4689
:1011800038469844EFF7AEFD10224946284608F04D
:1011900092FD103522463946484694F81131EFF752
:1011A00087F85D45E6D116F00F0623D184F810616B
:1011B000C84610224146584608F07DFD07B0BDE8FC
:1011C000F08F41461022384608F075FD102249463E
:1011D000284608F070FD103522463946484694F8F6
:1011E0001131EFF765F8AB4508F11008C2D116F0E0
:1011F0000F06DBD0019B9A4451463846324608F030
:101200005AFD009B84F81061002B7DD00DF1080879
:10121000CFE794F811312246394602A8EFF7DEF9FC
:1012200094F81331002B5BD1B8F1000F0CBF4FF0D5
:1012300010094FF011094E4529D304F1F00801E0DF
:101240004E4524D3102251463846924408F033FDCF
:101250001022284602A908F02EFD94F811312246EA
:10126000394602A8EFF7BAF994F81331103E103559
:10127000002BE5D002A9084642461023EFF732FDC5
:1012800010223946404608F016FD4E45DAD22EBBF4
:10129000AB460DF1080884F810618AE7514607EB68
:1012A0000900924408F007FD009B103E4E44002BBD
:1012B0003FF445AFADE707EB09005146324608F071
:1012C000FAFCB14484F8109107B0BDE8F08F102308
:1012D0004A4639463846EFF705FD38E7AB468BE717
:1012E00002A904F1F0094A4608461023EFF7FAFC78
:1012F00048461022394608F0DEFC95E7002EEDD175
:10130000AB4684F8106154E704F1F00950E700BFE0
:1013100000B589B00146684600F03EF809B05DF8B6
:1013200004FB00BF00B591B00146684600F06CF9BF
:1013300011B05DF804FB00BF30B599B005466846B2
:1013400000F02AF86946044608A800F055FA03465A
:1013500008A928461C4300F08BF9204619B030BD7F
:1013600070B598B005466846164600F015F8314647
:10137000044608A800F048F9034608A96A4608464A
:101380001C4300F083F9034608A928461C4300F0DB
:101390006DF9204618B070BD38B50B68124D1BBAF8
:1013A000C3614B682A461BBA83618B6804461BBA2B
:1013B0004361CB681BBA03610B691BBAC3604B69FD
:1013C0001BBA83608B691BBA4360CB6901461BBAA9
:1013D0000360EFF777FA034620461C4629461A4673
:1013E000EFF790FA601E38BD98AB01002DE9F0418F
:1013F00006460C46904688B0684602F1200106F188
:101400002007EFF759FD6A4669466846EFF776FC14
:1014100069463846EFF750FD3A463946384604F1FA
:101420002005EFF76BFC6A4669466846EFF766FCF5
:1014300041462846EFF740FD6A4641463046EFF701
:1014400023FD2A4629466846EFF758FC2A46694696
:101450006846EFF753FC69466846114AEFF74EFCC1
:1014600069462046EFF728FD324621462046EFF731
:1014700083FC324621462046EFF77EFC2246314669
:101480002846EFF779FC6A4629462846EFF7FCFC28
:101490003A4629462846EFF76FFC08B0BDE8F081D0
:1014A00078AC0100F0B504460D4699B02A4668466E
:1014B0002146EFF761FC69466846EFF7FDFC6A4696
:1014C000214608A805F1200604F12007EFF7DCFC0F
:1014D0006A4629466846EFF7D7FC3246394610A8D7
:1014E000EFF70CFC324639463046EFF745FC314603
:1014F0002846EFF7E1FC6A46204608A9EFF7FEFB15
:10150000224629462846EFF737FC6A46684608A96E
:10151000EFF732FC6A4639463846EFF7B5FC2A4603
:10152000684608A9EFF728FC6A4631463046EFF7CF
:10153000ABFC3A4631463046EFF71EFC684610A930
:10154000EFF7BAFC224669462046EFF715FC08A9DA
:1015500022460846EFF710FC10A9084608AAEFF744
:1015600093FC3A46384610A9EFF706FC19B0F0BDD7
:101570002DE9F04105460C46904688B00A4668467B
:101580002946EFF7F9FB69466846EFF795FC6A468E
:101590002946284604F12006EFF776FC05F12007DE
:1015A0006A4621466846EFF76FFC324639463046B8
:1015B000EFF7E2FB31462046EFF77EFC2A46214654
:1015C0002046EFF7D9FB6A4621462046EFF7D4FBC9
:1015D0006A4629464046EFF7CFFB42463946384631
:1015E000EFF752FC224629466846EFF7C5FB6A46EC
:1015F00031463046EFF748FC3A4631463046EFF781
:10160000BBFB08B0BDE8F08170B504460D4690B054
:1016100004F1200600F014F9304605F1200100F035
:101620000FF9214608A8EFF747FC08A908460D4A1C
:10163000EFF764FB08A922460846EFF725FC08A946
:101640000846094AEFF75AFB31466846EFF734FC83
:10165000202269460DEB0200EFF722FB013810B0A3
:1016600070BD00BF78AC010058AC010000F002B9B9
:1016700038B505460C4600F0FDF805F1200004F1F0
:101680002001BDE8384000F0F5B800BF13462DE951
:10169000F047B8B08946544A1946804610A8EFF77B
:1016A00011F95249024610A8EFF72CF90746179E88
:1016B0004D4907EAD676C6F1010210A8EFF722F9E4
:1016C000179C4A46E44328A918A8FFF78FFEE40FA9
:1016D00020A90846C4F101024FF0FE0AC7F1010734
:1016E00000F090F825466A4618A928A8FFF740FFA1
:1016F0004FEA6A1338AA02EB830353F8A04C0AF0AE
:101700001F03DC4004F0010465402A4628A918A8FC
:10171000EFF754F92A4630A920A8EFF74FF90AF15C
:10172000FF3A28A918A8FFF7BDFEBAF1FF3FD9D1AB
:10173000C4F1010220A908A800F064F866406A46D6
:1017400018A928A8FFF714FF324628A918A8EFF710
:1017500035F9324630A920A8EFF730F908A96A46D2
:101760000846EFF791FB08A9084600F09DF808A984
:1017700008F12004084609F12002EFF785FB204616
:1017800020A908AAEFF780FB08AA684618A9EFF776
:101790007BFB69466846EFF78FFB18AA694608A8E5
:1017A000EFF772FB21466846EFF786FB08AA694609
:1017B0001046EFF7E1FA68460D4A08A9EFF7DCFAA0
:1017C00020462021EFF780FA024608A968465442D5
:1017D0003C43EFF7F3F840466946064AEFF754FBFF
:1017E000204638B0BDE8F087D8AB0100F8AB010067
:1017F00058AC0100B8AB01000A460149FFF746BFEB
:1018000018AC010070B588B004460D46164600219C
:101810002022684608F075FA002329462022204637
:10182000009308F048FA2A4669466846EFF7A4FA9A
:10183000324669462046EFF7C1F808B070BD00BFD8
:101840000B681BBAC3614B681BBA83618B681BBAF8
:101850004361CB681BBA03610B691BBAC3604B6958
:101860001BBA83608B691BBA4360CB691BBA0360E8
:10187000704700BFCB691BBA03608B691BBA43601A
:101880004B691BBA83600B691BBAC360CB681BBA78
:1018900003618B681BBA43614B681BBA83610B6899
:1018A0001BBAC361704700BF70B50D46052498B0E0
:1018B000064610A8EFF700FB2A46684610A9EFF786
:1018C000E3FA694610A8EFF7F7FA10A90846EFF710
:1018D000F3FA6A4610A908A8EFF7D6FA08A910A8E3
:1018E000EFF7EAFA10A90846EFF7E6FA10A908465A
:1018F000EFF7E2FA10A90846EFF7DEFA10A908AAF6
:101900000846EFF7C1FA10A90846EFF7D5FA10A973
:101910000846EFF7D1FA10A96A4608A8EFF7B4FA1B
:1019200008A910A8EFF7C8FA10A90846EFF7C4FAFB
:10193000013C10A9F5D1084608AAEFF7A5FA05243D
:1019400010A90846EFF7B8FA10A90846EFF7B4FA5D
:10195000013CF5D110A908AA0846EFF795FA10A99D
:1019600008A8EFF7A9FA08A90846EFF7A5FA08A909
:101970006A466846EFF788FA1024694610A8EFF720
:101980009BFA10A90846EFF797FA013C10A9F5D188
:101990002A460846EFF778FA402410A90846EFF7E0
:1019A0008BFA10A90846EFF787FA013CF5D110A988
:1019B0006A460846EFF768FA102410A90846EFF7C0
:1019C0007BFA10A90846EFF777FA013CF5D110A988
:1019D0006A460846EFF758FA102410A90846EFF7B0
:1019E0006BFA10A90846EFF767FA013CF5D110A988
:1019F000084608AAEFF748FA2A46304610A9EFF73A
:101A000043FA18B070BD00BF10B50C4C236813B179
:101A10000B4B1B682BB900F041FF30B90122084B7A
:101A20001A6001232360002010BD0138072801D966
:101A3000044810BD044B53F8200010BDDC250020E5
:101A4000D8250020FE8FFFFF98AC0100BFF34F8F19
:101A50000549064BCA6802F4E0621343CB60BFF34A
:101A60004F8F00BFFDE700BF00ED00E00400FA0566
:101A700030B44FF0FE3200250B4B0C4C0C4949683A
:101A8000C3F80024C3F80424C3F80824C3F80C24C2
:101A9000C3F81024C3F81424C3F81824C3F81C2472
:101AA000C4F8005530BC08470050845000408450B2
:101AB0000C040020024BD0E90012C3E90012704769
:101AC0000C0400200B4670B58CB00646144620214D
:101AD00003AA04A81D4600F0B7F9002835D1039BDE
:101AE000202B32D14FF0FF31194800F08BFF40BB63
:101AF000002000F0B7FF00BB00942B46202206F127
:101B0000100004A900F096FC0446012000F0AAFF92
:101B100078B90F4800F07EFF38B9B4B9202104A885
:101B200000F04EFF20460CB070BD0A48FFF7A0FF42
:101B3000F3E70948FFF79CFFEBE70748FFF798FF3B
:101B4000DAE70448FFF794FFD2E7044CEAE700BF66
:101B500098040020B8AC0100D0AC0100FE8FFFFF5C
:101B6000F0B504460E4615468FB0002859D03E4BBE
:101B700002689A4264D00DB1002969D027464FF41B
:101B8000A071384600F01CFF202106A805AA00F02D
:101B90005BF900285FD1059B202B5CD14FF0FF3112
:101BA000324800F02FFF70BB002000F05BFF30BB1D
:101BB000002302952022019606A907F11000009348
:101BC00000F0DAFA0546012000F04CFF98B92748EA
:101BD00000F020FF58B9002D41D1202106A800F0C7
:101BE000EFFE214B3B609CB128460FB0F0BD204872
:101BF000FFF73EFFEFE71F48FFF73AFFE7E71D4813
:101C0000FFF736FFD4E71A48FFF732FFCCE700258D
:101C1000194800F0FFFE0028E6D01548FFF728FF1E
:101C2000E2E74FF0FF31144800F0ECFE60B9134BCF
:101C30000D4A1B689342EAD005B196B10F4F9EE75B
:101C4000002528460FB0F0BD0948FFF711FFEEE769
:101C50006FF4E045C8E7202106A800F0B1FE084D6A
:101C6000C1E76FF4E045D3E7A5BCC95A980400204A
:101C7000B8AC0100D0AC010084040020E0250020B5
:101C8000FE8FFFFF2DE9F04F83B0002B00F0C780DF
:101C90001D4600230446884617462B608AB100295A
:101CA00000F0BD80002800F085805E4B02689A42FB
:101CB00044D1B7F5806F0AD95B4E304603B0BDE81A
:101CC000F08F002876D0574B02689A4236D1A14651
:101CD000D9F838311BB1D9F83020934235D94FF0BB
:101CE000FF31524800F08EFE00287CD1002000F029
:101CF000B9FE002873D1002309F1100A4FEAC70B7F
:101D0000424659465046009300F09AFA0646012092
:101D100000F0A8FE00285ED1444800F07BFE0028B9
:101D200055D11F2E1AD076B92F6044B9404800F023
:101D300071FE20B13F48FFF79BFE00E03E4E30466B
:101D400003B0BDE8F08F3D4EEFE700224846114654
:101D5000FFF7B8FE06460028C1D0E6E70022484655
:101D60001146FFF7AFFE06460028DED14FF0FF31E7
:101D70002E4800F047FE00284DD1002000F072FEF2
:101D8000002844D10023424659465046009300F0B3
:101D900057FA0646012000F065FE002833D123489B
:101DA00000F038FE0028BED02248FFF761FE002E6A
:101DB000BAD0C8E74FF0FF311D4800F023FED8B974
:101DC0001F4B1A68174B9A4211D01B4EAEE71948A9
:101DD000FFF74EFEA5E71B48FFF74AFE9CE71948B0
:101DE000FFF746FE87E71348FFF742FE7EE7B7F5A9
:101DF000806F05D90C4E99E70E48FFF739FEDFE7F3
:101E0000DFF83C9064E70F48FFF732FEC7E70D4864
:101E1000FFF72EFEB6E70748FFF72AFEADE76FF49F
:101E2000E0468CE7A5BCC95ADE8FFFFF980400206E
:101E300084040020B8AC0100E88FFFFFFE8FFFFF95
:101E4000E0250020D0AC01002DE9F047DFF89CA090
:101E500080460D46DAF800004FF0FF31914600F061
:101E6000D1FDA8BB002000F0FDFD68BBC5B1002678
:101E70001F4F0AE0182D2C4628BF18243946224649
:101E800000F09CFD2D1B26440BD01821384600F095
:101E900027FB034608EB0600002BEBD0154C03E0B4
:101EA0002E460024C9F800601148182100F088FD72
:101EB000012000F0D7FDA8B9DAF8000000F0AAFD73
:101EC00050B92046BDE8F0870B48FFF7D1FDCDE7BC
:101ED0000A48FFF7CDFDC5E70848FFF7C9FD2046D2
:101EE000BDE8F0870448FFF7C3FDE5E7880400205C
:101EF00020270020FE8FFFFFD0AC0100B8AC01000E
:101F000010B5044650B1636813F0685F05D0064A07
:101F1000934202D000236260236010BD034B04484B
:101F20005B689847EFE700BF2C5F5CA90C040020BA
:101F3000F0AC0100C8B143680D4A934213D013F0CE
:101F4000685F0ED0012350E8002F194640E8001CBE
:101F50009CF0000FF7D1012AF5D0BFF35F8F00206E
:101F6000704704487047044870476FF4E04070477A
:101F70002C5F5CA9E98FFFFFEA8FFFFF034680B16A
:101F8000426809498A420AD012F0685F05D0BFF35F
:101F90005F8F002210461A6070470448704704485B
:101FA00070476FF4E04070472C5F5CA9E98FFFFF3A
:101FB000EA8FFFFF10B5044620B10023034A2360D7
:101FC000626010BD0248FFF753FDF6E73A00003AA1
:101FD00018AD010070B5184CD0F804C00568C4F8FD
:101FE00004C0D0F808C0C068C4F808C0E06025602C
:101FF0000868124B124A18604868586088689860F0
:10200000C8680969D8601961536813F0685F05D022
:1020100000230C49104651601360A8470A484368E2
:1020200013F0685F07D0002206492368C0E9002149
:10203000BDE87040184770BD28040020140400203B
:10204000480400202C5F5CA9400400202DE9F047E3
:10205000044684B0A64694F81FC015464FF01008F9
:10206000002294F81E90637F0CF1010A09EB1A29F3
:1020700094F81CC003EB19230CEB132C6377E37E5D
:1020800084F81CC003EB1C2394F81AC0E3760CEB15
:10209000132C637E84F81AC003EB1C2394F818C039
:1020A00063760CEB132CE37D84F818C003EB1C2340
:1020B00094F816C0E3750CEB132C637D84F816C0FE
:1020C00003EB1C2394F814C063750CEB132CE37C16
:1020D00084F814C003EB1C2394F812C0E3740CEBD7
:1020E000132C637C84F81E9003EB1C23637484F828
:1020F0001FA084F812C094F810C00E460CEB1323F6
:102100000EF8103F04AF022110462346CDE901E846
:10211000009200F073FE10B1BD46BDE8F0872021AB
:10212000204600F001FF0028F6D12946304600F095
:10213000FDFE0028F0D11F2D15D8C5F1270323F08F
:1021400007036E46ADEB030DC5F120050DEB08044A
:1021500001462A46204607F0D4FD2946204600F0D5
:10216000E5FE38B9B5460021084600F01BFFBD4624
:10217000BDE8F087B546CFE7F0B589B00546DDE9A3
:102180000F46002C47D02022684607F094FD66B326
:10219000731E022B51D921466A4626F003002044C3
:1021A00051F8043B1768814283EA070342F8043B75
:1021B000F6D1B30719D026F003031DF80310E25C33
:1021C0004A400DF803205A1C96420ED91DF8020011
:1021D000A15C023341409E420DF8021005D91DF862
:1021E0000310E25C4A400DF8032024220021284617
:1021F00007F087FD202269462846FFF727FF04469F
:1022000010B9012300242B620821684600F022FB4C
:10221000204609B0F0BD0F462422214607F071FD8B
:10222000202239462846FFF711FF04460028EFD147
:10223000012320462B6209B0F0BD0023BDE700BF9B
:102240002DE9F04300271D46036ABDB00133CDE9F7
:102250000477CDE90677CDE90877CDE90A7775D01F
:1022600004460E469046002D6ED02946449AFFF74C
:10227000EDFE002865D100221020E17F94F81EC0F9
:10228000637F01F1010E0CEB1E2C217F03EB1C235D
:1022900001EB13216377E37E217703EB1123A17E0A
:1022A000E37601EB1321637EA17603EB1123217EFC
:1022B000637601EB1321E37D217603EB1123A17DEE
:1022C000E37501EB1321637DA17503EB1123217DE0
:1022D000637501EB1321E37C217503EB1123A17CD2
:1022E000E37401EB1321637CA17403EB1123217CC4
:1022F000637404F1100701EB1323237484F81EC0E8
:1023000084F81FE02346CDE90170022110460092B7
:1023100000F074FDA8B94046F10800F005FE80B950
:102320005FEA162916D080464FEA092901E0C84520
:1023300010D0202104A800F0F9FD08F580780028CD
:10234000F5D03DB0BDE8F08304AD94E71F203DB06B
:10235000BDE8F083B14507D0A6EB0901C90804A880
:1023600000F0E4FD0028ECD10CA800F0AFFD002146
:10237000084600F017FE0028E3D1102212A93846C3
:1023800007F099FCE07FA37F0138627FA3EBD07355
:102390009BB2A2EBD332A377237F92B2A3EBD233CB
:1023A000E077E07E9BB2A0EBD3302377A37E80B2B0
:1023B000A3EBD0336277627E9BB2A2EBD332A376DB
:1023C000237E92B2A3EBD233E076E07D9BB2A0EB0A
:1023D000D3302376A37D80B2A3EBD0336276627DC7
:1023E0009BB2A2EBD332A375237D92B2A3EBD2337F
:1023F000E075E07C9BB2A0EBD3306275A27C80B22A
:10240000A2EBD0322375637C92B2A3EBD233E0749B
:10241000207C9BB2A0EBD330A274207429462022EA
:1024200020466374FFF712FE00288AD1236A013325
:10243000236286E7F0B589B005460E9E002B43D097
:10244000684617461C4607F036FC66B3731E022B1F
:1024500044D9A646EC4626F003022244DCF80030BC
:102460005EF8041B594096454CF8041BF6D1B3079F
:1024700019D026F003031DF80310E25C4A400DF862
:1024800003205A1C96420ED91DF80200A15C0233AB
:1024900041409E420DF8021005D91DF80310E25C80
:1024A0004A400DF803203A4669462846FFF7CEFD1C
:1024B000044610B9012300242B620821684600F06D
:1024C000C9F9204609B0F0BDFFF7C0FD0446002859
:1024D000F7D1012320462B6209B0F0BD0023CAE7E3
:1024E0002DE9F04F8FB0BF4C00AF2378C7E9010151
:1024F0002BB9204600F0B2FF204601F0E9F84FF07A
:10250000000BB94BBA68A3FB02231B09C7E9043BC4
:10251000B44800F0FDFF8246002852D1B34C237C22
:10252000002B40F0B3804FF47F03D3F80C2CE94626
:10253000013200F08081D3F80C2CAB4B172AA3FB9F
:1025400002134FEA131640F29F80FE604FF000081E
:102550004E46C7F800A00622A24807F1200101F06C
:1025600017F8002840F06A81A14BA168E5689868D7
:1025700007F1200C07F1380EDCF800301F229946D5
:1025800003E0A8420ED0531C20D04B46D34013F09A
:10259000010313BF002101311D460135884202F1BC
:1025A000FF32EED19348C4E902154FF00E0AFFF74F
:1025B0005FFAB54600F0E2FF8A4801F08DF8002886
:1025C000A6D150463C37BD46BDE8F08F0CF1040C57
:1025D000E645D1D1864B4FF0180CD3E90092134653
:1025E000C4E9021562464FF0000B41469C46206844
:1025F00007F1200EC0F580684FEA58184FEA8808A6
:10260000904528BF90465FEA980A034627D0C7E95D
:10261000063EAEF10400656800EB8A0A50F804EF4C
:102620004FEA5E0303F05533AEEB03034FEA930E1C
:102630000EF0333E03F03333734403EB131303F014
:102640000F3303EB032303EB03431B0EC3F1200300
:1026500082451D44E2D1D7E9063E1846656000EB8D
:10266000C803B3F5806F1846A2EB08024BD0C644EE
:10267000002ABFD1FB6801F1010898452060FFF4F2
:102680006AAFD7F800A0B54601232374BB68172BA7
:1026900040F2A18000237A697968984601EB8201B3
:1026A0008946D346FA61062249464E4800F070FF3B
:1026B000CC46002840F0C580D4E902564C4BA9F125
:1026C000040E9968FB699A461F225EF8040F03E026
:1026D000B1420ED0531C22D020FA02F313F00103B2
:1026E00013BF002501351E4601368D4202F1FF322F
:1026F000EED14048C7F814A0C4E902564FF00E0AC4
:10270000FFF7B6F956E763684B4580F08A8063456A
:1027100040F287800023C4F804B01846A7E709F107
:1027200014037345C4E90256CED1524618214046DF
:102730002F4BFA61D3E900EA2368C7F81490C3F578
:1027400080684FEA58184FEA8808884528BF8846AD
:102750005FEA980926D0ACF10405666805EB8909A3
:10276000C7F818C055F804CF4FEA5C0202F05532A2
:10277000ACEB02024FEA920C0CF0333C02F0333225
:10278000624402EB121202F00F3202EB022202EB61
:102790000242120EC2F1200216444D456660E1D19C
:1027A000D7F818C003EBC803B3F5806F2360A1EB23
:1027B000080121D0C4440029C1D1FB69D7F8149085
:1027C0000633FB613B6900F10108984509F11809DE
:1027D000FFF469AFDA4600F0D1FE50463C37BD4603
:1027E000BDE8F08F50270020ABAAAAAA68180020E5
:1027F000700400203CAD01006368734507D2534567
:1028000005D900230022C4E900230023D2E7FB6995
:102810000F487B614FF00D0AFFF72AF900F0AEFE7A
:10282000CAE64FF480630A4823604FF00D0AFFF7B1
:102830001FF9B546BEE64FF4047686E68246B546F5
:10284000B8E60546FB69AA467B6100F097FEB3E651
:102850003CAD0100890000F047B900BF3AB101EB7F
:10286000820251F8043B914240F8043BF9D1704791
:1028700008B500F037F830B900F03EF828B9064A3C
:10288000C2F80C0A08BD032008BD00F02DF800F0C6
:102890006DF8042008BD00BF0050845030B583B0EF
:1028A000FFF7E6FF044610B90B4D2B6813B1204625
:1028B00003B030BD02460146FFF752F950B9682215
:1028C000064901ABFFF7DEF920B92046044B2B6027
:1028D00003B030BD0524EAE760270020642700200C
:1028E0005AEA5A5A0020704700207047014BC3F83B
:1028F000040A70470050845010B5154800F06EF877
:1029000000B110BD134800F069F80028F9D1124C4D
:10291000204600F063F80028F3D1104B10481C60EB
:1029200000F05CF80028ECD10E4800F057F80028C1
:10293000E7D10D4800F052F801460028E1D100F03F
:1029400039F8044608B900F06FF8204610BD00BF02
:1029500098040020940400209004002088040020A3
:102960008C040020840400208004002008B50B485B
:1029700000F03EF80A4800F03BF80A4800F038F84A
:10298000094800F035F8094800F032F8084800F02E
:102990002FF8BDE8084000F00FB800BF98040020F1
:1029A00094040020900400208C0400208404002063
:1029B0008004002000207047704700BF07F088B9EE
:1029C00082B0019041B100239C461A460198013320
:1029D000994200F802C0F8D102B0704708B5034B25
:1029E00002681B6810689847002008BD2804002072
:1029F00008B5034B02685B6810689847002008BD63
:102A000028040020024B02689B681068184700BF2A
:102A10002804002008B5034B0268DB68106898475B
:102A2000002008BD2804002070B5094C094D20691C
:102A3000AB68984718B1084B08485B689847002175
:102A4000074AEB6811602069BDE87040184700BF75
:102A500014040020280400200C04002048AD0100CC
:102A6000CC270020F8B51A4D1A4E0446B2682869E2
:102A70009047E8B9184F3B684CB1A3B1012B19D06E
:102A8000013B3B602869F36898470020F8BD43B9D3
:102A90000121124AC2F800151149D1F81029002A63
:102AA000FBD101333B60F368286998470020F8BDEB
:102AB0000C48F8BD0A4AD2F81039002BFBD1074A5E
:102AC0006FF07E40C2F80035FFF710FF3B68D7E794
:102AD0001404002028040020CC270020004084504B
:102AE00000508450E98FFFFF2DE9F0410E4682B07F
:102AF000002879D000296FD0054601273D4C55E0CC
:102B0000D4F80CC02068D4E901E14FEACE524B0959
:102B100080EAC05842EA502243EACC638EEA0200BF
:102B20004B404FEA984E4EEA803E83EA08038CEA17
:102B30005C1283EA0E03424011EB030E82EA9042DC
:102B40004CEB0200082EB046C4E9023228BF4FF019
:102B5000080815F00303C4E9001CCDE900E032D1F8
:102B6000072E3DD8032E2CD9B8F10402C5F800E099
:102B700018D0042303F10801694411F8081C012A44
:102B8000E9540FD003F10900684410F8080C591CEF
:102B9000032A685406D103F10A026A4412F8082C89
:102BA0000233EA54B6EB0806454415D0237E002BC9
:102BB000A6D118212046FFF793FC0028F9D12776EB
:102BC0009EE74246D6E728464246694607F073F834
:102BD000B6EB08064544E9D1002002B0BDE8F0811B
:102BE000C5F800E06860DDE70029F5D0142002B0E8
:102BF000BDE8F0818018002031B10023013800F8D1
:102C0000013F01339942FAD1704700BF01202DE9FD
:102C1000F041764C764DC4F8100800F00BFC002310
:102C20006A68C4F84034C4F84434C4F84834C4F87A
:102C30004C34C4F86034C4F86434C4F86834C4F85C
:102C40006C34C4F8BC34D4F8C03402F0010223F070
:102C50000103C4F8C034D4F8C0341A43C4F8C02403
:102C60002868072805D1D4F8C03423F00103C4F83C
:102C7000C0345E4C8300D4F8C02403F01C0322F05F
:102C80001C02C4F8C024D4F8C0241343C4F8C034D0
:102C9000D4F8C03495F89C2023F00203C4F8C03463
:102CA000D4F8C03495F8341023F44053C4F8C03439
:102CB000AE6BD4F8C074002A4FEA063202F44052D8
:102CC00042EA07024B4BC4F8C02408BF002309BBEB
:102CD0001A68C4F800245A68C4F804249A68C4F82E
:102CE0000824DA68C4F80C24002E76D01A69012E64
:102CF000C4F810245A69C4F814246ED09A69C4F830
:102D00001824DB69C4F81C342868072868D0002020
:102D1000BDE8F0810229F8D11F683146384600F03D
:102D2000F9FCDFF8D48050B3D8F800202F4B12689C
:102D3000C3F80024D8F800205268C3F80424D8F857
:102D400000209268C3F80824D8F80020D268C3F89D
:102D50000C24D8F800201269C3F81024D8F80020F9
:102D60005269C3F81424D8F800209269C3F81824D3
:102D7000D8F80020D269C3F81C24BDE8F081D8F847
:102D8000003031461B683846C4F80034D8F80030AB
:102D90005B68C4F80434D8F800309B68C4F8083481
:102DA000D8F80030DB68C4F80C34D8F800301B6960
:102DB000C4F81034D8F800305B69C4F81434D8F87B
:102DC00000309B69C4F81834D8F80030DB69C4F8C7
:102DD0001C3400F0B5FC0028A6D12868072896D13D
:102DE0000122024BC3F87C2491E700BF00508450BD
:102DF000D0270020702800207C0400202DE9F84F07
:102E00000024984683460F4691462D4E2D4DC022F4
:102E100021463046DDF828A006F073FFC5F840448F
:102E2000C5F84444C5F84844C5F84C44C5F8604466
:102E3000C5F86444C5F86844C5F86C4400F0F2FA7B
:102E40002046C5F8C04400F0F5FAC5F81048C6E9B8
:102E5000007B86F83490C6F838A0B8F1000F0AD08D
:102E600001230AF102024146D20006F1A00086F8D1
:102E70009C3006F020FF102000F0C6FAFFF7C6FED7
:102E800040B9022F08D0072F04D01FB10E48FEF71B
:102E9000EFFD0620BDE8F88F0B9B1A68094BC3F8BD
:102EA00060240B9A5268C3F864240B9A9268C3F8A2
:102EB00068240B9AD268C3F86C24BDE8F88F00BF71
:102EC000D0270020005084503CAD010010B50446CE
:102ED000C022124906F0EFFE114B6022D3F84004E5
:102EE0001049A060D3F84404E060D3F8480420619E
:102EF000D3F84C046061D3F86004A061D3F8640493
:102F0000E061D3F868042062D3F86C3404F13C002B
:102F10006362BDE8104006F0CEBE00BFD02700209F
:102F200000508450E028002000F074BA70B51B4CAB
:102F30002368072B17D0A36A06460D46B3B10120BC
:102F400000F078FAA36A2B440F2BA3621CD901234B
:102F500001222946304600F0C1F9034620B9104B42
:102F60001B6C102B16D00023184670BDE36A002B93
:102F7000E5D0012000F02CFA2368072BDFD1A36AEB
:102F80002B440F2BA362E2D82368012B94BF0023AC
:102F90000123DDE700F01CFAE5E700BFD0270020A1
:102FA000E02800202DE9F04184B0DFF85481554B32
:102FB000D8F84020544CC3F8BC24A36A06460D46FA
:102FC00000AFB3B32368072B7ED1002000F000FAD6
:102FD00000224C4BC3F8BC2415B1D8F858302B60F4
:102FE0002368072B2FD000260024464DC0222146FF
:102FF000454806F086FEC5F84044C5F84444C5F887
:103000004844C5F84C44C5F86044C5F86444C5F864
:103010006844C5F86C4400F005FA2046C5F8C04481
:1030200000F008FA30461037C5F81048BD46BDE834
:10303000F081E36A002BCBD02368072B57D0012007
:1030400000F0C6F9C4E7E36A1BB901222D4BC3F8AF
:1030500024252C4B256BD3F8402403353A60D3F854
:103060004424AD087A60D3F84814EA1DB960616859
:10307000D3F84C04012922F007036C46F860ADEB4D
:10308000030D2CD129466846FFF7B6FD65B3002035
:10309000013D0DF1FF316D4411F8013F07F11002C0
:1030A00002EB830252F8102C56F8233053400343AE
:1030B00014BF01200020A942EED1ABB11348FEF7A6
:1030C000D7FC1226A5468FE7012000F0B3F923684C
:1030D000002B7FF47AAF012000F07AF978E72A46D6
:1030E00030463946FFF7BAFB0026A5467CE70120AB
:1030F00000F0A0F92368072B3FF467AF9FE700BFFC
:10310000E028002000508450D02700203CAD010072
:10311000F0B501246E4A6F4B92F85C5092F84870FB
:10312000A5428646C3F820483AD04FF4FE64C3F85F
:10313000044AD3F8084A44F47F64C3F8084A002FCD
:103140003AD1002D40F0BE80634B1C7C14B11C684A
:1031500084425ED993F8244014B15C69844269D9F1
:1031600093F8384014B19C6A84426FD993F84C406C
:103170001CB1DC6B844240F28480564BC3F828ECCF
:10318000C3F82C1C4FF40061524AD2F8003A31EADD
:103190000303FAD10023C2F8081AC2F82038F0BDA0
:1031A0004FF47664C3F8044AD3F8084A44F47F64C1
:1031B000C3F8084A002F43D0474BD46C1F7C17B18B
:1031C0001F68BC4248D293F8247017B15F69BC42B3
:1031D0005FD293F8387017B19F6ABC4261D293F8FE
:1031E0004C7017B1DF6BBC4263D227460C44D464E9
:1031F000946D0C449465374CC4F8287DC4F82C1D9C
:10320000002DA2D0012DC4F8300CC4F8341C1BD002
:10321000B8E75D68254485429CD9002505EB850506
:1032200003EB8503556D9A68DB68161B064405FBA6
:10323000036EA2E79D692544854291D90125EDE7FA
:10324000C3F8300CC3F8341C90219DE7DD6A254497
:1032500085428BD90225E1E75E6807EB060C6445E1
:10326000B1D24FF0000C0CEB8C0C03EB8C0CDCF8A7
:103270000860DCF80CC0F71B566D274406FB0C7782
:10328000B4E71D6C2544854288BF03257FF675AFE2
:10329000C4E79E6907EB060C64459AD24FF0010C17
:1032A000E1E7DE6A07EB060C644598D24FF0020CAA
:1032B000D9E71E6C07EB060C644538BF4FF0030CD2
:1032C00093D2D0E7C3F8300CC3F8341C5AE700BFE0
:1032D000E028002000508450902800202DE9F84379
:1032E000DFF8E4900646D9E9105C0F461446002A40
:1032F00059D1CDBBFFB1D9F8401089F8484061BB26
:10330000D9F844307D1EB5FBF3F503FB05F545B157
:10331000B5F5803F12D230462946FFF7F9FE7F1BF4
:103320002E443A463146284806F0C5FCD9F84030CC
:103330003B44C9F840300020BDE8F883D9F8444048
:103340003046C4F580384146FFF7E2FEA4F58033ED
:10335000ED181F444644DBD1E3E71B48FFF7D8FED6
:103360000023C9F84030CBE799F8483043B12946EB
:103370004846FFF7CDFEC9F84040BBE7002DB9D065
:10338000ACEB0502BA4209EB0500154628BF3D46E5
:10339000314606F090FCD9F840302E442B44C9F851
:1033A00040307F1BA6E7002BE8D0D9F850308B4285
:1033B00005D35B1AC9F85030002DE1D19AE70348D4
:1033C000FEF756FB1320B7E7E02800203CAD0100D4
:1033D00010B50C4C216C29B128B90A48FFF798FEAA
:1033E0000023236410BDC1F140026018002106F0E3
:1033F00088FC616C03482164FFF78AFE0023236484
:10340000F0E700BFE0280020014B5864704700BF80
:10341000E02800200246024B0020C3E91321704738
:10342000E028002060220021014806F06ABC00BFAD
:10343000E0280020074AD2F81039002BFBD1064BB8
:103440000449C2F800091870D1F81039002BFBD1DB
:10345000704700BF00508450902C00204FF47F0331
:1034600010B4D3F8102C013221D0D3F8102CF2B9BB
:10347000D3F8142C01322BD0D3F8142C42BBD3F840
:10348000182C013231D0D3F8182C72BBD3F81C2C75
:10349000013202D0D3F81C3CA3B34FF47F03D3F81E
:1034A0001C2C032101322AD0D3F81C4C08E04FF425
:1034B0007F03D3F8102C0021013210D0D3F8104C28
:1034C00001220023846001730270436010BC7047C6
:1034D0004FF47F03D3F8142C0121013202D140F2C2
:1034E000DC54EDE7D3F8144CEAE74FF47F03D3F84C
:1034F000182C0221013202D0D3F8184CE0E740F634
:103500003404DDE7014810BCFEF7B2BA3CAD01005F
:1035100070B5037843B3D0E901520124154B90F8FC
:103520000CC0C3F8C441C3F84041C3F8C441C3F858
:103530003021D3F830118A42F7D100203F261E21D6
:103540000422C3F82C01C3F80861C3F80011C3F8C2
:103550000C21D3F80C214CEA0202C3F80C21C3F869
:103560003851C3F82C4170BD0348FEF781FA0C2096
:1035700070BD00BF005084503CAD01000020034BE3
:10358000C3F82C01C3F8C401704700BF0050845039
:103590004FF0000C2DE9F84F864601244FF0FF351F
:1035A0004FF03F094FF01E0804270E466046464B79
:1035B000D3F8042112F00E0F53D0D3F80C21D3F816
:1035C000301102F00302032AC3F82C01C3F8BC41F6
:1035D000C3F8085169D0013242F0040AD2B2C3F8EC
:1035E0000CA1C3F830118EF80C20CEF80810D3F8D7
:1035F0000C11D3F8302101F0030BD3F838A1C3F834
:10360000C441C3F84041C3F8C441C3F83021D3F8E2
:1036100030118A42F7D1C3F82C01C3F80891C3F8DE
:103620000081C3F80C71D3F80C210CF1010C4BEAAA
:103630000202C3F80C21C3F838A1C3F82C41D3F817
:103640000421D10711D4BCF1640FB1D100221E4B6B
:103650001E48C3F82C21C3F8C421FEF709FA102034
:1036600021E0D3F80421D207A2D5BCF1640FEDD03C
:103670004FF0FF3201210020134BC3F8BC11C3F8F7
:103680000821D3F814213260D3F818217260D3F8DE
:103690001C21B260D3F82021F260D3F824213261DA
:1036A000D3F828317361BDE8F88F4A1C9FD04918C0
:1036B00040EB00028D4270EB020238BF4FF0FF3149
:1036C00000224FF0040A8AE7005084503CAD01000C
:1036D0000A234360704700BFC368032B05D0022B49
:1036E00014D80133C3600120704783685A1C0FD07F
:1036F00000224FF0FF3CDB1842EB020191420CBF6D
:1037000019466146C0E90212012070478368EFE75D
:10371000002070477F2809D851B10139022909D802
:1037200005497F280CBF08460020704702487047B3
:1037300008467047014870470100F7000300F70092
:103740000129F0B407D0022900F0898000295AD05D
:103750007248F0BC70470022714C724B4FEAC00CAB
:10376000C4F80015451C0CF57F04C3F8082104F5C6
:103770000444C3F80021C3F80421C3F800556A4E7D
:103780002468B44240F0B380196002E0002940F0A0
:10379000B580D3F80021D3F80841D3F804112243AF
:1037A000F4D0002C40F0B180002940F0A780012423
:1037B0005B4AC3F800150230C2F800455B4AC3F803
:1037C0000811C3F80011C3F80411C3F8000552F83A
:1037D0000C00574A904240F08E80524A1C6002E032
:1037E000002840F08B80D2F80031D2F80811D2F8CE
:1037F00004010B43F4D0002940F08C8000287DD1D7
:10380000C2F8000528E00124464BC200444E204483
:1038100002F57F02C6F8004502F50442C3F808111C
:10382000C3F80011C3F80411C3F800053E4D126837
:10383000AA4260D11C6001E000285FD1D3F80021CA
:10384000D3F80811D3F804010A43F5D000295CD15C
:10385000002853D1C3F800050020F0BC70470125B3
:103860000022304B2E4F4FEAC00C44190CF57F015B
:10387000C7F8005501F50441C3F80821C3F8002139
:10388000C3F80421C3F80045274E0968B1422ED180
:103890001D6000E091BBD3F80021D3F80841D3F8B4
:1038A00004112243F6D084BB41BB01241C4AC3F857
:1038B00000150230C2F800451C4AC3F80811C3F8CD
:1038C0000011C3F80411C3F8000552F80C00184A9F
:1038D000904210D1134A1C6000E078B9D2F8003150
:1038E000D2F80811D2F804010B43F6D083E7C3F8ED
:1038F000002510482DE7C3F80015FAE70022094B10
:103900000D48C3F80025F0BC70470022C3F800251D
:103910000A481EE70023C2F80035F9E70C00F10061
:103920000040845000900350005484500884FF00ED
:10393000105484500600F7000200F7000100F70061
:10394000F8B50E4B06461D68AB789B0712D56F681D
:1039500016F8014B29462CB90A20B847002805DB88
:10396000204609E02046B8470028F1DAAB7843F05A
:103970000403AB704FF0FF30F8BD00BFE4A60100B8
:103980000CB430B58BB004460D462022002102A8AD
:1039900006F0B7F90223002D06948DF80A300C4B7F
:1039A000039312DB01D06B1E1C440FAA0E9902A8D0
:1039B0000794019200F00EF815B1069B00221A70D0
:1039C0000BB0BDE8304002B070470024EDE700BF07
:1039D0004F9E01002DE9F04F43688BB08046924620
:1039E000009383789C0740F1F9800025087800282F
:1039F00000F0F68025280AD04B1C01930135414682
:103A0000009B98470028C0F2E3800199EEE74E78CA
:103A10008B1C252E0193F1D000270A22B9463C4683
:103A20001F2C22D8A6F12003102B20D8DFE803F0AA
:103A3000141F1F1A1F1F1F0B1F1F1F121F171F1FCF
:103A4000090044F00104019B13F8016B0193002E5F
:103A5000E6D13AE044F0020444F00404F3E744F011
:103A60000804F0E744F01004EDE77F2C24D8A6F119
:103A70003003092B08D860064EBF02FB073744F01D
:103A8000200402FB0939DEE72A2E0DD161065AF81F
:103A9000043B53D4002BA7BF44F020049946C3F144
:103AA000000944F02804CEE72E2E05D1630600F16C
:103AB000978044F04004C6E76C2E2ED028D8682E9C
:103AC00032D06A2E37D04C2E35D0002F46F020034E
:103AD000B8BF24F04004A3F16502BCBF0027A4B224
:103AE000022A01D9612B2BD10AF1070A07279D4E23
:103AF0002AF0070A0AF1080A210760D506EB070B2E
:103B000034465C455DD1AE1BA9EB0709A21959E10A
:103B1000742E98D07A2E96D0D7E7260648BF44F464
:103B2000007444F080048EE7E00548BF44F400745C
:103B300044F4807487E744F4207484E71F4682E7E6
:103B4000A6F16302122A00F2D880DFE812F0130017
:103B50004D00D600D600D600D6004D00D600D600C7
:103B6000D600D600D600E800D100D600D6001A0054
:103B7000D600A0005AF8043B012704AE8DF810309F
:103B8000BAE75AF8046B784B002E08BF1E4614F0B3
:103B9000400F304614BF39464FF0FF3106F0F5F8BC
:103BA0000746A9E741462020009B984700280FDBE5
:103BB000013CA742F6D34D44A1462D1B9EE74C463F
:103BC000F7E7414614F8010B009B9847002898DA64
:103BD00098F8023043F0040388F802304FF0FF35C4
:103BE00028460BB0BDE8F08F220630D5A3052AD5B4
:103BF0000AF1070A2AF007039A4659685AF8080B8F
:103C000024F0100B00291FFA8BFB2FDA40424BF4F3
:103C1000806B61EB410104AC0A23224606F0C1F837
:103C20001BF0400FA0EB040200F08E802BF001048B
:103C30009742A4B240F38F80002E40F08E802BF08C
:103C40001104A4B21DE05AF8040BC117D8E7E0052F
:103C50005AF8041B01D40846F7E7A20547BF48B24B
:103C600041F3C01108B241F3C031C9E750EA010382
:103C7000D1D16306CFD5002FCDD124F011043A461F
:103C8000A4B23B4640F206410C4262D124E024F04B
:103C900010040A23A4B214F0800243D014F400717B
:103CA00017BF0AF1070A5AF8040B2AF007029246D6
:103CB0001CBF51685AF8080B50EA01023ED124F0AB
:103CC000160B62061FFA8BFB3CD5002F3AD124F06D
:103CD00017043A463B46A4B221075AD4E10705D55A
:103CE000994572DDA9EB03039F184B469B464AE0BA
:103CF00044F0100410237826CDE7782B04D1C6F1C8
:103D0000780343F01003C6E741462520009B9847FF
:103D10000028FFF65DAF02354146304670E60823C5
:103D20000026B8E714F480715AF8040BC4D014F4D8
:103D300000711ABFC0B2114680B2BDE724F006047C
:103D40001FFA84FB04AC68E713465C46E10699D58C
:103D50002EB90133C0E71346F8E73B46F6E70233D6
:103D6000BAE700BFE9D80100E2D80100CDE902328C
:103D700041462020009B98470028FFF629AF0BF111
:103D8000010BDDE90232D945F0DCEB1A03EB0B0540
:103D90005B46E10627D541463020CDE90232009B43
:103DA00098470028FFF614AFDDE902327EB90135ED
:103DB0002F44791B8A4229DB144604AE94BB2A4463
:103DC000A9EB03091546914440E017468EE70235FA
:103DD00041463046CDE90232009B98470028DDE994
:103DE0000232E5DAF4E640F206410C42E0D014F08B
:103DF000020F05F10105414614BF2B20202014F4C9
:103E0000806FCDE9023218BF2D20E5E7CDE90232FF
:103E10004146009B3020013598470028DDE90232F9
:103E2000C7DAD5E6013C4146CDE90232305D009B60
:103E300098470028DDE90232C0DAC9E64146202071
:103E4000009B013598470028FFF6C2AEA9EB050399
:103E5000002BF3DCD9E500BF38B5044C044DAC426F
:103E600000D138BD54F8043D9847F8E70000000041
:103E7000000000007047836800EBC101B3F5004FFC
:103E80002CBF51F8220031F81200704700EBC1013D
:103E90008068B0F5004F2CBF41F8223021F8123075
:103EA0007047012208B5FFF7E6FFD04008BD8368E0
:103EB00000EBC101B3F5004F08D34B681AB143F0D2
:103EC00001034B60704723F00103FAE74B881AB1F6
:103ED00043F001034B80704723F00103FAE75300DE
:103EE0000122FFF7D3BF08B58368B3F5004F06D3AF
:103EF000FFF7D7FF01288CBF0020012008BD00205C
:103F0000FCE78368B3F5004F34BF04230823C91AC4
:103F1000081AC00870478368B3F5004F28BF0139FD
:103F2000B1FA81F0C0F11F0070472DE9F04117464A
:103F300003220E460446FFF79EFF8642054607F120
:103F400004080AD10122E368BA4023EA0203E360CD
:103F5000002344F82830BDE8F08131460222204693
:103F6000FFF789FF06462B4601460322204644F808
:103F70002850FFF78BFF334629462046BDE8F04125
:103F80000222FFF783BF38B504460D46FFF7ABFFAB
:103F900070B929462046FFF784FF01462046FFF707
:103FA000BAFF294602462046BDE83840FFF7BDBFAC
:103FB00038BD2DE9F04705468946FFF7ACFF05EB14
:103FC000800ADAF81070064677B94FF0FF34EB68D4
:103FD0000136B4401C4015D094FAA4F2B2FA82F231
:103FE000131D55F8234009E03C464FF003082146D5
:103FF0002846FFF756FF814507D832462146284616
:10400000FFF793FF2046BDE8F087214603222846AC
:10401000FFF731FFB8F101080446CAF81000D4D008
:104020008742E4D1D1E72DE9F04114460E4605461A
:10403000FFF737FFA4EB0608371B0744424631461B
:104040002846FFF74CFF3A4621462846FFF747FF30
:104050004346002221462846FFF718FF21462846FE
:10406000FFF71FFF3B46211800222846BDE8F0411C
:10407000FFF70CBF2DE9F041164604460F46FFF747
:1040800010FF314605462046FFF70BFF05442A4640
:1040900039462046FFF723FF31462046FFF701FF50
:1040A0002B46311800222046BDE8F041FFF7EEBE56
:1040B0002DE9F04104460D46FFF715FFB8BB294630
:1040C0002046FFF7EEFE01462046FFF724FF04EBF3
:1040D00080010E6996B90122E36882401343E360D0
:1040E00002220D612B4629462046FFF7CFFE032210
:1040F00029462046BDE8F041FFF7C8BE02223146FE
:104100002046FFF7B8FE0746034629462046FFF73C
:10411000BDFE0322334629462046FFF7B7FE394647
:104120002B462046FFF7B2FE02223146E1E7BDE80A
:10413000F08170B5056809B9002070BDAB6801F069
:104140000704B3F5004F34BF042208220734144497
:10415000E40804EBD1049C4228BF1C4628462146B3
:10416000FFF727FF06460028E6D001462846FFF75E
:1041700098FEA04209D93444314628462246FFF72A
:1041800052FF21462846FFF793FF28460122314679
:10419000FFF78DFEAB68B3F5004F34BF042308234F
:1041A00003EBC6031844C8E71146FFF7C2BFB2F5D8
:1041B000802F34BF042308232DE9F0410026D21AB2
:1041C0008C18CD1D25F0070524F00704641BE408B6
:1041D000056021462846AC60EE60FFF79CFE820039
:1041E00002F11B07FF083146043205F1100005F00B
:1041F00088FD3A4631462846FFF771FE334632467F
:1042000031462846FFF742FEA4EB07082846314610
:104210000122FFF74CFE42463946FFF760FE3B465F
:10422000324639462846FFF731FE21462846FFF739
:1042300056FE4346324621462846FFF727FE2146D2
:1042400028460122FFF733FE3946BDE8F041FFF76B
:104250002FBF2DE9F04706460D46174698462BB36B
:104260004FF0000A98F8004093F80190DB78A40022
:1042700004EB430498F802301C444444CA4509D373
:1042800039463046AC46D8F8042008F10803BDE8AA
:10429000F047604714F8013B0AF1010A204648F84C
:1042A0002340ECF733FE01300444E7E76FF01500DC
:1042B000BDE8F08730B502460024002012F8013B2B
:1042C00043B178B18C4207D1702B04D0A3F14005E3
:1042D0003A2D07D8002030BDA3F140053A2D01D872
:1042E0000134EAE7252B08BF80F00100E6E7002053
:1042F000704700F053BD0FB407B504A951F8040B83
:10430000019100F04BFD03B05DF804EB04B0704781
:104310000FB407B504A951F8040B0191FFF7E9FFA9
:1043200003B05DF804EB04B0704710B503690246B2
:1043300013F0080009D11368D4689C429BBF012088
:10434000126AE31AD31A0B6010BD00231846FAE76D
:1043500013B501A90446FFF7E8FF20B1019BE2680D
:10436000013B13440193206A019BC01A013802B03B
:1043700010BD10B5044650182269236AD20702D531
:10438000013B184010BD984228BFC01AFAE710B58B
:1043900004460A46C168FFF7ECFF2369E06023F09A
:1043A0000803236110BD38B50D46C2698B00016852
:1043B00043F00203044642F8213001682A46FFF721
:1043C000D8FFE3686168984208BF2369206008BF8E
:1043D00043F008032A46204608BF2361FFF7C9FFC0
:1043E000606038BD2DE9F74F0F460021D0F80CB0C2
:1043F000C669009216F82B209A4602F00302022AA0
:1044000014BF894656F82B2006EB8B030193009BC3
:1044100008BFC2F39D0919600446CAF80010B9F13B
:10442000000F07D04946FFF7B2FFE368A3604FF0E3
:10443000010804E001698A0705D44FF000084046EE
:1044400003B0BDE8F08F816906EB8B00884716F852
:104450002B10054611F00108EFD08B071DD51FB1B9
:1044600039462046FFF79FFF61682A462046FFF73E
:1044700080FFD4E902138B42606007D12A462046B0
:10448000FFF777FF4FF000080146A0602369216025
:1044900043F00803E1602361D1E701462046FFF7BE
:1044A00076FFE168A1601FB12068E16941F82090C2
:1044B000EA19CAF8002021682046FFF75AFF22694E
:1044C000206042F00802226116F82B2022F001023F
:1044D00006F82B20DDE900321A60A8E770B5044623
:1044E0001546FFF746FF2368834205D12369216003
:1044F00023F00803236170BDE269AB0043F00203BF
:1045000042F8213061682A462046FFF732FF60609A
:10451000F1E738B5036904465B0706D5456AFFF73E
:1045200017FF85422CBF6562606238BD38B50D4605
:1045300004461C22002105F0E4FB0022EB68A36185
:10454000AB6863612B68E3616B68626223622A690E
:1045500023B1591E194208BF42F001022261012213
:1045600004F128000021BDE8384004F0A6BA2DE986
:10457000F04F00259846036A87B08B4204460E46EA
:104580009346AA460395059538D3EFF31189202366
:1045900083F31288BFF36F8F059A2AB1294620460C
:1045A000FFF79CFF0023059304A92046FFF7BDFEFB
:1045B00004990746B1422AD32268E369204613F8DA
:1045C000221003EB820A21F0030103F82210216874
:1045D0003246FFF7CEFEE3682060984212D00027F3
:1045E00089F31188BFF36F8F039929B162690AB10A
:1045F0002046904700230393002FC6D1504607B0B2
:10460000BDE8F08F236943F008032361E7E718B1A1
:104610002046FFF7C8FEE3E75BEA08031CD00191E0
:1046200004F077FB0199B8B9B9F1000F14D189F3FF
:104630001188BFF36F8F5A46434604F12800FAF7FA
:1046400021F9EFF31189202383F31288BFF36F8FD1
:10465000B0FA80F77F09C3E7204605AB03AA2568B7
:10466000FFF7C0FE0746BBE770B5044683690846FE
:104670000D4698470246EFF31186202383F31288F4
:10468000BFF36F8F2B78204643F001032B706168D6
:10469000FFF76FFE60602046FFF73BFF86F311884F
:1046A000BFF36F8F70BD2DE9F84304460027202625
:1046B000EFF3118586F31288BFF36F8F2369A26829
:1046C000190702D46368934200D2236A9B1A002B15
:1046D00042D0E06910F8221000EB820911F00303C8
:1046E0003AD0022B04D150F822305FEA930805D16A
:1046F000CB0720D44846A36998478046A168424624
:104700002046FFF736FE0127A06041462046FFF70E
:104710003EFE3B4685F31188BFF36F8F002BC7D158
:1047200037B1B9F1000F03D104F12800FAF776F898
:104730004846BDE8F88341F0020100F82210A36961
:104740004846D4F808809847414602462046FFF77D
:1047500010FE0023A060DDE79946DBE7F8B50446CC
:10476000836908460D4698470646EFF311872023D4
:1047700083F31288BFF36F8F2B7823F001032B7024
:1047800023699B0705D5E268E36903EB82039D4239
:104790001AD12B7823F002032B70D4E9023199420D
:1047A00004D132462046FFF7E4FDA06031462046A2
:1047B000FFF7EDFD87F31188BFF36F8F04F1280039
:1047C000BDE8F840FAF72AB82B6860F39F032B6026
:1047D000F0E7EFF31181202383F31288BFF36F8F8B
:1047E00002698368120702D442689A4200D2026AC0
:1047F000D31A81F31188BFF36F8F181E18BF0120E1
:104800007047038B13F0070306D10368002B18BF12
:10481000032008BF00207047022B05D1408BB0FA5F
:1048200080F0400980007047012B04D10368002B01
:1048300018BF0520EDE70020704710B50C4600B109
:1048400011B96FF0150010BD081D00F0ABF800287D
:10485000F9D1A368032BF6D9F3E72DE9F0410D4612
:1048600007461946281D90461E4600F0ACF804463F
:1048700038B13346424629463846A446BDE8F041A1
:104880006047BDE8F08110B4EFF31182202484F377
:104890001288BFF36F8F416110BC0121EDF7B8BAE8
:1048A00038B50C46054658B151B10B6843B14B6859
:1048B00033B11C22002105F024FA00202C6138BD00
:1048C0006FF01500FBE7F8B504460E46FFF7B5FF9D
:1048D000051E3BDBEFF31182202383F31288BFF325
:1048E0006F8F4FF6FF71638B278B8B4207F00707A3
:1048F0002ED0062F2FD8DFE807F0182E082E180428
:1049000018006FF08505002303E00133638302255F
:10491000012382F31188BFF36F8FBBB100233A46A6
:1049200031462046FFF799FF10E0002333606368AB
:1049300023B9C4E9006627B13D46E4E71E6066601E
:10494000F9E702212046EDF763FA3D462846F8BD17
:104950006FF00A05D7E76FF00405D4E710B5EFF361
:104960001182202383F31288BFF36F8F048B04F02E
:104970000704022C0AD0012C0CBF6FF004006FF06A
:10498000850082F31188BFF36F8F08E0438B013BF2
:104990009BB2438323B92146EDF73AFA204610BD76
:1049A0002046EEE7034658B1426802F00302012AAE
:1049B00003D0032A04D1026812B100209860704726
:1049C0006FF0150070474268034602F00302032AA5
:1049D0004FF00002816014BF104600685A607047B3
:1049E00070470A46012100F05CBA0369D3F8A003BE
:1049F00070476FF085007047084608B5114618B13A
:104A000003F0DBFB002008BD6FF00100FBE7084668
:104A100008B5114618B103F0C7FB002008BD6FF0C0
:104A20000100FBE713B504460846216901F56771EB
:104A3000D1E8AF1F022909D15BB168B100931346D9
:104A4000D0E90912F9F75CF902B010BD6FF00F0060
:104A5000FAE76FF04C00F7E76FF00100F4E72DE99B
:104A6000F84315461C46DDE908230F4616469846CE
:104A7000A9B3BDB3B4B312F1010C43F10001BCF111
:104A8000020F71F1000130D2D4F800C0BCF1000F68
:104A900009D00169D1F8A0138C4504D96FF00B003F
:104AA0002160BDE8F883B3F1FF3F08BFB2F1FF3FDB
:104AB0000CBF4FF001094FF000094A462146384625
:104AC00003F084FB40B9B8F1FF3F08BFB6F1FF3FE8
:104AD000F3D06FF06800E4E728600020E1E76FF0B2
:104AE0000100DEE76FF01500DBE76FF08500D8E727
:104AF00003F0C1BB38B50D46044600F14801284615
:104B0000ECF7F2F9034630B1284604F1C001ECF7A6
:104B1000EBF928B901235B4203F07803E01838BDB4
:104B20000020FCE702F52E7102F5327004F069B83E
:104B3000D0F8E030A0F52E70003B18BF012300EB49
:104B40008300D0F8A40203F0D0BAC86828B109697C
:104B500083681B680BB1002218477047F9F7DCBD6A
:104B6000D0E8EF3FC0E8E21F002AF9D1704710B546
:104B7000436804691B68C4F8983304F5E87003F0CF
:104B8000F3FE002104F56770FFF7EAFF084610BD49
:104B9000030103EB4003093323F0030303EBC003DA
:104BA00048430330083320F00300184440007047A6
:104BB0002DE9F84306464FF001080569D0F8049046
:104BC00005F56777D7E8EF3F022B03D1C7E8E28FFF
:104BD000002AF7D141D195F86C30002B40D195F8DF
:104BE000E430002B3CD12846D5F8981300F054F857
:104BF000044680BB73683669D3E9050183681B6985
:104C00003BB322469847044628BB414606F532701E
:104C1000FAF716F8D6F8780305F5F476EFF71AF8F0
:104C20003046D9F8001000F072F8044698B90146F1
:104C3000D022304605F065F821464FF4F27228463E
:104C400005F05FF821463846FFF78AFF2046BDE8A9
:104C5000F8836FF057040221F5E76FF07704F5E76A
:104C60006FF00F04F2E710B50846029B114652B9E7
:104C700093F86C202AB90122184683F86C20EDF7CE
:104C8000C9FB002010BD1A6F9468002CF9D05A6F30
:104C9000A047F6E703F0EFBA38B50D46044660B119
:104CA000F03003F061FD0DB1002038BDC4F8BC51F7
:104CB000C4F8C051C4F8C451F6E76FF01500F4E72A
:104CC0000268D2F8C83013B1D2F8C4101847704740
:104CD000704783690BB9C36B197070470120704727
:104CE0008369012B03D1C36B1878C0B270470420CD
:104CF000704738B5C41DE4002046FAF7FBFE0546B0
:104D000018B12246002104F0FCFF284638BD38B512
:104D100004463822002104F0F4FF1822002104F197
:104D2000A40004F0EEFF1822002104F18C0004F02E
:104D3000E8FFD4F8C000F8F795FFD4F8BC00F8F706
:104D400091FFD4F8803004F154050BB12846984700
:104D500038220021284604F0D4FFF8F7E7FE0020AF
:104D600038BD03785B075FBF03684288C3F34A23FB
:104D700003EB12105DBF173020F007008008002001
:104D800070470020704702F07EBB0346D3E8EF0F68
:104D9000421CC3E8E12F0029F8D170471FB500235A
:104DA000CDE902011A4619461846CDE90033EEF75F
:104DB0000BF805B05DF804FB0120EDF7C3BD002042
:104DC00070474368DA7101224368196043685A7179
:104DD000EDF7AABD70B515460C4669B1D2E90136AA
:104DE0009B1B99420AD813680A460146981904F099
:104DF00062FFAB682344AB60204670BD6FF01B00C0
:104E0000FBE770B50E4615461946044618B9BDE8CD
:104E10007040EDF797BD33B1C2F34A231030120D45
:104E2000184404F048FFC4E900562046BDE870402D
:104E3000EDF72ABF2DE9F3415F1C4FEA87080646CC
:104E400008F1170020F0070080080C461546EDF722
:104E5000F3FD00238DF80470ADF805308DF80730B0
:104E600068B10346019AA8F1040143F8102F2A46BD
:104E7000294452F8045B8A4243F8045FF9D10023C5
:104E80003146A20102F4E07242EA482222F07F4257
:104E900022F4700222F03F0202B0BDE8F041FFF7B9
:104EA000B0BF07B50123019201AAFFF7C3FF03B00A
:104EB0005DF804FB07B5CDE9002302236A46FFF73E
:104EC000B9FF03B05DF804FB1FB5CDE90123069BD4
:104ED00001AA03930323FFF7ADFF05B05DF804FBC0
:104EE000F8B506460D4614461F4604B9F8BD2146DE
:104EF00028463A46B047241A0544F6E710B54268FA
:104F00000446D2E9002381680068FFF7E9FF002228
:104F100063681A6010BD38B54B6805461A68CB68DF
:104F20000C469A4202D10846FFF7E8FF6368D3E8CF
:104F3000EF2F511CC3E8E01F0028F8D1A368002020
:104F40009D5438BD0A2838B504460D4602D10D20BF
:104F5000FFF7E1FF29462046FFF7DDFF002038BDBF
:104F60002DE9F043054689B008460E8891F8009077
:104F70000C46D1F808801746EDF778FF011EC6F3FE
:104F80008216C9F3C2091FDB4846EDF78FFE0346C0
:104F9000214651F8102B6088C2F34A22002A01EB07
:104FA000020408BF00210022C0F30B10CDE9050761
:104FB000CDE9031428464146CDE900220296EDF7DB
:104FC00081FF09B0BDE8F0830023E1E743680020DA
:104FD0001B685B681961704743681B681A685268F0
:104FE0005360704701212DE9F04143681B685A68FE
:104FF00011751D682F68D5E90136D3E900481CB941
:105000006B681C60BDE8F081214630464246B847D7
:10501000241A0644F3E743681B681868EEF788B85B
:1050200070B543680C461D686B681869EDF766FC3F
:10503000214603460F222868BDE870401847F0B5A6
:1050400087B01F4604460D46164600F047FB022374
:1050500002930DF116030193BDF83030ADF8160040
:10506000009332463B462946204601F066FC07B0D5
:10507000F0BD2DE9FF411F460D4616460446F0F7E8
:1050800047FA8046EBF742FFBDF8283080B2CDE901
:105090000180009332463B462946204601F04DFCF4
:1050A00004B0BDE8F081FEE704F02BBE04F003BEBF
:1050B00001460068EEF7E0B908B5EEF739FABDE849
:1050C0000840EEF7B7BD0A460121FFF7EABE00210E
:1050D0000120EEF7D1B9D0F8943083F30B887047F4
:1050E0006FF08500704761B662B680F31188BFF338
:1050F0006F8F704708B572B6002383F31188BFF332
:105100006F8F00F007F950B1BFF34F8F30BF00BF72
:1051100000BF00BF00BF00BF00BF00BF00BF62B63E
:10512000BFF36F8F08BD10B5044672B6002383F33A
:105130001188BFF36F8F00F0EDF850B1BFF34F8FC0
:1051400020BF00BF00BF00BF00BF00BF00BF00BF47
:1051500000BF84F31188BFF36F8F62B610BD40E8C3
:1051600000F313F4803FD8B208BF6FF0150070470A
:1051700030B50C684B6885B00A894D890094013BB5
:1051800024F01F04234402F01F0242EA451223F0D8
:105190001F0369468DF808200393EEF7FFFD05B065
:1051A00030BD08B5D1E904319847002008BD08B5E5
:1051B000EFF710F8002008BD704700230382436911
:1051C000C3607047C1698968EFF770B8EFF3118267
:1051D000202383F31288BFF36F8F00230B60436893
:1051E00033B9C0E9001182F31188BFF36F8F7047A4
:1051F00019604160F7E7034610B5EFF311812022F3
:1052000082F31288BFF36F8F006828B15C68026870
:10521000A0421A6008BF5A6081F31188BFF36F8FF4
:1052200010BD027A013202727047034618465B686D
:10523000002BFBD17047426810B52AB10B461C46C3
:105240005B68002BFBD16260416010BD10B5044665
:1052500020B908460B7A01330B7210BD034618467D
:105260005B68002BFBD1FFF7E6FF2046F5E783687C
:105270000B440360704703680B6043684B608368AE
:105280008B6070478388026819448180D01870470A
:1052900030B484880568A3188380281930BC04F0D2
:1052A0000ABD10B5838802685C1C8480D154D01874
:1052B00010BD034600689A88401A1144186099800E
:1052C00070470268531E036083880133838002F8AD
:1052D000011C704703468288521A82800068084485
:1052E00018607047034600689A88521A01449A80F1
:1052F0001960704710B5036801211C78FFF7EAFFB9
:10530000204610BD10B5036802211C88FFF7E2FF9C
:10531000204610BDEFF766B84FF05023012270B55C
:105320000C460546C3F814260020EFF7EFF8284690
:105330002346BDE87040002118472DE9F04106469C
:1053400001200D46EFF7E2F84FF47F03D3F8302148
:105350004FF05024072AD3F834311BD1023B022BE3
:1053600018D94FF0010800270520C4F81886C4F8A2
:10537000147602F0B2F84046C4F8148602F0ADF894
:10538000C4F81476C4F8187630462B46BDE8F041D0
:10539000002118470023C4F81436F5E770B5054618
:1053A000B1F8032086B04B7902AEADF808200C4668
:1053B0000D2200210DF10B008DF80A3004F0A1FC44
:1053C000324631462846F1F70BFC10B1002006B0FA
:1053D00070BD029B0322ADF8043020461B0C01A9CE
:1053E0008DF8063004F09CFCB0FA80F04009EEE73E
:1053F00010B50C460178227888B08A420ED06946F2
:10540000EFF774F9204604A9EFF770F91022684607
:105410000DEB020104F084FC08B010BD012A06D097
:10542000022A07D072B940886388C01AF4E740683E
:105430006368FAE71022611C013008B0BDE8104033
:1054400004F06EBC6FF01500E6E7042A0AD0102ABB
:105450000DD0022A4FF0000315D103700B88438052
:1054600001207047012303700B684360F8E70223B3
:1054700000F8013B01F1100351F8042B994240F868
:10548000042BF9D1ECE718467047012310B506212B
:10549000044600F8013BF1F791FB18B9A37963F0DA
:1054A0003F03A37110BD0B6803608B8883808B79E9
:1054B0008371037823F00203037070470078C0F310
:1054C0004000704738B50446807AEEF7C5FE616942
:1054D000054649B1637ADB0704D4C36920461B68DB
:1054E0009B6898470023636121462846BDE8384001
:1054F00003F0D5BA08B5F0F769F8BDE80840082010
:10550000EFF728B908B5FFF7DDFFBDE80840022036
:10551000EFF720B92DE9F0410C461746054601F199
:105520000C0800F10C0140461E46FFF7A4FE62691C
:10553000E36839469B1A13FA87F36B8201234046CE
:105540006B722F82FFF7C6FEE36828467360002364
:10555000628AE360728163823460BDE8F08138B5AD
:105560000C46D1E900320546DA600B684A895A8256
:105570000868EEF719FF20461022002104F0C1FB55
:105580002846BDE83840FFF79DBF438A23B9C0686D
:10559000B0FA80F04009704700207047D0F8A4307E
:1055A00083B15A7CD1070DD5D2060DD51B7C102BAB
:1055B0000CBF042303234372807A98428CBF0020DF
:1055C000012070470223F6E70323F4E70F2806D8EB
:1055D0000D280BD8052814BF02200320704713287C
:1055E00004D01A2814BF0220012070470120704700
:1055F000FFF757BCFFF75EBC034610B5D3E8EF0FCB
:1056000040EA0102C3E8E42F002CF7D110BD0023CB
:10561000EDF75ABBD0E8EF3F0B40C0E8E23F002A6D
:10562000F8D1704710B5F1F7A1F804466FF4807116
:105630001030FFF7EFFF2046BDE8104000F00ABA37
:10564000C368DB78012B01D1FFF7ECBF7047C0F3D3
:105650000723537000231070000ED070C1F3072091
:10566000090E9370137150719371D1717047C368B3
:10567000DB78012B01D1FFF7D5BF704738B5044661
:105680000D46EFF76DFA5F3005D129462046BDE89B
:105690003840EFF79FB938BD0120704710B5028838
:1056A00043889A4218D8052A16D9B3F5486F13D8FB
:1056B0008488B4F5FA7F0FD2C18840F67640A1F114
:1056C0000A0292B2824207D804FB0333B3EB810F84
:1056D00034BF0120002010BD0020FCE700207047EF
:1056E00008B5F6F7EDF918B1408A003818BF012067
:1056F00008BD70B506460D464FF0FF304FF0FF3144
:10570000EFF75EFD044668B103210C30FFF7BAFDE8
:10571000068085702146BDE87040002240F20640B8
:10572000EFF7C2BF6FF0680070BDC368187808B1AA
:10573000EFF7E6BC1846F0F7C9B838B54FF0FF31BF
:1057400005464FF0FF30EFF73BFD044668B10221FC
:105750000C30FFF797FD2B88214603800022BDE81F
:10576000384042F21600EFF79FBF6FF0680038BD77
:10577000F8B507460E464FF0FF304FF0FF311546A3
:10578000EFF71EFD044678B106210C30FFF77AFDD5
:105790003B884680038085802146BDE8F840002292
:1057A00042F22200EFF780BF6FF06800F8BD70B5DD
:1057B00006460D464FF0FF304FF0FF31EFF700FD8A
:1057C000044618B9BDE87040EFF7FAB803210C3071
:1057D000FFF758FD068085702146BDE8704042F213
:1057E0002100EFF7A1BE072208B504F099FAB0FA3C
:1057F00080F0400908BDFFF754BB0B6803608B883D
:1058000083808B7983717047D0E8AF0F7047F8B50C
:105810000F46144638BB4FF0FF304FF0FF31EFF723
:10582000CFFC054610B327210C30FFF72BFD224695
:1058300006463946FFF7E1FFC31D04F1100152F897
:10584000040B8A4243F8040BF9D11022002106F11F
:10585000170004F056FA2946BDE8F840002242F24B
:105860002700EFF721BF6FF01500F8BD6FF068005B
:10587000FBE7037A02465B0705D501462E3211F895
:10588000010BFFF7C4BF704738B54FF0FF31054635
:105890004FF0FF30EFF794FC044658B129460C3026
:1058A000FFF7FFFC2146BDE83840002242F22D0000
:1058B000EFF7FABE6FF0680038BD10B400F11003C6
:1058C000D3E8EF2F22F40051C3E8E41F002CF7D1F6
:1058D000930403D5012110BC00F0BAB810BC704786
:1058E00070B5044686B00E4601300131FFF77BFFEC
:1058F0002E34162200210546684604F002FA1022D2
:105900006946204604F00CFA40B11022204606F108
:105910002E0104F005FAB0FA80F04009284300F0A7
:10592000010006B070BD38B54B6805460C4673B92A
:105930000B7A13B9037A5B0709D520682A780378B4
:105940009A4204D02946FFF7CBFF00B1656038BD0D
:1059500000F1100208B503461046FFF755FFC105D8
:105960000DD5D2E8EF0F40F40050C2E8E10F002956
:10597000F7D11846BDE80840002100F069B808BD1D
:1059800010B50C4630B919B1F6F75CF800B1441CFB
:10599000204610BD0024FBE718B111B10846F0F70E
:1059A000EBBA6FF01500704713B5044680B10621BD
:1059B0006846F1F703F948B99DF80530694603F0E8
:1059C0003F0320468DF80530FFF7E6FF02B010BD1B
:1059D0006FF01500FAE7003818BF01207047037A0E
:1059E000D90704D523F001030372F0F74FBC9907E0
:1059F00004D523F002030372F0F762BC7047D0E8CD
:105A0000AF0F704770B506460D464FF0FF304FF0B0
:105A1000FF3186B0EFF7D4FB0446B0B10C3095B13E
:105A20000121FFF73EFC204606F1100203A90823DE
:105A30000095EFF7B3FB0022214642F20A00EFF790
:105A400033FE06B070BD2946EBE76FF06800F8E75B
:105A5000FFF7D8BF183003F011B901F12003013866
:105A600013F8012D8B4200F8012FF9D17047002364
:105A70000B60436813B9C0E90011704719604160B9
:105A80007047D0F8B400003818BF012070470846AE
:105A9000896918301160426800211A6010F80D2CD5
:105AA00004F02FB9FFF706BA034610B5D3E8EF0F9D
:105AB00040EA0102C3E8E42F002CF7D110BD437B7C
:105AC000072B01D1F1F742BB70472438F1F7BCBB7B
:105AD000002203680BB9184670478B4210D10B683F
:105AE00042B942680360914200D143600023012023
:105AF0000B60704713604368994208BF4260F5E746
:105B00001A461B68E6E710B50446006918B1EEF7BF
:105B10004BFC0023236110BD10B500F1C802D2E890
:105B2000AF3F5BB1591CD2E8EF4F9C4204D1C2E8B1
:105B3000EC1FBCF1000FF6D1F1D110BD1846FCE707
:105B400010B5437B0446023B062B16D8DFE803F072
:105B500009041515150B0900017300212046F1F702
:105B6000C5FC002010BD0088FFF7C3FD0028F9D157
:105B7000637B072BF5D10821F0E76FF07F00F1E799
:105B800010B50446D0F8A40028B9207A04F17001B9
:105B9000F5F796FF38B1E278438A2AB903F021007D
:105BA000003818BF012010BD03F02400F8E738B515
:105BB00083780446012B23D1437B072B23D10B068B
:105BC00001F07F050CD54FF400410430FFF76CFF66
:105BD0002046A572F5F708FA08B1637AA37238BDBA
:105BE000437AAB4212D2837AAB420FD2031DD3E881
:105BF000EF1F21F40041C3E8E21F002AE8D0F6E7D6
:105C00006FF01500EBE76FF07F00E8E70020E6E7B4
:105C10008378012B0CBF407A0020704738B5037A97
:105C200004468B42154615D100F170010722284623
:105C300004F076F880B1E378072243B904F17E01DD
:105C4000284604F06DF8B0FA80F0400938BD04F140
:105C50007701F5E70020F9E70120F7E7F8B50746F7
:105C60000D464FF0FF304FF0FF31EFF7A9FA06462F
:105C7000D0B10E210C30FFF705FB04460E220021A7
:105C800004F03FF83B88314623802B880022638054
:105C90006B8842F21300A380AB88E380EB882381FA
:105CA000BDE8F840EFF700BD6FF06800F8BD704741
:105CB00010B50446F9F7C6FA234653F8402BD2F83C
:105CC000B41061B92164D2F8B81061B9C2E92D33BA
:105CD000F9F7CCFA2068BDE81040F1F7E3BB8B423E
:105CE000F6D00968EDE70B60C2F8B830F0E703685A
:105CF0002BB141681A688B42026008BF426070474E
:105D000070472DE9F843446B2CB154F8085905B19C
:105D1000083D00270CB9BDE8F883D4E900682EB32C
:105D2000F9F790FA0022D6F8B43004F1400163B1DB
:105D3000994233D1236C4ABBD6F8B820C6F8B430A8
:105D4000914201D1C6F8B8302764F9F78FFA04F10F
:105D50003009002200234846F8F72EFD064600BB16
:105D6000D8F804300BB1204698472760E3680BB1A0
:105D700020469847D8F820300BB120469847DDB12F
:105D8000AB6803B1083B2C461D46C3E71360D6F849
:105D9000B830994208BFC6F8B820D5E71A461B6844
:105DA000C5E7B36923B16FF06D02F16920689847C8
:105DB0003046EEF7F9FACCE72B46E4E738B5406B0E
:105DC0000D4620B150F8084904B1083C00B938BD6F
:105DD00043689B680BB1294698472CB1A36803B16F
:105DE000083B20461C46F1E72346FAE7F8B50F4684
:105DF00000210546164600234FF480320846F2F78C
:105E000045F9044620B92846F2F70CF92046F8BDBA
:105E100004210C30FFF736FA057047704680F5E72D
:105E2000406B28B1838B08388B4201D08068F8E73B
:105E3000704710B54AB989B2FFF7F2FF28B143683D
:105E40009B6913B1BDE81040184710BD38B50D4629
:105E50000521FFF7E5FF002329461A46F2F730F93E
:105E6000044610B12846EEF79FFA204638BD406B35
:105E700028B1838908388B4201D08068F8E77047E1
:105E800070470346006828B15968026888421A6062
:105E900008BF5A6070470346002003B970471A8A4A
:105EA0005B681044F9E710B5D4680231237813B960
:105EB0002170012010BD8B42FBD0038A023B03827C
:105EC00000201061F6E7FEF7ECBF2DE9F041044633
:105ED0008868FFF7E0FF638D628B0D46934228BF11
:105EE000134683421DD300272165D1F808808F60B7
:105EF000F9F7A8F941462046F2F7D2FA064638B13A
:105F0000C5F808802765F9F7B1F93046BDE8F0819A
:105F1000618D638B2846994228BF194600F029FEFF
:105F2000F1E76FF07906F0E773B5144601460546D0
:105F30004FF49572206800F06EFD207530B9294647
:105F4000206800F019FE20B908232375002002B054
:105F500070BD237AB3B1A3F11802534253419B00A1
:105F60000193638A29460093AE68238AE268206819
:105F7000B047002808DB238A98420CD10023012077
:105F80002375E4E70223EBE710F1FF0F03D3404250
:105F9000C0B22075DAE70E20FBE738B504460D469F
:105FA000F2F77EFA30B1294604F15400BDE83840DA
:105FB00002F06ABD38BDF8B5936805460F46144631
:105FC000166863B9506801210C30FFF75BF9A060D7
:105FD0002B681B78002B14BF022301230370A368D6
:105FE0001B78012B03D0022B1FD000201CE02B6854
:105FF0001B78002BF9D1606804210C30FFF742F9BF
:10600000E06007802A68E36852885A806168728D70
:10601000738B088A9A4294BFC0EB0200C0EB030066
:10602000042894BF00200120F8BD2B681B78022BA8
:10603000DBD1606812210C30FFF724F9E0600780A3
:106040002B68E268591C0232113351F8040B994253
:1060500042F8040BF9D16168728D738B088A9A42F9
:1060600094BFC0EB0200C0EB03001228D9E770B464
:106070000668F2695AB3144654F8983903B1983B4C
:10608000002211467CB9438D408B8B4201D890424F
:106090001FD9824238BF02469942306838BF19463C
:1060A00070BCF4F7A5B9844207D0658D648BA94212
:1060B00038BF2946A24238BF224633B1D3F89850A0
:1060C00005B1983D1C462B46DCE71D46FAE7114614
:1060D000D9E770BC7047D0680431037813B90170F8
:1060E000012070478B42FBD0002091680B8A043B53
:1060F0000B82106170471FB5CDE9012300231A46BA
:106100000093F3F75DFD05B05DF804FB0022036822
:1061100003B970478B420FD10B683AB942680360EC
:10612000914200D1436000230B60704713604368C5
:10613000994208BF4260F6E71A461B68E8E7D0E8D4
:10614000EF3F43F00802C0E8E12F0029F7D1C3F385
:10615000C00070472DE9F041064690461F460D46A7
:10616000B9B104220121F2F767FA044618B9BDE873
:10617000F041F2F73BBA04210C30FFF783F80570C9
:10618000A0F80180C77021463046BDE8F041FFF716
:1061900004BFBDE8F08137B50C46054601F10C009F
:1061A000FFF7B0F8228A03460192E26812210092BA
:1061B00028461322F2F796FA03B030BD37B50C46E5
:1061C000054601F10C00FFF79DF8228A0346019273
:1061D000E2682846009200221146F2F783FA03B0E3
:1061E00030BD70B504460E46002200230846F8F77D
:1061F000E3FA054658B101462046F2F751F9044644
:1062000018B12946304602F04AFC204670BD6FF0B6
:106210000104FAE707B5CA680C2113885288009276
:106220000D22F2F765FC03B05DF804FB07B5002210
:10623000CB680A211B8800920B22F2F759FC03B0AD
:106240005DF804FB2DE9F041CB6805461F88BBB221
:10625000162B1BD90321F2F70FFB0646C0B1022112
:106260000C30FFF70FF800244FF04108314680F85A
:10627000008044702846FFF790FE2846A5F81A8053
:106280006F85FFF7F4FE2046BDE8F0810420FBE7B0
:106290000E20F9E72DE9F04F064685B010469046EE
:1062A0009946FFF7F8FD738B728D8B46934228BF9A
:1062B0001346834275D9736840460393FEF7B5FFD2
:1062C0004FF0000A04464046FFF7E5FDE168228AE8
:1062D000658A6369AD1ACB1AED1A778B738D9F426D
:1062E00094BFC0EB0700C0EB0300854228BF054602
:1062F00025BB98F80A00EDF7AFFF00220023FEF758
:1063000061FF044608B9574627E001464046FEF7BC
:106310009DFF4046FFF7BFFDE168228A658A6369F9
:10632000AD1ACB1AED1A778D738B9F4294BFC0EBD9
:106330000700C0EB0300854228BF0546CDF800905A
:10634000DBF804700A4403985946ABB2B847071EFD
:1063500007DABAF1000F18BF5746384605B0BDE856
:10636000F08F0E9BABB9394604F10C00FEF78AFFA3
:106370004046FFF790FD738D728BB944934228BF5E
:1063800013468342BA441FFA89F9BCD9AF429AD066
:10639000B9E7394620460F9A0E9B98470028E2D16C
:1063A000B1E70027D9E700232DE9F3411768144628
:1063B000D7F804800146137306469522404600F044
:1063C0002AFB0546207330B93146404600F0D2FB27
:1063D00028B908232373002002B0BDE8F081A0682B
:1063E000798D7A8B038A914294BFC3EB0103C3EB8F
:1063F0000203012BEFDD02210C30FEF743FFCDE954
:1064000000558046A38831463846A268FFF742FF10
:10641000031E06DA13F1FF0F2ABF5B420E23DBB225
:10642000D8E70120A8F80030D6E700232DE9F34192
:1064300017681446D7F80480014613730646952260
:10644000404600F0E8FA0546207330B93146404630
:1064500000F090FB28B908232373002002B0BDE8A8
:10646000F081CDE9005531463846A388A268FFF790
:1064700011FF002807DA10F1FF0F32BF0E20404253
:10648000C0B22073E9E70120E8E7F8B5054650F807
:10649000044C071F00F14803D3E8EF1F21F004016B
:1064A000C3E8E21F002AF7D1FCB1EB6C83B9636843
:1064B00073B1201DFFF7E5FC064601463846FFF79D
:1064C00004FD90B163683360A368666003B9A66099
:1064D000384605F15001FFF784FE30B1384604F12B
:1064E0000C01BDE8F840FFF77CBEF8BD2DE9F04196
:1064F000C469074644B154F8986906B1983E002231
:10650000154607F104080CB9BDE8F081236D9BB96D
:1065100005B98AB94046FFF7B4FC054658B10146B3
:106520002046FFF7D2FC0028EED07B682B60BB68CA
:106530007D6003B9BD60224636B1D6F8983003B10C
:10654000983B34461E46DEE73346FAE738B5054643
:10655000D1E8AF3FDB0716D550F8040C98B1EB6CCF
:106560008BB90430FFF78DFC044660B10146281F4B
:10657000FFF7ABFC38B155F8043C5A6822609A68C2
:106580005C6002B99C6038BDF3F7AEBA08B5002371
:106590000A8AC968F2F772FF002008BD70B50D467F
:1065A000F2F708FE044628B92846EDF7FDFE6FF025
:1065B0007F0070BD00F10C062946304602F064FAF7
:1065C000E469C4B154F8985905B1983D00221046C9
:1065D00007E022467DB1D5F8983003B1983B2C46B0
:1065E0001D46831C01D1002AF4D131462046FFF715
:1065F000F8FD0028EDD10020DBE738B505460C4654
:10660000F8F720FE2846F2F7D5FD20B9F8F72EFE60
:106610006FF07F0038BD0023236083683BB9C0E979
:106620000144FFF763FFF8F721FE0020F2E71C604A
:106630008460F6E70120704708B5F2F7BBFD78B13A
:10664000C3696BB1983B03F14C02D2E8EF0F20F025
:106650000800C2E8E10F0029F7D1D3F89830F0E73D
:1066600008BD08B50421FFF702FC20B14830D0E88E
:10667000AF0FC0F3C00008BD10600020704710B518
:10668000029CA36833B1B1F5807F28BF0E21CAB246
:1066900021469847A37DE268013BDBB2A37522B196
:1066A0001BB92046BDE81040104710BD1060918016
:1066B00000207047F0B5076806463D78144689B05B
:1066C000E5B97B88B3F5245F04D011D8A3F5205336
:1066D000032B13D8ADF80A10022220460DF10A014F
:1066E000F3F704F870B16FF01503C4F85C3106E0FD
:1066F00003F55643FF339BB2042B20D901252846CE
:1067000009B0F0BD7B88022220460DF10A01ADF8E8
:106710000A30F2F7EBFF0028E5D1009003AA13231B
:1067200031467768B847021E02DAC4F85C21E6E712
:1067300003A92046F2F7DAFF0028DFD0D3E7ADF84F
:106740000A10022220460DF10A01F2F7CFFF0028BD
:10675000C9D17B880222ADF80A300DF10A01E8E7C1
:10676000072208B503F0DCFAB0FA80F0400908BD52
:10677000034610B5D3E8EF0F40EA0102C3E8E42F67
:10678000002CF7D110BD0B6803608B8883808B7958
:106790008371704770B50D46064611F8010BF1F78D
:1067A00091FA044610B12C89F0F754FEA87A05F14D
:1067B0000B01F1F787FA28B16B8A9C4238BF1C465F
:1067C000F0F748FEAB8AA34207D0AB69AC8223B195
:1067D00021463046BDE87040184770BD38B5BDF859
:1067E00010401546A2420CD84CB16BB1A41A8C4291
:1067F000A8BF0C46A4B22246591903F05CFA204601
:1068000038BD6FF00604FAE76FF00D04F7E730B516
:1068100085B0C96814461D46F2F7CEFF00B1008965
:106820000223ADF80E00009329462046BDF8202033
:106830000DF10E03FFF7D2FF05B030BD1FB50C46BA
:106840001946E36810461C78BDF818203CB11024A6
:106850000133069404B0BDE81040FFF7BFBF5B886A
:10686000ADF80E30022300930DF10E03FFF7B6FFD3
:1068700004B010BD30B51D46002385B014468DF818
:106880000C30F2F745FF10B1037A8DF80C3001237C
:10689000294600932046BDF8202003ABFFF79EFF5A
:1068A00005B030BD08B5F2F765FF18B100230360ED
:1068B0004360836008BD70B500F17006054631463F
:1068C000007AFEF70DFF04463146287A1CB1BDE878
:1068D0007040FFF7E7BFF2F74DFF10B1046044606E
:1068E000846070BD022A10B508D1002300F1700148
:1068F0001A46007AF2F798FF022010BDFFF7DBFF7F
:10690000FAE701210C30FFF733BF38B504461546CE
:10691000FFF790FE40B12046F2F7FAFE20B1037A6D
:10692000DB0701D5FFF7EDFF35B9207A04F17001DF
:10693000F2F720FF00B1856038BD38B5BDF8101002
:10694000BDF818401046A142059D0CD84CB16DB160
:10695000641A9C42A8BF1C46A4B22246294403F0F4
:10696000AAF9204638BD6FF00604FAE76FF00D046F
:10697000F7E713B5044610B9002002B010BD00239C
:106980008DF8043042F60303006801A9ADF8063023
:10699000FEF72EFD0028EFD1E36898880028ECD19F
:1069A0002046F3F7DDF8013080B2E6E770B5CC6839
:1069B0001E46A37988B008468DF80C301546FFF7BF
:1069C000D8FFADF80D00246823786BB96388ADF863
:1069D0000F300523009331462846BDF8302003AB25
:1069E000FFF7FCFE08B070BD631C0DF10F021134FF
:1069F00053F8041BA34242F8041BF9D11323E9E71F
:106A00001FB5CDE9012300231A460093F3F7D8F808
:106A100005B05DF804FB38B54C8AD3070546C4F3CE
:106A20000E0404D514F0950F2AD04B6843B3900799
:106A300004D514F4957F25D08B681BB3144014F44F
:106A4000DE7F0DD0EB7A2BB92846FFF799F8D8B93D
:106A5000052038BD14F0300F04D114F4C07F07D1E5
:106A60000020F6E72846FFF7D3F80228F5D8EFE72D
:106A7000D5F8A430002BEBD05B7CDB06E8D5EFE744
:106A80000220E6E70320E4E70F20E2E7F8B514462A
:106A90000F46942261680646FFF7BDFF20BB012226
:106AA00030466168F3F7A4F908B3A2891B21304688
:106AB0000232F2F775FC0546E0B1A1890C300231D3
:106AC000FEF7E0FB20F8027BA289A16803F0F3F84F
:106AD000D4E9041228460123F2F7F6FD2946304690
:106AE000BDE8F840FFF75ABD4FF0FF30F8BD6FF03A
:106AF0001500FBE76FF00B00F8E72DE9F0410546C4
:106B00008846F2F705FE0446E0B1037ADA0719D5A4
:106B100000F10C06D6E8AF7F17F0010712D1B8F1EB
:106B2000000F10D0D6E8EF3F23F00202C6E8E12FB5
:106B30000029F7D19B07284608D5FFF77DFD2046A1
:106B4000FFF7DFFE01273846BDE8F081FFF772FD51
:106B50000028F8D02846FFF784FD0028F3D0D6E8B7
:106B6000EF3F23F00203C6E8E23F002AF7D12846B0
:106B7000E3E77047012070470120704713B5C068F4
:106B8000144668B100238DF804304FF4C05301A9B6
:106B9000ADF80630FEF72CFC10B9236801332360F2
:106BA000012002B010BD07207047FEF77AB9D0E887
:106BB000AF0F084100F00100704738B50A460346A0
:106BC00009B9012038BD488A10F0240FF9D0197D89
:106BD0005D7B147CA94228BF29468C4201D9002044
:106BE000F0E7800607D4517CC9070BD4187A003827
:106BF00018BF0120E6E70521181DFFF7D8FF002880
:106C0000F1D1ECE7197A0029E9D00521181DFFF729
:106C1000CEFF18B9197A01390129E0D9527CD2077F
:106C2000CFD4E3E701238B40DB43D0E8EF2F1A40BA
:106C3000C0E8E12F0029F8D17047FEF73BB910B545
:106C40000621FFF714F9044618B9F3F793FC204620
:106C500010BDA0F1EC04FAE74FF47022002300F518
:106C60009C70F8F781B80720704701238B40D0E86B
:106C7000EF2F1A43C0E8E12F0029F8D1704708B57B
:106C80000E21FFF7F2FF002008BD70B5051D0E466E
:106C900028460421FFF78BFF68B100220021002362
:106CA0000846F1F7F3F9044640B904212846FFF7F6
:106CB000DCFF204670BD4FF47022EFE701210C305D
:106CC000FEF7E0FA0670F4E738B504210446FFF752
:106CD000DCFF054698B110210C30FEF7D3FA04F121
:106CE000270304F1370253F8041B934240F8041BB6
:106CF000F9D120462946F3F753FC002038BD08207F
:106D0000FCE770B5D0F8EC300446DB78012B19D1E4
:106D1000CD68061D10213046FFF784FF2B4604F195
:106D2000B70205F1100153F8040B8B4242F8040B33
:106D3000F9D107213046FFF73AFF28B10921304643
:106D4000FFF793FF002070BD0A213046FFF72FFFA9
:106D50000028F3D12046BDE87040F3F737BD072087
:106D600070470720704707207047012303FA01F19D
:106D7000CA4330B5D0E8EF3F03EA0204C0E8E54F6C
:106D8000002DF7D101EA0300003818BF012030BD03
:106D900038B504460025031DD3E8EF2FC3E8E15FB3
:106DA0000029F9D104F59C7001F068FF2572D4E840
:106DB000EF3FC4E8E25F002AF9D12046BDE8384041
:106DC0000121FFF752BF70B500F1700605460C4671
:106DD00007223046096802F0A3FFB8B963681A6851
:106DE0002A679A88A5F874209B7985F87630D5F8BB
:106DF000A4305BB1A268934208D062681168C3F8FE
:106E000001109188A3F805109279DA7170BD2DE90F
:106E1000F84FDDF82C80044692461F46BDF82890B6
:106E2000FFF70DFF054600285CD0061DB9F1000FE5
:106E300027D15AEA070324D103213046FFF7B7FED2
:106E4000F8B101213046FFF7B2FED0B12C7D6B7B4B
:106E500005F147019C4228BF1C462246404602F0ED
:106E60002AFF0F2C06D84946C4F1100208EB040093
:106E700002F047FF30460121FFF7F7FE0120BDE891
:106E8000F88FD4F8A43083B904F1700B5A4620204F
:106E9000217AF4F7BDFDC4F8A40030B95A460120A8
:106EA000217AF4F7B5FDC4F8A400B9F1000F0CD1B4
:106EB0005AEA070709D1D4F8A41031B14B8A9B06CE
:106EC00003D50C7C1E312246C8E70F213046FFF760
:106ED0006EFE20B1022206212046F0F79FFE2846D2
:106EE000FFF756FF0020CAE76FF08500704770B5C6
:106EF00004460820F3F7F4FA0546E0B1061D082120
:106F00003046FFF78FFEBCB30721FFF78BFE234609
:106F100005F1970204F1200153F8040B8B4242F86B
:106F2000040BF9D10A213046FFF741FE70B1092167
:106F30003046FFF79AFE0720F3F7D2FA0446E8B18D
:106F4000F3F74CFBD0B10821204612E01021304667
:106F5000FFF72DFE09210028EAD13046FFF727FE72
:106F60000028E8D02846F3F731FC01460028E2D09B
:106F70002846F4F787F9DEE70B21F9E770BD70B515
:106F80000446A0F1EC0650F84C3BE83CD3F8A45082
:106F900001F074FE03212046FFF709FEA0B108218D
:106FA0003046F4F7E3F83DB16B8A13B16B7C9B0775
:106FB00002D5284600F029F83046BDE870404FF46D
:106FC000B872002102F09DBE01212046FFF7EFFDBF
:106FD0000028E4D10F212046FFF7E9FD0028DED18B
:106FE000E1E770B504460D461646F4F711FD38B9D1
:106FF00031462846F4F7CCFC10B1438A1C43448246
:1070000070BD438A19434182704710B5037A044624
:107010005B0701D5EFF754F92046BDE81040442244
:10702000002102F06EBE531E1944024411F80139CA
:1070300000F8013B9042F9D1704710B5431E00F1B2
:107040001002073013F8011F12F8014D83421C7023
:107050001170F7D110BDF0B50E4614461D4697B01D
:107060000146202205A81C9FFFF7DDFF20223146A4
:107070000DA8FFF7D8FF2146102201A88DF8545023
:10708000FFF7D1FF3B46412205A901A8F4F7C0FD57
:10709000044610B93846FFF7D0FF204617B0F0BDC0
:1070A0002DE9F04316461D4697B00446DDE91F98CA
:1070B000102205A8219FFFF7B6FF1022314609A82C
:1070C000FFF7B1FF102229460DA8FFF7ACFF0322FE
:1070D0001E9911A8FFF7A7FF494611F8013BD9F8FF
:1070E00001008DF847308B880622129012A8ADF867
:1070F0004C30FFF798FF414611F8013B06228DF80E
:107100004E30D8F801300DF14F00CDF84F308B885C
:10711000ADF85330FFF787FF2146102201A8FFF793
:1071200082FF3B46412205A901A8F4F771FD044600
:1071300010B93846FFF781FF204617B0BDE8F0834D
:1071400000692830F7F76ABB13460A460121FDF7AC
:10715000B1BE08B50020EDF70BFA002008BD0C22E7
:107160000369C9B202FB0133986F00F00700704752
:1071700070B50346C9B20069EFF31186202484F389
:107180001288BFF36F8F0C2505FB0104A46F14F068
:10719000C00401D0A24211D1012205FB0100826787
:1071A000002086F31188BFF36F8F30B90C225B6823
:1071B00002FB01335B689847002070BD4FF0FF3041
:1071C000EFE78022FFF7D4BFF8B5069F05460469B4
:1071D000C9B2EFF3118C202080F31288BFF36F8FB8
:1071E0000C2606FB0146B06F00F0070EBEF1010F42
:1071F00010D1B76700268CF31188BFF36F8F3EB9AB
:107200000C2041430C44C4E91C236B685B5898472D
:107210003046F8BD00F0C00087420CBF6FF0770623
:107220004FF0FF36E7E713B580240094FFF7CCFF5B
:1072300002B010BD10B41C240069CBB204FB0300E3
:10724000002110BC1047032000F09BB9022000F081
:1072500098B9032000F0A4B9022000F0A1B91046AB
:10726000F7F7DCBA00F025BAF6F728B90020704726
:1072700008461146EEF7C0BA002208B5114610467E
:10728000FAF76EFC002818BF6FF0150008BDF7B5BF
:107290004FF480630F4616460024A64203D816D04A
:1072A000162003B0F0BD351BB5F5806F28BF1D4615
:1072B00000202A4601AB3919FAF7E4FC20B9019BFA
:1072C000AB4201D11C44E8E76FF01500E9E700206C
:1072D000E7E7436800205B681B690B607047436801
:1072E00002EA01005B6821EA020198600020D9608F
:1072F0007047436800205B689960704743680020CE
:107300005B68D960704743685B685A6821EA02008D
:10731000114098600020D960704730B50369586803
:1073200000B30024884219D108688CB99C68586061
:10733000A14200D19860002008602AB15A680A6012
:107340009A68596002B9996000200FE02846E9E781
:1073500020609868814208BF9C60ECE7056804469D
:10736000002DF3D1002AE9D16FF0150030BDF6F7FA
:10737000E3B910B500690F299FBF00EB810440F805
:1073800021202364002088BF6FF0150010BD00206D
:1073900070471020704730B543681360057A446821
:1073A00004EBC504A34202D36FF0010030BD5C7949
:1073B00008338C42F1D10020F8E743681B68D3F80A
:1073C0008004C3F88004704742681368D3F8100142
:1073D00050B10020126A12780A70C3F81001D3F875
:1073E000102101221A6070474FF0FF307047026889
:1073F0000346D2F8580140B95B68DB0706D4D2F8DF
:107400002001003818BF01207047012070474368F1
:107410001B68D3F80423D20517D5D3F82021A2B1D5
:10742000EFF31182202181F31288BFF36F8FD3F81D
:10743000201131B10021C3F82011D3F8201101210E
:10744000D96082F31188BFF36F8FD3F8583170473A
:1074500013B501AA0446FFF79EFF002805DB019B38
:10746000226819791868F5F701FA02B010BD0022F8
:1074700000F150039B009BB203F1502303F58033CE
:107480001A601B68704708B5F5F710FC08BD08B511
:10749000F5F7A6FD002008BD08B5F9F7E9FA48B1EF
:1074A000002383F31188BFF36F8F0423184602DF94
:1074B0006FF0040008BDFAF7A7BA4FF47F03D3F8C2
:1074C0003021D3F83401022808BF072A0CBF01205D
:1074D0000020704703460020184701F078B90246A3
:1074E00010B5116891B1B1FA81F3C3F11F00012306
:1074F000834021EA0303D2E8EF4F8C4204D1C2E873
:10750000EC3FBCF1000FF6D1EBD110BD6FF00B00DA
:10751000FBE710B50368CB40DB0710D401238B4099
:10752000026843EA0201D0E8EF4F944204D1C0E878
:10753000EC1FBCF1000FF6D1F2D1002010BD6FF0AE
:107540001500FBE770B5D0F880300646002B0C46DE
:10755000154613DBD1F88030002B0FDB00210846E5
:10756000F5F756FE48B92B7843F00043C6F8803053
:107570002B7843F00043C4F8803070BD6FF01500E5
:10758000FBE703280BD8DFE800F002040608F5F754
:1075900095BFF5F7C1BEF5F749BFF5F7FFBE7047D8
:1075A00003280BD8DFE800F00402060800F02EB82C
:1075B00000F07FB800F062B800F044B8704708B53A
:1075C000F5F7C6FEF5F7BEFFF5F74EFFBDE808403C
:1075D000F5F702BF38B54FF050240123C4F8083343
:1075E0006360002342F21075C4F80031D4F8003112
:1075F000D4F80C24D4F80C34D20306D5DB0704D518
:107600000120FFF76AFF013DF2D138BDFFF7E2BF6D
:1076100038B54FF050244FF48073C4F80833012379
:10762000E361002342F21075C4F82031D4F8203110
:10763000D4F85434DB0304D50120FFF74EFF013D9D
:10764000F6D138BDFFF7E4BF38B54FF050244FF402
:107650000073C4F8083301236362002342F21075FB
:10766000C4F82431D4F82431D4F85C34DB0304D5D5
:107670000120FFF732FF013DF6D138BDFFF7E4BF2F
:1076800038B54FF050240223C4F808330123E360D7
:10769000002342F21075C4F80431D4F80431D4F850
:1076A0001834DB0304D50120FFF717FF013DF6D1A5
:1076B00038BDFFF7E5BFF7B51646DDE9084701908D
:1076C00001A81D46F5F778FF019BB6F1000C18BF25
:1076D0004FF0010C00EB83000B1E18BF0123002D9F
:1076E00043EA4C030CBF4FF0000C4FF00C0C002C85
:1076F00043EA0C030CBF4FF0000C4FF4706C002FEA
:1077000043EA0C030CBF4FF0000C4FF4403CD0F8A0
:10771000002243EA0C0322EA030301B109780EB107
:107720003678760019430DB12D78AD0031430CB198
:107730002478240229430FB13F783F040C433C4393
:10774000C0F8004203B0F0BD1FB50DF10F03019367
:1077500000238DF80F101A4619460093FFF7ABFF70
:1077600005B05DF804FB10B504460846F5F736FF92
:1077700004EB4004207DC0F3401010BD10B504465A
:107780000846F5F72BFF04EB4004207DC0F34000D2
:1077900010BD10B504460846F5F720FF04EB400481
:1077A000A08A400B10BD70B5044608461646F5F792
:1077B00015FF083034F810300D46DA0509D5C3F34B
:1077C000432304EBC3023146284654F83330526851
:1077D0009847A3682BB131462846E268BDE870405F
:1077E000184770BD10B504460846F5F7F7FE04EBE0
:1077F0004000838ADA051DD5C3F3432123F4F853EF
:10780000838204F1120204F1720032F8023F13F491
:10781000807F03D0C3F3432399420BD08242F4D13B
:10782000002204EBC1035A6004F17800BDE8104067
:10783000FFF76FBE10BDF0B50446002001270546D6
:10784000844695420AD1D4F87C3133B10023C4F880
:107850007C31D4F87C3140F00040F0BDEBB29B00AD
:1078600003F580769B0807FA03F3194208D054F811
:1078700006E0BEF1000F03D044F806C0A659184335
:107880000135DEE738B504460D46FFF76CFFA8B1B9
:107890002046FFF773FF88B92046FFF77AFF0123E0
:1078A00022688340C2F80833236803EB8000D0F8D5
:1078B000103523F00303C0F8103538BD2846BDE865
:1078C00038400021FFF740BF2DE9F043174604463A
:1078D00085B00846F5F782FED7F800800E460546CB
:1078E000B8F1000F1ED02046FFF748FF18B1204620
:1078F000FFF739FF20BB00230DF10F02CDE9003364
:107900008DF80E308DF80F30304643460DF10E01E4
:10791000FFF7D1FE04EB4502938A23F0020343F004
:10792000010393827B689BB33146204693F8008025
:10793000D3F80490FFF722FF28B1B9F1000F1FD050
:107940006FF0150027E004EB4500838A23F46043C1
:1079500023F020038382B9F1000F11D0B8F1030F97
:10796000EED87B6821685B6893F800C04FEA8C030F
:107970001944B8F1000F11D1C1F81085C1F8108574
:1079800004EB4502938A23F01C0343EA88039382A5
:10799000BB6843BB002005B0BDE8F083D1F81025DB
:1079A00022F00302C1F8102522681344D3F81025F1
:1079B00022F44F3222F44072C3F810253202D3F879
:1079C000101502F47C5242EA08420A43C3F810251B
:1079D00004EB4C03A3F87C60838A43EA4C3343F006
:1079E00020038382CCE73146D3E900782046FFF7B5
:1079F000F9FE002FCED063689F4206D004F17800D4
:107A0000FFF76DFD002804DAC5E7A3689845F5D1B6
:107A1000002004EBC003C3E9017804EB4505AB8A01
:107A2000C0B243EA402343F48073AB82B2E72DE94E
:107A3000F043054685B0084616461F46F5F7CEFDCD
:107A40000C46804626B32846FFF798FE18B928460C
:107A5000FFF789FE18BB05EB4809B9F8143003F0AD
:107A60001C0313B17378012B19D001238DF80F304B
:107A700000232046CDE90063721CB31C0DF10F01F9
:107A8000FFF719FEB9F8143043F00303A9F81430D6
:107A9000002F3FD021462846FFF770FE20B96FF037
:107AA000150005B0BDE8F08300223E782B684FEA50
:107AB000860C03EB8603C3F81025C3F8102505EBED
:107AC0004802938A23F4604323F02003938278785A
:107AD00000B32968BF786144D1F81035000423F45D
:107AE000991323F4F853C1F81035230200F4403001
:107AF00003F47C5303433805D1F8105500F480108B
:107B000003432B43C1F81035938A43EA463343F0CD
:107B1000200393820020C4E7C0E90312704770B5C8
:107B200004461546FFF71FFE48B10846F5F756FD17
:107B300004EB40040020A38A5B0B2B7070BD6FF038
:107B40001500FBE790F88C00003818BF0120704743
:107B5000F5F76ABD2DE9F34104461746FFF703FE2A
:107B60000D462668F0B12046FFF708FE8046C8B9EA
:107B70002046FFF70EFE820002F5807346F8038070
:107B8000F35823681344D3F8102542F00102C3F8D8
:107B9000102527B1012322688340C2F8043302B0C4
:107BA000BDE8F081D6F804332846002BA4BF4FF07F
:107BB0000043C6F80433F5F711FD04EB4004A38A33
:107BC000C3F38203042B11D0052B11D001A801951A
:107BD000F5F7F2FC019B0169D94001F00101023186
:107BE000284602B0BDE8F041FFF7AEBD0321F7E73C
:107BF0000221F5E7FFF746BE2DE9F04389B0109E5C
:107C00000446894690460021202268461F46129D60
:107C100002F077F81F2E97BF01234FF0FF33B340D8
:107C200003F1FF332361119BC4E90098C4E9027694
:107C30006361183445B10FCD0FC495E80F0084E897
:107C40000F0009B0BDE8F0836D46F4E773B5046832
:107C5000651C31D08568A9422ED264182CD05E18DC
:107C6000AE4288BF6B1A056A35B100930523A84759
:107C70000346184602B070BD2146BFF35B8F18461D
:107C800018B142EA0104A4070AD103280EDC013925
:107C900010448242EDD011F8014F02F8014BF8E791
:107CA00011F8014B013802F8014BE9E751F8044B98
:107CB000043842F8044BE8E76FF02103D9E773B5C5
:107CC0000468651C31D08568A9422ED264182CD076
:107CD0005E18AE4288BF6B1A456A85B921461846C0
:107CE00018B141EA0204A4070ED1032812DC013ABC
:107CF0000844814214D1BFF35B8F184602E0009321
:107D00000523A84702B070BD12F8014B013801F8F5
:107D1000014BE5E752F8044B043841F8044BE4E723
:107D200012F8014F01F8014BE3E76FF02100E9E79A
:107D300073B504681D46661C2BD08368994228D20F
:107D4000641826D06E189E42866A88BF5D1A2EB1CE
:107D500005230095B047284602B070BD4FF00130B2
:107D600021462B4650430BB18C0707D1032B09DC6E
:107D70000B4499420AD1BFF35B8FECE701F8012B6A
:107D8000013BF0E741F8040B043BEFE701F8012B5E
:107D9000EFE76FF02100DFE70020704710B4046BBD
:107DA00002460B4684B9C1681F2998BF23FA01F423
:107DB000416861B18068834209D21069184051F866
:107DC0002430184410BC7047234610BC18474FF0AD
:107DD000FF30F7E770B5436B05460E46E3B904691B
:107DE000621C09BF43680C401C680C1B21462846D6
:107DF000FFF7D4FF864207D02B6901331C44AB68E0
:107E00009C42F3D34FF0FF342868431C07D0AB6883
:107E1000A34204D9204470BD98470446F4E70020EB
:107E2000F9E730B5059CC4E90002039A218119895C
:107E3000E260049A618121856261D3E9002502EB49
:107E40000113C4E906128A1C236203EB42036A1C75
:107E500013446D422B406362836953B90139E2696F
:107E60008B4202EB031206DB002393736FF07F0358
:107E7000D373002030BD0133D381F0E72DE9F04FFB
:107E8000B0F830A004465546002685B002EB030842
:107E900091460E9A00EBCA031FFA88FB9A63A3F877
:107EA0003CB008F1FF32C3690F1D0192B0451ADCE6
:107EB000238D2586A3EB0B032385236A61895A88CA
:107EC00001390A4003EB4203A3F804A0BFF35B8F20
:107ED0000020226A538801335380638D0133638508
:107EE00005B0BDE8F08FE06A2A0157F8041C03EBE7
:107EF0000515029303680392C91A836808379942EB
:107F000028BF4FF0FF31FFF749FFDDE902329850FB
:107F100000226A6057F8082CAA60019A9642ACBF0A
:107F200000220122B145D8BF42F00202AA810136E7
:107F3000ED89BBE7F0B550B3456A448E6B88A34228
:107F400030D0631C43864389BFF35B8F013B1C40E9
:107F500005EBC4056B689EB209B1AD680D60D0F841
:107F60001CC09BB20CEB031100EBC3039D8F078D6C
:107F70002F44013D07859D878D896F070ED5058E9E
:107F8000CD8100210686986B996302B11480F0BD03
:107F90009D8FC989013D0CEB01119D878D89ED07EE
:107FA000F6D4ECE70020F2E7C36903EB011398680D
:107FB0007047C36909015958C06AFFF70BBF70B514
:107FC000BFF35B8F0D46016A1646838E4A880446CE
:107FD0009A4212D05A1C82864289013A134001EB20
:107FE00043018988298089B2FFF7E3FF2A88E36982
:107FF00003EB02139B68336070BD0020FCE710B5F3
:10800000026893691269920017D543B9438E026AD8
:1080100081694489013B1B1B02EB41029380036889
:108020009B69012B08D1838E426A81694089013B9B
:108030001B1A02EBC102938010BD23B9026A138898
:1080400043F00103138003689B69012B01BF426A5F
:10805000138843F001031380EEE710B5BFF35B8F85
:10806000026804469369126992001AD57BB9036AC3
:10807000426A5B888169013B02EBC10292889B1ACC
:10808000628D9BB29A4214D80023638510BD012BE8
:10809000FAD1436A026A5B888169013B02EB4102C3
:1080A000ECE763B9436A1B88DB4303F00103002B51
:1080B000EAD06369002BE7D020469847E4E7012B1C
:1080C000E2D1036AEFE7036A828E598891420AD0AF
:1080D000418901390A4003EB42039A88C36903EBE3
:1080E00002139868704700207047BFF35B8FC36826
:1080F00003B1184770474FF0FF324FF0FF33F6F7E8
:10810000C1BB10B1C36A0133C362704738B1C26AE0
:10811000013AC2621AB9026B02B11047026270479B
:1081200070B50446056A05F164063046FFF7E3FFC3
:10813000636AA3F580637F2B0BD801225909503560
:1081400003F01F039A4055F8213023EA020345F853
:108150002130D4E90F124A60E16B04F13C03116055
:108160002046C4E90F33FFF7D1FF3046BDE8704029
:10817000F6F754BB10B5436A8CB00A93202304462B
:1081800002460B9102A8194600F002FB28230122A7
:10819000CDE9003220463522616A02ABF5F79AFD3F
:1081A00000EAE0700CB010BD30B1006A20B119B126
:1081B000D0F8803003B11847704730B1006A20B161
:1081C00019B1D0F8843003B11847704730B1006A54
:1081D00020B119B1D0F8883003B11847002070479A
:1081E0002DE9F84307468846154699460668B74282
:1081F00003D100242046BDE8F8836A1CA6F13C04A4
:1082000002D0636AAB42F5D0B8F1000F10D0202243
:108210004146204601F094FD50B9B9F1FF3F02D02C
:10822000A36A4B45E6D06B1C02D1A36A0133E1D0AF
:108230003668DCE770B505460C461E46CAB12023F9
:108240002046194600F0A4FA0123E362049B66620B
:10825000A362059B25626363069BA363079B63641C
:108260006A6804F13C03C4E90F526B60226C13602E
:1082700070BD0A70E8E710B5044690B1036A83B197
:1082800002784AB193F89C3033B1436AB3F5806FFA
:1082900002D30121FFF76EFF2046BDE81040FFF733
:1082A0003FBF10BD20B1036A13B15B6803B118472B
:1082B000704708B530B1036A3BB1DB682BB1984712
:1082C000002008BD6FF01500FBE76FF00500F8E730
:1082D0007047F6F7A3BA4FF0FF324FF0FF33F6F7CF
:1082E000D1BAF8B500F16407A1F110060546384689
:1082F0000C46FFF7F0FF3046F5F7A2FD80B154F8C9
:10830000083C24F8083CD5F8C43044F80C3C05F18E
:10831000C00344F8103CC5F8C46054F80C3C1E601F
:108320003846FFF7D6FF0020F8BD38B50D4600F1FE
:1083300064042046FFF7CFFF55F8083C204603F5BC
:10834000803345F8083CBDE83840FFF7C2BF2DE94F
:10835000F043282A89B08846109D52D1D5F8B8003C
:10836000202301688468A8EB0101A14228BF4FF0D7
:10837000FF316A46FFF76AFC05F16406D8F82090E1
:108380003046FFF7A8FF4B464FF0FF3269462846BC
:10839000FFF726FF044640B3076B003F18BF0127D5
:1083A000D8F82430DB0722D514B14FF0FF33A36295
:1083B00017B12046FFF7A5FE3046FFF78AFF1CB134
:1083C000A36B0BB120469847AB6F1BB14A46694679
:1083D00028469847AFB13046FFF77DFF2046FFF7AC
:1083E00095FE3046FFF775FF0BE00746D8E764B906
:1083F0003046FFF76EFF6B6F1BB14A466946284651
:108400009847002009B0BDE8F083C4F82890E8E759
:10841000F0B504468E680D46B6B23146D0F8B000CD
:1084200085B0FFF7C1FDD4F8AC3007469A6942B970
:108430000095CDE902500123D4F8B00002A9FFF75E
:108440001DFDD4F8AC309B69012B08D13A4631466A
:10845000D4F8B00005B0BDE8F040F5F71FBC05B09A
:10846000F0BD70B500F16406A1F110050446304678
:10847000FFF731FF2846F5F7E3FC38B120462946DF
:10848000FFF7C6FFD4F8B000FFF7E7FD3046BDE8C0
:108490007040FFF71EBF2DE9FF4103689E6A06F199
:1084A00064084046FFF717FFD6F8AC309B69DBB98C
:1084B000D6F8B0000DF10A0203A9FFF73BFD044610
:1084C000D6F8AC309B69012B07D1D6F8B00003AACF
:1084D0000DF10A01FFF773FD04463CB94046FFF772
:1084E000F8FE04B0BDE8F0810024E9E7BDF80A30E9
:1084F00000216268A36030464FF0FF33FFF770FE43
:108500000546FFF7FEFDA368404603F58033A360F0
:10851000FFF7DFFE75B1AB6A696C013308BF2368F2
:10852000284608BFAB622368A28900916F6B04F1F3
:108530001001B8474046FFF7CEFE2846FFF7E6FD9C
:108540002046F5F77DFC38B130462146FFF760FF45
:10855000D6F8B000FFF781FD4046FFF7BAFEA0E76E
:108560002DE9F041A3F1100653F8085C002388B010
:108570000693ADF81E3004461023CDE904120E9F79
:10858000D0F8B800ADF81C700168D0F808C0711AB6
:108590000DEB0302614528BF4FF0FF3104F1640881
:1085A000FFF78DFB4046FFF796FED4F8AC30ADB236
:1085B0009B69CBB9D4F8A020D4F8AC30D4F8B4007F
:1085C0009B69C3B9CDE902620096012202A9FFF7B7
:1085D00055FCD4F8B400FFF740FD4046FFF779FEA4
:1085E000384608B0BDE8F0812946D4F8B400FFF75A
:1085F000DBFC0246E0E7012BEBD12946F5F74EFB09
:10860000E7E710B548B149B143688B4206D38268A9
:108610000468D21A5B1A4360A01810BD0020FCE762
:108620002DE9F3470546D0F8AC000E46174618B9B9
:10863000002002B0BDE8F087036A002BF8D09B68E9
:10864000002BF5D098474307F2D543F69823002F27
:1086500018BF1F4605F1640805F1C0094046FFF741
:108660003AFED5F8C0404C4532D08CB3D4E9002353
:10867000536022681A60C4E90044D5F8AC302189FF
:108680009B69ADF8061013B9D5F8A0303360D5F862
:10869000AC309B69012B04D1D5F8B400FFF784FC02
:1086A00030604046FFF715FE002C4BD1002FBFD0A5
:1086B000D5E92B32182112891B6B01FB0233D5F847
:1086C000C820AABB2120002100F0E6FB013FC5E73E
:1086D000D5F8AC30D3F818A0BAF1000F1CD1314650
:1086E000D5F8B4000DF10602FFF724FC044600287B
:1086F000D7D1D5F8B4301B8D0BB90024D1E7D5F80C
:10870000A010D5F8BC00FFF77CFFD5F8A0300446D8
:108710003360ADF806A0C4E7BAF1010FEDD13246DF
:10872000D5F8B4000DF10601FFF749FC0446B8E79F
:108730001969284690476FF4FB639842C2D000281D
:108740008CD075E7BDF8063004F1100003F58033D6
:10875000A3603368103B33606BE720B119B112B1ED
:10876000C0E901220160704738B5044618B938BD28
:108770003C38FFF780FD20688442F9D10025D4F809
:10878000AC00C4E92C55FFF78DFDC4F8AC50EEE702
:10879000F8B50446A1B199420E4628BF1E46751C85
:1087A000013D05D012F8017B00F8017B002FF7D1C5
:1087B000994207D9891B4A19002101F0A2FA711BBD
:1087C0000846F8BD00230C4404F8013CF7E708B163
:1087D000EBF78ABE704710B5436904463BB90020E9
:1087E000E2684042537843F00103537010BD98474C
:1087F0000028F4D00028B8BF4042FF28A8BFFF20BF
:10880000E3681870ECE740B1C368587810F00100D5
:108810001EBF1878B0FA80F040097047EFF311835B
:10882000202383F31288BFF36F8FFEE710B400F1AB
:108830000C04C0E9034410BCFBF7B9BC38B50446CE
:10884000EFF31185202383F31288BFF36F8FE8F7CE
:1088500099FE04F10C0000F010FB30B1294604F140
:108860001400BDE8384000F0EEBA85F31188BFF37C
:108870006F8F38BD10B542696AB1836842EA03015F
:10888000890708D10169A2FB011424B95B182CBF28
:108890000121002102D36FF0150005E0C1609B1A91
:1088A00002698A4201D8002010BDC26801311A60F5
:1088B0004269C3609B1AF3E710B5C0E90432002394
:1088C000816083610446FFF7D5FF08B9C4E900441D
:1088D00010BD2DE9F04105460F46EFF31188202326
:1088E00083F31288BFF36F8FC668FEB90468A04295
:1088F0001CD0DCB1D4E9003213605A60237CC4E997
:10890000006623F002032374A66004F1180000F04F
:1089100036FB2046C4F8AC60676100F03AFA414685
:1089200005F10800BDE8F04100F08DBA3E60AB698A
:10893000EF60013BAB6188F31188BFF36F8FBDE837
:10894000F081202408B5EFF3118384F31288BFF37C
:108950006F8FFCF7CFFBF6E790F90E308B4201D01A
:10896000F6F7F0BB0020704703460020C3E9003350
:10897000C3E902007047D0E9003213605A60002357
:10898000027CC0E9003322F0020202748360704767
:108990002DE9F843904604460D469DF82020EFF35C
:1089A0001187202181F31288BFF36F8F02B14568D0
:1089B000A66804F10809B14516D0AEB100243046CE
:1089C000FFF7D9FF06F1180000F0D9FA3046C6F8D3
:1089D000AC40C6F8148000F0DCF94846394600F097
:1089E00032FA2046BDE8F883A3B10820F7F792F8E1
:1089F000002832D00122C0F804800260016801F032
:108A000003015DB922680A430260626820606AB9A6
:108A100060600BE04046C8F80030EFE72A68032AA0
:108A200010D80160616839B9C4E90000002087F3FB
:108A30001188BFF36F8FD5E70A6802F00302024383
:108A40000A60E5E722F003020A4302602A6802F0A6
:108A5000030240EA02032B60E8E76FF00B00E6E751
:108A600010B5044630B10268930703D0446809B1D9
:108A700000F02AFB204610BD0023C0E9003300F1BE
:108A80000803C0E902337047012307B500930023B0
:108A90000A461946FFF77CFF03B05DF804FB00238C
:108AA00007B50A4600931946FFF772FF03B05DF859
:108AB00004FB00210068FFF7D3BF3AB18A4205D317
:108AC000C0E90212C0E90000002070476FF01500F5
:108AD0007047012302688B4022EA0303036022FAF5
:108AE00001F000F001007047704710B50321044603
:108AF0000C30FFF7EEFF30B104F1100000F03FFA48
:108B0000B0FA80F0400910BD20B10022BC301146FF
:108B100000F0FBB9704770B5C3680446C3F3400664
:108B20009B0716D4856802210C30FFF7D2FF80B175
:108B3000D5F8B4206AB194421DD122689EB9D5F807
:108B4000B830C5F8B4209C4201D1C5F8B820002344
:108B50002360E36813F01F001EBF43F00203E360CD
:108B600040F0020070BD3260D5F8B820944208BFD2
:108B7000C5F8B860EBE716461268DBE773B5044644
:108B8000EFF31185202383F31288BFF36F8F002347
:108B90000193D0E90423B3F1004F08BF012A05D0A7
:108BA00085F31188BFF36F8F02B070BDA0F110067E
:108BB00003210438FFF78DFF0028F1D0A369304668
:108BC00001A90193F5F768FFEAE738B504460D46B9
:108BD0001022002101F095F8656038BD13B50190B1
:108BE0000846EFF31184202383F31288BFF36F8FBD
:108BF00001A9F5F751FF84F31188BFF36F8F02B01D
:108C000010BD10B5FFF7EAFF041E08DDEFF3118079
:108C1000202383F31288BFF36F8FF6F7FFFA204605
:108C200010BD70B50D46EFF31186202383F3128833
:108C3000BFF36F8FF5F782FF044686F31188BFF309
:108C40006F8F38B14FF0FF324FF0FF3305F1100056
:108C5000F5F718FE204670BD08B5D022002101F0BE
:108C600050F808BD38B530220D460021044601F009
:108C700048F84FF480736560E36038BD38B504464A
:108C8000EFF31185202383F31288BFF36F8FFFF773
:108C90002CFF2046FFF73FFF85F31188BFF36F8F4E
:108CA00038BDF8B504460D46EFF31187202383F352
:108CB0001288BFF36F8FC36803F01F03002B14BF2C
:108CC0000126002609D0FFF710FF2046FFF723FFFB
:108CD00029462046F5F7C2FE034687F31188BFF305
:108CE0006F8F3BB14FF0FF324FF0FF3305F10800BB
:108CF000F5F7C8FD3046F8BDD0E9003213605A6080
:108D00000023027CC0E9003322F002020274836077
:108D10007047EFF30580003818BF012070477430AA
:108D20007047D0E9003213605A600023C0E9003375
:108D3000704708B5FFF7F5FF037C23F002030374C7
:108D40000023836008BD38B504460D46F6F756F992
:108D5000237C43F002032374D5B1A5602B689D42A8
:108D600009D16B68C4E900531C606C6010E06A684C
:108D70009A42F6D01B68002BF3D093F90E1094F9A9
:108D80000E209142F3DD5A68C4E9003214605C6041
:108D900038BD10B5EFF31184202383F31288BFF39D
:108DA0006F8FF6F7EBF884F31188BFF36F8F10BD68
:108DB00008B5EFF31181202282F31288BFF36F8F81
:108DC00083680BB1FFF7B5FF81F31188BFF36F8F95
:108DD00008BD08B5037C014613F0280F0CD1836849
:108DE0000BB1FFF7A6FF0B7C084623F004030B74BE
:108DF000BDE80840F6F7C2B808BD10B5EFF311841E
:108E0000202383F31288BFF36F8F1838FFF7E1FF39
:108E100084F31188BFF36F8F10BD08B50346EFF3DD
:108E20001181202282F31288BFF36F8F0068834282
:108E300007D008B1FFF77DFF81F31188BFF36F8F73
:108E400008BD0020F8E70846F6F710B938B5054622
:108E500004680020AC4200D138BD002CFCD0204674
:108E6000FFF767FF04F1180000F089F82046F6F7D5
:108E700085F82C680120A542EDE710B5EFF31184C9
:108E8000202383F31288BFF36F8FFFF7DFFF84F394
:108E90001188BFF36F8F10BD38B50C460546F6F745
:108EA00059FAB4F1FF3F08BFB5F1FF3F1FBF47F6C6
:108EB000FF7300224FF47A71E0FB013216BFD80B2A
:108EC0004FF0FF3040EA424038BD38B50446EFF37A
:108ED0001185202383F31288BFF36F8F037C5B0718
:108EE0000ED5183000F04BF8237C204623F0040305
:108EF0002374F6F743F82846BDE83840F6F7B6B8CD
:108F000085F31188BFF36F8F38BD38B5EFF3118546
:108F1000202383F31288BFF36F8F0468A04213D01D
:108F2000A4B1C4F8AC1062612046FFF702FF04F15F
:108F3000180000F024F82046F6F720F8012085F309
:108F40001188BFF36F8F38BD0020F8E72046F6E7A1
:108F500008B50246F6F792FB70B1D0E904319B1ACE
:108F600061EBE272B3F1004F72F1000104DA002A02
:108F7000ACBF1846002008BD6FF00040FBE702467A
:108F800038B5EFF31185202383F31288BFF36F8F79
:108F90000368D3B1F6F772FB04461046F6F780FB80
:108FA00000224FF000438442C0E9042305D0002092
:108FB00085F31188BFF36F8F38BDF6F767FBFFF7B6
:108FC000C7FF0021F3F7D4FFF1E7D0E90413B3F1B1
:108FD000004F08BF012904D100204FF00041C2E931
:108FE00004016FF01500E3E708B5F6F761FC08BD72
:108FF000F6F75EBCB3F1FF3F08BFB2F1FF3F70B5BB
:1090000006461D46144614D01A4316D0002B08DB22
:10901000F6F74EFC041941EB0501C6E90041304664
:1090200070BD6FF001031C1B4FF0FF3363EB0501B4
:10903000F3E74FF0FF342146EFE70024FBE7B3F1FD
:10904000FF3F08BFB2F1FF3FF8B5074616461C4682
:1090500010D054EA020311D0F6F72AFCB0420A46B7
:10906000A14103460AD2F31A64EB0204C7E90034B3
:109070003846F8BD4FF0FF331C46F7E70023FBE707
:109080000023C0E9081200F11802C0E90622C0E975
:109090000033036343637047043270B504460ED255
:1090A000EFF31185202686F31288BFF36F8F41F00E
:1090B0000401984785F31188BFF36F8F08B900202A
:1090C00070BD40F8044BFBE720B1011F50F8040CC1
:1090D000FFF7B4BB7047704700207047704710B56A
:1090E000044608B1F6F7DCFE2046BDE81040F6F76E
:1090F000C7BE0346C068F8B15888E8B11B8803F4BE
:109100004F42B2F5824F02D0B2F5884F09D1DBB29F
:10911000272B2AD008D8172B0FD0222B34D0122B74
:1091200016D06FF085007047302B2FD0413B012BBC
:10913000F7D8FF2839D100207047C028FBD0E1289C
:10914000F9D0B0F5807F14BF6FF086000020704723
:1091500020F02003C02BEED020F08003B3F5807FF9
:10916000E9D040F209239842EDE7E928E3D0EF285F
:10917000E1D040F21B139842DDD040F2991398429F
:10918000D9D040F23B23EEE7E928F1E720F02003B5
:10919000C02BD0D020F04003B3F5807FCBD0B0F50A
:1091A000C07FC8D0B0F5007FCDE7B0F5E07FCAE75B
:1091B0003AB1002918BF00232121D21A184400F027
:1091C000A0BD70472DE9F04F9B46002389B08DF874
:1091D0001B30159B9146DDE912A7002B0D460B466F
:1091E0000CBF4FF400624FF4806207A9DDF8508095
:1091F000F6F7F8FF0446D0B9079E284631880DF1EE
:109200001B02F7F76BF8044688B99DF81B30BB4288
:109210001FD8CDE90338CDE901BACDF800902B462F
:10922000D6E909123046F7F79FFD044608B1C8F8A1
:1092300000703A4621465046D8F80030FFF7B8FF94
:109240000798F7F77BFD002C18BF204609B0BDE852
:10925000F08F6FF08904EAE741F2062398421AD8AA
:10926000B0F5905F09D241F2010398420CD0B0F5FD
:10927000885F09D06FF0850070476923A0F5905092
:1092800080B2C340DB07F5D511F0070F14BF6FF0B4
:10929000860000207047B0F5105FEBD121F040034D
:1092A000802B06D0B1F5807F14BF6FF086000020C0
:1092B00070470020704770B5446A05460E463CB9B9
:1092C0000120F6F7D7FD686228B12046AE6270BD76
:1092D0006FF08A00FBE76FF08C00F8E7F8B51E46E8
:1092E0000F4615460388C2B103F4E043B3F5805F2F
:1092F00002D0B3F5005F10D1089BE9001960008827
:10930000FFF7AAFF044630B92A463946304600F036
:10931000D2FC079B1D602046F8BD6FF08504FAE77C
:1093200010B50446406A10B1A16AFFF7D8FE0020CC
:10933000C4E9090010BD38B50446FFF7F1FF237FEB
:10934000012B0FD0023B012B0FD8236A012B14BF36
:109350006FF0960500252C220021204600F0D1FC5C
:10936000284638BD236A002BF1E76FF09605F2E737
:1093700038B514460288049D02F4E040B0F5805FE1
:1093800007D0B0F5005F04D002F44F42B2F5824F2F
:109390000ED1AC420FD81846224600F08CFC0021BA
:1093A0002A1B204400F0ADFC0020059B1C6038BD4A
:1093B0006FF08500FBE76FF08900F8E7F0B50F4626
:1093C0001E46154685B0CAB100230122336003A9A9
:1093D000F6F708FF044670B9CDE9005603983B46FE
:1093E000D0E9091200F0CEF904460398F7F7A6FC7D
:1093F000002C08BF0446204605B0F0BD6FF089047C
:10940000F9E770B50488154604F4E042B2F5804FE0
:10941000049E22D144F2010224F4405090420DD027
:1094200004F44F44B4F5824F08D0B4F5844F05D00E
:10943000B4F5884F02D0B4F58E4F0ED1B5420FD897
:1094400018462A4600F037FC0021721B284400F021
:1094500058FC0020059B1D6070BD6FF08500FBE788
:109460006FF08900F8E7F0B50F461E46154685B047
:10947000FAB1002303A91A463360F6F7B3FE044697
:1094800088B9039803885B0410D5CDE900563B46A4
:10949000D0E9091200F081F904460398F7F74EFC71
:1094A000002C08BF0446204605B0F0BD6FF08604CE
:1094B000F3E76FF08904F6E710B50368044643B19B
:1094C00000F0D4F900232360A3886FF30803A3807E
:1094D00010BD1846FCE72DE9FF41984600230C46D5
:1094E0000168054616460393002939D14FF4A87246
:1094F000083000F006FCB8F1000F204633460CBFE0
:109500004FF400624FF4806203A9F6F76BFE044645
:10951000B8B9039F304639882A1DF6F7DFFE0446A6
:1095200078B96B79394668F300036B71D7E9092381
:1095300028460096B8F1000F0FD0F7F72DFC04462F
:1095400010B12846FFF7B8FF0398F7F7F7FB002C98
:1095500018BF204604B0BDE8F081F7F73DFCEEE708
:109560006FF08804EDE70123FFF7B5BF38B5036856
:10957000054614464BB132B100F063F9044610B110
:109580002846FFF799FF204638BD6FF08804FAE7B8
:109590002DE9F0411646026805460F469846F2B19D
:1095A0004279D2071BD50279CAB1B2421AD800F06B
:1095B00051F9044618B10023C8F800602B7137B187
:1095C000324621463846D8F80030FFF7F1FD2846EC
:1095D000FFF772FF002C18BF2046BDE8F0816FF046
:1095E0008804E8E76FF08904E5E71FB501240394D8
:1095F000089C0294079C0194069C0094FFF7E2FDEE
:1096000004B010BD2DE9F04705469A46002388B006
:10961000079325F0004323F47F03B3F1106F08464E
:10962000DDE910961746DDF8488023D12B464FF42C
:10963000804207A9F6F7D6FD044660B9CDE9036874
:10964000CDE901A9079800972B46D0E9091200F04F
:1096500015F9044628B131464846F6F7FDFFC8F82B
:1096600000600798F7F76AFB002C18BF204608B087
:10967000BDE8F0876FF08604EDE703461B880846D7
:1096800003F4E043B3F5805F114602D0B3F5005F09
:1096900001D1F6F7E1BF6FF0850070471C22002171
:1096A00000F02FBB034668B1017F8A1E012A0BD848
:1096B0000329026A03D1012A01D1FFF73CBE1AB186
:1096C000013A1A62002070476FF096007047C0B2EE
:1096D000002814BF6FF085000020704700207047FD
:1096E000704700226FF086001A60704700236FF009
:1096F00086000B6070472DE9F041476804463F0A39
:109700000D461646984611D107887F0407D4434674
:10971000324629462046BDE8F041FFF7AEBF00F0D3
:10972000E9F810F1860FF2D0BDE8F0816FF0860005
:10973000FAE72DE9F04F476885B03F0A0446DDE9B6
:109740000E9A0D4616469846DDF840B015D1CDE983
:1097500001ABCDF8009000F0BFF810F1860F0ED1EC
:109760004346324629462046CDE90FABCDF8389026
:1097700005B0BDE8F04FFFF7B1BD6FF0860005B052
:10978000BDE8F08F10B44468240A02D110BCFFF782
:10979000EFBD6FF0860010BC70472DE9F3474768B6
:1097A0000446DDE90A9A3F0A0D461646984611D14D
:1097B000CDE9009A00F082F810F1860F0CD14346F3
:1097C000324629462046CDE90A9A02B0BDE8F04764
:1097D000FFF717BE6FF0860002B0BDE8F08710B447
:1097E0004468240A02D110BCF7F7F0BB6FF0860082
:1097F00010BC704713B504464868000A0AD10498A3
:10980000009004F10800F7F78FFB08B91C232360D0
:1098100002B010BD6FF08600FAE710B404681C2C8B
:1098200003D110BC0830F7F7ABBB6FF0860010BC5B
:10983000704703681C2B02D1083000F061B900208A
:10984000704703681C2B02D1083000F034B96FF068
:109850008600704710B404681C2C03D110BC08307B
:1098600000F032B96FF0860010BC704703681C2B03
:1098700002D1083000F034B90020704710B44468B9
:10988000240A02D110BC00F043B96FF0860010BC6E
:1098900070470020704713B5002001AB1446F8F75D
:1098A000F1F930B9019BA34218BF6FF0930002B0E9
:1098B00010BD6FF09200FAE70020704710B40488E2
:1098C00004F44F44B4F5824F02D110BC00F045B906
:1098D0006FF0850010BC704710B4048804F44F4446
:1098E000B4F5824F02D110BC00F067B96FF085006B
:1098F00010BC704710B4048824F0FF04B4F5E24FA4
:1099000002D110BC00F0ACB96FF0850010BC7047FC
:10991000024612F8103B43F3C01303F0870312F81A
:10992000011D83EA4103904213704FEA1323F6D1DD
:1099300070472DE9FF4705468846144622B3D0F804
:10994000486100F5947786B94FF01009A0440DF1F5
:109950000C0A102CA8EB040237D8234639463846A7
:1099600000F0EEF8C5F848410EE0C6F110094A458E
:109970000FD8B91913460846424600F0E1F8D5F869
:1099800048312344C5F848310026304604B0BDE8CC
:10999000F087B9F1000F08D0B91942464B46084686
:1099A00000F0CEF8103EC8443444102203AB0193BB
:1099B00039463B4628460092FFF72FFF064600280F
:1099C000C2D02846FFF735FFDFE710233946384677
:1099D00000F0B6F83B46102239462846CDE9009AF9
:1099E000FFF71BFF06460028EBD1103CB1E72DE93D
:1099F000F0439846D0F848311746102B0446894664
:109A000085B000F5947500F59C721CD12946284656
:109A100000F096F8102203AB019329462B4620460E
:109A20000092FFF7FAFE064630B93A462946484604
:109A300000F041F9C8F800702046FFF7FAFE304602
:109A400005B0BDE8F083C618104696F8283183F0BB
:109A5000800386F82831FFF75BFF10230246D5E725
:109A6000F0B504460E461746D5B04FF4A672002155
:109A700001A81D4600F045F921463B46324601A8A3
:109A8000F7F7CAF9044680B929465A9A01A8FFF7A0
:109A900050FF044648B9DDE95C235B9901A8FFF754
:109AA000A6FF0446204655B0F0BD01A8FFF7C1FE51
:109AB000F8E7F7F7D7B990F84C31022B01D1FFF74F
:109AC00038BF6FF08800704710B490F84C41022CFA
:109AD00002D110BCFFF78BBF6FF0880010BC70473D
:109AE00010B590F84C310446022B07D1FFF7A1FEC8
:109AF0004FF4A8720021204600F003F9002010BDA9
:109B000008B54FF49072002100F0FBF8002008BD6A
:109B100010B4048804F44F44B4F5824F02D110BC51
:109B2000F7F78CBA6FF0850010BC7047034601440C
:109B3000002013F8012B8B4240EA0200F9D1704754
:109B400030B50B4411F8014B12F8015B994284EADD
:109B5000050400F8014BF5D130BDF8B505462F8856
:109B60001846DDE9063607F4E04CBCF5804F144694
:109B700006D19A421ED800F09EF834600020F8BD4D
:109B800047F21212974202D06FF08500F7E76400A7
:109B900001349C420ED804226B883460B3F5807F78
:109BA0000270F1D10130F7F7C7FB0028E6D06FF063
:109BB0008600E4E76FF08900E1E72DE9F0410E4609
:109BC00044F212111F46038815468B42DDF82080AF
:109BD00042882ED047F212118B423BD102B9EA00E3
:109BE000B2F5807F36D1202D03D06FF08600BDE81E
:109BF000F08129463046FFF799FF0028F5D030461E
:109C0000F7F786FB0028F0D1D8F8004034F48074D0
:109C1000EBD1069B9D4220D82A463146384600F0BB
:109C20004AF8079B20461D604FF48073C8F8003047
:109C3000DDE71AB9EB07D8D56A08D200B2F5807F04
:109C400008D1412DD1D13378042BCED1701CF7F738
:109C500069FBD7E76FF08500C9E76FF08900C6E7B9
:109C6000F8B51E4647F212130C4647880188FD1DC1
:109C700099424FEAD50502D06FF08500F8BD9542B4
:109C800016D829462046F6F7E7FC0028F6D12946E3
:109C90002046FFF74BFF0028F3D0B7F5807FEBD1CC
:109CA0002046F7F735FB0028EBD120233360E5E7AA
:109CB0006FF08900E2E70A44431E914200D17047E9
:109CC00010B511F8014B914203F8014FF9D110BDC5
:109CD000884210B501EB020402D98442234607D81A
:109CE000431EA14207D011F8012B03F8012FF8E71A
:109CF0000244824200D110BD13F8011D02F8011D7B
:109D0000F7E702440346934200D1704703F8011B72
:109D1000F9E7044608B5FAF79FF82046EAF752FA41
:109D20000139024410B5904201D1002005E00378CA
:109D300011F8014FA34201D0181B10BD0130F2E70A
:109D400010B56AB10139841810F8012B11F8013FE0
:109D50009A4203D1A04201D0002AF5D1D01A10BDF9
:109D60001046FCE70139034610B532B111F8014F36
:109D7000013A03F8014B002CF7D11A440021934219
:109D800000D110BD03F8011BF9E70246014410B5EC
:109D90008A42134603D01C780132002CF8D1181ADD
:109DA00010BDF0B5C3F13707044603F01F0310469A
:109DB000FFB2082BE6B232D0102B3DD06508A408C4
:109DC00045EAC17544EA81748A082D1942EB5102B3
:109DD000290941EA02716D1842EB1212290A41EA7F
:109DE00002616D1842EB1222290C41EA02416D1802
:109DF00042EB1242AD1842F10002EC0844EA427410
:109E0000D10804EB8402A6EB4205EDB2092D0CD972
:109E10000134A5F10A0541F10001EDB212E0E408B8
:109E200006F0070544EA4174C908303554EA0102D6
:109E300000F8015BBDD1F0BD240906F00F0544EA2E
:109E400001740909092D84BFED19EDB2EDE7D1E9DF
:109E5000043293421EBF5A1C0A61187070470000FA
:109E6000A545000000000000712100000000000076
:109E700000000000289F01008DE5000000000000A8
:109E8000B1E500000000000000000000609F01003C
:109E900000000000449F0100B774010000000000B2
:109EA000000000007C9F010000000000989F01005E
:109EB00000000000B49F010015C300000000000076
:109EC00015CE000000000000012800000000000086
:109ED000FD4100000000000000000000D09F0100D4
:109EE000F1CF000000000000D1E8000000000000F9
:109EF00000000000EC9F01000000000008A001002D
:109F00009D460000000000008F740100000000006A
:109F10009974010000000000614900000000000089
:089F20001132000000000000F6
:109F28004FD5010084AA010098A20100A4040020D2
:109F3800D42000205DC0000000000000A8D501006A
:109F4800BCAA010054A20100AA0400207821002024
:109F580031C5000000000000B4D50100D0AA0100FE
:109F680054A20100AC0400208421002031C5000067
:109F78000000000089D50100000000004CA201008B
:109F8800A6040020000000006D720100000000001F
:109F980098D5010000000000B4AA0100A804002020
:109FA800000000007972010000000000D4D6010012
:109FB800E4AA0100B4A20100B00400201822002085
:109FC800C9CA0000000000009CD60100B8030020A8
:109FD80078A20100AE0400209021002075C6000080
:109FE800000000001CD50100540100201CA5010040
:109FF800A0040020480700206F4B0100000000006B
:10A0080015D50100000000008CA20100A204002068
:0CA018007C03002000000000000000009D
:10A0240000000000CF50010000000000CF500100EC
:10A0340000000000CF50010000000000CF500100DC
:10A0440000000000CF500100BF750100D57401006D
:10A0540000000000CF50010000000000CF500100BC
:10A06400B49F01000F74010000000000CF500100F4
:10A0740000000000CF50010000000000CF5001009C
:10A0840000000000CF500100F40100206F730100B4
:10A0940000000000CF50010000000000CF5001007C
:10A0A40000000000CF50010000000000CF5001006C
:10A0B40000000000CF50010000000000CF5001005C
:10A0C40000000000CF50010000000000A5CE0000F9
:10A0D40000000000CF50010000000000CF5001003C
:10A0E40000000000CF50010000000000CF5001002C
:10A0F40000000000CF50010000000000CF5001001C
:10A1040000000000CF50010000000000CF5001000B
:10A1140000000000CF50010000000000CF500100FB
:10A1240000000000CF50010000000000CF500100EB
:10A1340000000000CF50010000000000CF500100DB
:10A1440000000000CF50010000000000CF500100CB
:10A1540000000000CF50010000000000CF500100BB
:10A1640000000000CF50010000000000CF500100AB
:10A1740089D90000D574010000000000CF5001000F
:10A1840000000000CF50010000000000CF5001008B
:10A1940000000000CF50010000000000CF5001007B
:10A1A40000000000CF50010000000000CF5001006B
:10A1B40000000000CF50010000000000CF5001005B
:10A1C40000000000CF50010000000000CF5001004B
:10A1D40000000000CF50010000000000CF5001003B
:10A1E40000000000CF50010000000000CF5001002B
:10A1F40000000000CF50010000000000CF5001001B
:10A2040000000000CF50010000000000CF5001000A
:10A2140000000000CF50010000000000CF500100FA
:10A2240000000000CF50010000000000CF500100EA
:10A2340000000000CF50010000000000CF500100DA
:08A2440000000000CF500100F2
:08A24C00717201000000000026
:10A2540065C30000D3720100DF720100F3720100D4
:10A26400FD720100077301006DC500001B7301003E
:04A2740000000000E6
:10A27800A5C70000737301008F7301009373010079
:04A2880011C70000FA
:0CA28C0005BF000081BF0000A1BC000065
:10A29800BDC00000C371010027720100000000006A
:0CA2A8005F7101000000000000000000D9
:0CA2B400C973010011CA0000BB73010057
:10A2C000050000006980000006000000E9AC000005
:08A2D00004000000959000005D
:10A2D80038A9010008000000F8A5010007000000E7
:10A2E80020C401000300000026CD01000300000087
:10A2F800FFB6010003000000DCC8010003000000F5
:10A308001BD201000300000006B701000300000093
:10A3180003C6010003000000B5CE010003000000E1
:10A328004AC10100030000002CD501000300000011
:10A338003AD5010003000000B5C401000300000085
:10A34800C7C301000300000013D20100030000008E
:10A358006ECA010003000000EFB601000300000010
:10A368000CD201000300000076AF010003000000DA
:10A378007BD5010003000000EED6010003000000B9
:10A3880017B001000300000037B00100030000000F
:10A398003BB001000300000034B1010003000000DD
:10A3A80054AE010003000000A7D60100030000001E
:10A3B80008B60100030000008FB60100030000008A
:10A3C80097B6010003000000D6D801000300000082
:10A3D800CBAE010003000000A6B601000300000098
:10A3E80087AF010003000000DED601000300000073
:10A3F800DCA501008401002023B101000100000058
:10A40800040000000F000000010000000800000028
:10A418002000000060000000700000001000000034
:10A428000C0000000E000000500000007400000046
:10A43800A8000000FFFFFFFFFFFFFFFFFFFFFFFF78
:04A44800FFFFFFFF14
:10A450006DDB00000600000031C0010036C00100C5
:10A460003AC001003EC0010042C0010046C00100E8
:10A470004AC001004EC0010052C0010056C0010098
:10A480005AC001005EC0010062C0010066C0010048
:10A490006AC001006EC0010072C0010076C00100F8
:10A4A0000002000000020000000000000103006242
:10A4B000746C650000000000000000000000000057
:10A4C000000000000000000000000000000000008C
:10A4D000000000000000000000000000000000007C
:10A4E000000100000000000000000000000000006B
:10A4F0000338FDD870470000000000000300000092
:10A500009001000091010000000000000101000026
:10A510009C040020090A000021AE0100C9210000AE
:10A52000B14B010045240000000000009124000010
:10A5300081250000EB4901005F4A0100F349010059
:10A54000254A01000F4A0100F949010000000000FE
:10A5500000000000E14C0100D34C0100DD4C010083
:10A56000D14C0100000000000000000000000000CD
:10A5700000000000C14C0100A00B00200001000001
:10A58000B94D0100634D010002000000614F010060
:10A5900000000000000000000000000000000000BB
:10A5A00003B101000BB10100000000000000000039
:10A5B0000000000013B1010017B101001BB1010040
:10A5C0001FB10100CCA50100DC180020B53100004E
:10A5D000F418002062290020010000002150010031
:10A5E00017500100E54F0100D94F010000000000A5
:10A5F000CD4F01000000000090AD01003D6801005A
:10A60000000000008CAD01000000010088AD0100D9
:10A61000AD690100000000009C0100200000010065
:10A6200080AD010073500100000000000000000038
:10A63000000001007CAD0100AD69010000000000D8
:10A64000940100200000010074AD01003F500100A2
:10A6500000000000000000000000010070AD0100DB
:10A66000AD690100000000008C0100200000010025
:10A6700068AD0100E53100000000000000000000AE
:10A680000000010000000000A7500100DC010020D4
:10A69000D4010020CC01002000000000C4010020F3
:10A6A00069330000393200008D32000001330000B0
:10A6B0000000002000000000060001000200000071
:10A6C000C4A60100000000007BB6010006000000E7
:10A6D000E0FF0F000000002083B601002100000011
:10A6E000E0FF0620E4010020894200000000000095
:10A6F000B95101003B530100195301000000000053
:10A70000E8A6010010A701004700000000000000BB
:10A7100024680020E8A6010024A701004A000000E8
:10A7200000000000DC6B0020E8A6010038A7010053
:10A730002E0000000000000040700020E8A601008C
:10A740004CA701000201000000000000147100206D
:10A750007AC0010098C00100B3C00100C3C001006D
:10A76000D0C00100D9C00100E0C00100E7C0010075
:10A77000EEC00100F6C00100D0C00100FEC0010023
:10A7800010C1010025C1010038C101000E03000005
:10A79000895D00000F040000555D00001A010000F3
:10A7A000F5470000050400000D48000013010000FB
:10A7B000714A00003E010000E14C0000011200005F
:10A7C000415601000A1E00006F560100FF01000003
:10A7D000554E00003E010000354E0000050400000B
:10A7E0005948000008040000AD520000300300008A
:10A7F0002152000010010000014900000112000078
:10A80000695A00000A1E00002B57010003090000CE
:10A81000E14F0000040B00001D4A0000060A000082
:10A82000915C0000070A0000D14800000C05000000
:10A830009D480000050C0000CD5B0000E8A601006B
:10A840004CA801004700000000000000307200200A
:10A850005BC8010068C8010088C801007CC801000D
:10A8600093C80100AAC80100BAC801002BCC01009E
:10A87000CEC80100E8A6010084A801000000000085
:10A880000000000004770020E8A6010098A801005D
:10A890004A000000000000002C770020AF5C01009F
:10A8A000015D010000000000000000000000000049
:10A8B0005D830000000000000000000000000000B8
:10A8C00000000000020201004562010004040100D2
:10A8D000558D000006060100958C0000080401005B
:10A8E000818B00000A0201002D6201000C040100AE
:10A8F000156201000E0401005D8A000020040100C1
:10A90000C989000010040100D9880000120201006A
:10A91000976101001E0004008D65010052020000D5
:10A92000BD610100E8A6010034A901004C0000004F
:10A930000000000084780020C0AD01003D680100E7
:10A9400000000000BCAD010000000100B8AD010036
:10A95000AD690100000000002C0300200000010090
:10A96000B0AD010000000000000000000000000089
:10A9700000000000ACAD01000F6801004999000023
:10A980003403002000000300A8AD0100AD69010000
:10A99000000000002403002000000100A0AD010021
:10A9A00075680100059A0000000000000000030027
:10A9B0009CAD0100AD690100000000001C030020F7
:10A9C0000000010094AD0100559D00000000000052
:10A9D000000000000000010075AC00007F6F010066
:10A9E000ADB60000000000000000000081B30000D0
:10A9F0000000000000000000000000000000000057
:10AA00000000000000000000FDAD00000600000096
:10AA1000636D010006000000DDA9000010000000C9
:10AA200051A60000100000004DB60000010000001B
:10AA3000A76B0100100000005F6D01000A0000001C
:10AA400011AD00001000000065B400000700000018
:10AA5000676D010010000000676C0100010000003C
:10AA6000B1AB000040000000036D010010000000C9
:10AA70007F6C01000100000019C00000E9BF000068
:10AA8000000000006DC10000EDC000005AD50100BB
:10AA9000697201006572010060D501004D7201000C
:10AAA0005972010066D5010047720100537201001E
:10AAB00070D501008F72010000000000FFFF000050
:10AAC00000288450F4010020000000000100000074
:10AAD000FFFFFFFF00258450F4010020000000006C
:10AAE0000000000000800050010000000000000095
:10AAF00008AB01000000D6010000000000000000CB
:10AB00008D2A00208C2A00200080005014AB010008
:10AB1000010000001CAB0100040000001400000054
:10AB200013000002160600011506000308000000CD
:10AB30000300000008000000030000001FD7010010
:10AB400032D7010045D7010058D701006BD701006B
:10AB50007ED7010091D70100A4D7010087D801005A
:10AB600095D80100A9D80100B8D80100C4D80100C7
:10AB7000609E0100689E0100C09E0100C89E010009
:10AB8000209F0100289F0100D9D80100000100008A
:10AB900000000000039D0100512563FCC2CAB9F307
:10ABA000849E17A7ADFAE6BCFFFFFFFFFFFFFFFF84
:10ABB00000000000FFFFFFFFAAAAAAAAAAAAAAAA49
:10ABC000AAAAAAAA555555555555555555555555E1
:10ABD0000000000055555555522563FCC2CAB9F313
:10ABE000849E17A7ADFAE6BCFFFFFFFFFFFFFFFF44
:10ABF00000000000FFFFFFFF512563FCC2CAB9F34C
:10AC0000849E17A7ADFAE6BCFFFFFFFFFFFFFFFF23
:10AC100000000000FFFFFFFF96C298D84539A1F45D
:10AC2000A033EB2D817D0377F240A463E5E6BCF809
:10AC300047422CE1F2D1176BF551BF376840B6CBD4
:10AC4000CE5E316B5733CE2B169E0F7C4AEBE78ED0
:10AC50009B7F1AFEE242E34F4B60D2273E3CCE3B45
:10AC6000F6B053CCB0061D65BC86987655BDEBB3E7
:10AC7000E7933AAAD835C65AFCFFFFFFFFFFFFFF54
:10AC8000FFFFFFFF000000000000000000000000C8
:10AC900001000000FFFFFFFFFF8FFFFFFF8FFFFF9F
:10ACA000FE8FFFFFFE8FFFFFFD8FFFFFFC8FFFFF7B
:10ACB000FC8FFFFFFB8FFFFF4661696C20746F20E4
:10ACC00061637175697265206D757465780A00003D
:10ACD0004661696C20746F20696E6372656173658B
:10ACE00020504D20636F756E7465720A000000007D
:10ACF0006D757465785F667265652063616C6C65FF
:10AD0000642077697468204E554C4C2070617261E4
:10AD10006D6574657200000043616E277420696E72
:10AD2000697469616C697A65206D757465782C2029
:10AD3000776173204E554C4C0D0A000046617461DA
:10AD40006C206572726F7200436F756C64206E6F59
:10AD500074206C6F636B20706F77657220736176FF
:10AD600065206D75746578000000042A0000042ACF
:10AD7000000003280000012A0000012A0000032827
:10AD80000000002A0000002A00000328000000182C
:10AD90000000002800002A2B00002A2B00000328B6
:10ADA0000000292B0000292B0000032800000229A5
:10ADB0000000052A0000052A0000032800000118F1
:10ADC00000000028426C7565746F6F746820696EAE
:10ADD0006974206661696C6564202865727220253B
:10ADE00064290A00426C7565746F6F746820696E1F
:10ADF000697469616C697A65640A00416476657298
:10AE0000746973696E67206661696C656420746F2C
:10AE10002073746172742028657272202564290A77
:10AE200000536D6172744C696768740041647665A3
:10AE300072746973696E6720737563636573736693
:10AE4000756C6C7920737461727465642061732011
:10AE500025730A006D61696E006865617020636F1B
:10AE60007272757074696F6E20286E6F7420696ECF
:10AE7000207573653F292061742025700068656125
:10AE80007020636F7272757074696F6E20286275BE
:10AE900066666572206F766572666C6F773F2920F3
:10AEA0006174202570006865617020636F7272752F
:10AEB0007074696F6E2028646F75626C65206672AD
:10AEC00065653F29206174202570006F735F686598
:10AED00061700028756E7369676E65642920636808
:10AEE0006172202A207573656420666F72202525A3
:10AEF0007020617267756D656E742E2049742773BA
:10AF0000207265636F6D6D656E64656420746F207B
:10AF10006361737420697420746F20766F69642094
:10AF20002A2062656361757365206974206D61799B
:10AF3000206361757365206D697362656861766908
:10AF40006F7220696E206365727461696E20636F31
:10AF50006E66696775726174696F6E732E205374C3
:10AF600072696E673A2225732220617267756D657A
:10AF70006E743A25640063627072696E74665F7005
:10AF800061636B616765007379735F6765746F7088
:10AF90007400496E76616C696420696E7374616EC9
:10AFA000636500496E76616C6964206261636B65FC
:10AFB0006E6420636F6E66696775726174696F6E27
:10AFC00000496E76616C696420696E7374616E63AA
:10AFD000652C20656E64706F696E74206F722063DB
:10AFE0006F6E66696775726174696F6E00496E761F
:10AFF000616C696420656E64706F696E7400456E83
:10B0000064706F696E74206E6F7420726567697307
:10B0100074657265640A006970635F73657276694E
:10B020006365006D626F785F777120232564006C23
:10B030006F6767696E67006C6F67006C6F675F6D45
:10B04000676D74004D6573736167652028222573F1
:10B0500022292064726F7070656420626563617577
:10B06000736520697420657863656564732073690E
:10B070007A65206C696D69746174696F6E2028252A
:10B080007529004D6573736167652064726F707018
:10B0900065642062656361757365206974206578F5
:10B0A00063656564732073697A65206C696D697482
:10B0B0006174696F6E2028257529001B5B306D0057
:10B0C000257320005B2530386C755D20005B2530D2
:10B0D00032753A253032753A253032752E253033A7
:10B0E000752C253033755D20003C25733E200025EE
:10B0F000732F0025733A20002530327820007C0021
:10B100002563001B5B313B33316D001B5B313B33EF
:10B11000336D006572720077726E00696E6600644E
:10B120006267006C6F675F6261636B656E645F7519
:10B13000617274006C6F675F75617274002A2A2AED
:10B1400020426F6F74696E67206E524620436F6EA7
:10B150006E6563742053444B2076332E342E302D8D
:10B16000393935353330353536303762202A2A2A99
:10B170000A002A2A2A205573696E67205A6570686A
:10B180007972204F532076342E342E302D6266385B
:10B19000303165346533643139202A2A2A0A006D3A
:10B1A000757465785F696E69742063616C6C656441
:10B1B0002077697468204E554C4C20706172616D27
:10B1C0006574657200436F756C64206E6F742061E6
:10B1D0006C6C6F63617465206D7574657820626551
:10B1E000666F726520696E697469616C697A696EEF
:10B1F000670072302F61313A20203078253038785E
:10B20000202072312F61323A202030782530387872
:10B21000202072322F61333A202030782530387860
:10B220000072332F61343A2020307825303878206E
:10B230007231322F69703A202030782530387820EA
:10B240007231342F6C723A202030782530387800F3
:10B2500020787073723A2020307825303878004694
:10B2600061756C74696E6720696E7374727563744E
:10B27000696F6E2061646472657373202872313562
:10B280002F7063293A2030782530387800556E6861
:10B29000616E646C6564204952516E3A20256400E9
:10B2A0002A2A2A2A2A205553414745204641554CEF
:10B2B00054202A2A2A2A2A002020446976697369A0
:10B2C0006F6E206279207A65726F002020556E6162
:10B2D0006C69676E6564206D656D6F72792061635E
:10B2E00063657373002020537461636B206F766510
:10B2F00072666C6F772028636F6E74657874206156
:10B30000726561206E6F742076616C69642900201B
:10B31000204E6F20636F70726F636573736F72205E
:10B32000696E737472756374696F6E73002020495F
:10B330006C6C6567616C206C6F6164206F66204582
:10B3400058435F52455455524E20696E746F2050D9
:10B3500043002020496C6C6567616C207573652023
:10B360006F66207468652045505352002020417458
:10B3700074656D707420746F20657865637574658D
:10B3800020756E646566696E656420696E7374729B
:10B39000756374696F6E002A2A2A2A2A204D505537
:10B3A000204641554C54202A2A2A2A2A002020537C
:10B3B0007461636B696E67206572726F72202863B7
:10B3C0006F6E746578742061726561206D6967685D
:10B3D00074206265206E6F742076616C6964290048
:10B3E0002020556E737461636B696E67206572729D
:10B3F0006F72002020446174612041636365737340
:10B400002056696F6C6174696F6E0020204D4D4647
:10B41000415220416464726573733A203078257814
:10B42000002020496E737472756374696F6E2041D9
:10B4300063636573732056696F6C6174696F6E0026
:10B440002020466C6F6174696E672D706F696E7431
:10B45000206C617A792073746174652070726573F1
:10B460006572766174696F6E206572726F72002A00
:10B470002A2A2A2A20425553204641554C54202A34
:10B480002A2A2A2A002020537461636B696E672080
:10B490006572726F72002020507265636973652057
:10B4A0006461746120627573206572726F7200202E
:10B4B000204246415220416464726573733A2030E1
:10B4C000782578002020496D707265636973652066
:10B4D0006461746120627573206572726F720020FE
:10B4E00020496E737472756374696F6E2062757330
:10B4F000206572726F7200526573657276656420A2
:10B50000457863657074696F6E202800537075729A
:10B51000696F757320696E74657272757074202816
:10B520004952512000535053454C20696E20746895
:10B5300072656164206D6F646520646F6573206E51
:10B540006F7420696E6469636174652050535000A4
:10B550002A2A2A2A2A2048415244204641554C543E
:10B56000202A2A2A2A2A0020204275732066617523
:10B570006C74206F6E20766563746F7220746162E4
:10B580006C652072656164002020446562756720E7
:10B590006576656E740020204661756C7420657355
:10B5A00063616C6174696F6E2028736565206265E4
:10B5B0006C6F772900415243485F455843455054CA
:10B5C000207769746820726561736F6E2025780A30
:10B5D000002A2A2A2A2A204465627567206D6F6E28
:10B5E00069746F7220657863657074696F6E202A64
:10B5F0002A2A2A2A002A2A2A2A2A20257320256470
:10B6000029202A2A2A2A2A006D7075004661696C51
:10B61000656420746F20616C6C6F63617465206E6B
:10B620006577204D505520726567696F6E202575CE
:10B630000A00506172746974696F6E2025753A2032
:10B64000636F686572656E636520636865636B2010
:10B650006661696C65642E00496E76616C69642070
:10B66000756E6465726C79696E6720726567696F63
:10B670006E20696E64657820257500464C415348FC
:10B680005F30005352414D5F300065786974006E41
:10B6900065745F627566006E65745F6275665F7380
:10B6A000696D706C6500736F63007075626C6963BF
:10B6B0000072616E646F6D007075626C69632D69F4
:10B6C000640072616E646F6D2D69640025303258BC
:10B6D0003A253032583A253032583A253032583AE5
:10B6E000253032583A2530325820282573290062F7
:10B6F000745F727061004254204C572057510062B1
:10B70000745F6275660062745F64617461004461B5
:10B71000746120627566666572206F766572666C0C
:10B720006F7720286C696E6B207479706520307893
:10B73000253032782900556E61626C6520746F2067
:10B740006C6F6F6B20757020636F6E6E20776974FD
:10B75000682068616E646C6520257500556E6162B5
:10B760006C6520746F206C6F6F6B757020636F6EEB
:10B770006E20666F722068616E646C6520257500AE
:10B780004861726477617265206572726F722C20F5
:10B79000686172647761726520636F64653A202521
:10B7A0006400436F756C64206E6F74207375626DF6
:10B7B00069742072785F776F726B3A20256400623B
:10B7C000745F74785F70726F636573736F72005526
:10B7D0006E61626C6520746F20616C6C6F63617464
:10B7E000652062756666657200556E68616E646C90
:10B7F0006564206576656E74203078253032782057
:10B800006C656E2025753A20257300657674206E70
:10B81000756D5F68616E646C657320283D257529C0
:10B8200020746F6F206C617267652028257A7520FF
:10B830003E20257529004E6F20636F6E6E65637420
:10B84000696F6E20666F722068616E646C6520257A
:10B8500075007061636B65747320636F756E74201F
:10B860006D69736D6174636800546F6F20736D61EF
:10B870006C6C2028257520627974657329206576A3
:10B88000656E742030782530327800496E76616CB0
:10B89000696420484349206576656E742073697A2F
:10B8A00065202825752900496E76616C6964204CF5
:10B8B00045206D657461206576656E742073697AC4
:10B8C00065202825752900574553545F544F50442F
:10B8D00049522F7A65706879722F73756273797324
:10B8E0002F626C7565746F6F74682F686F73742F37
:10B8F0006863695F636F72652E63006576745F6667
:10B900006C6167732026202831554C203C3C202850
:10B9100030292900415353455254494F4E20464146
:10B92000494C205B25735D20402025733A25640A2D
:10B9300000496E76616C6964206275662074797066
:10B940006520257500496E76616C6964204843491D
:10B950002041434C207061636B65742073697A6584
:10B9600020282575290041434C2064617461206CB6
:10B97000656E677468206D69736D617463682028F3
:10B98000257520213D2025752900556E61626C6565
:10B9900020746F2066696E6420636F6E6E20666F20
:10B9A000722068616E646C652025750062745F6842
:10B9B00063695F6576745F6765745F666C61677302
:10B9C000286864722D3E657674292026202831551A
:10B9D0004C203C3C202831292900556E6B6E6F7736
:10B9E0006E20627566207479706520257500556E2D
:10B9F00068616E646C65642076656E646F722D7329
:10BA000070656369666963206576656E7420307859
:10BA100025303278206C656E2025753A202573001C
:10BA20004E6F20636F6D6D616E642073656E742060
:10BA3000666F7220636D6420636F6D706C657465F2
:10BA400020307825303478004F70436F64652030A3
:10BA5000782530347820636F6D706C657465642070
:10BA6000696E7374656164206F66206578706563C4
:10BA70007465642030782530347800696E7465729E
:10BA800076616C20657863656564732074686520F1
:10BA900076616C69642072616E676520257520751A
:10BAA00073006C6174656E637920657863656564A5
:10BAB00073207468652076616C69642072616E67BA
:10BAC000652030782530347800737570765F74693E
:10BAD0006D656F757420657863656564732074683F
:10BAE000652076616C69642072616E6765203078CC
:10BAF00025303478004E6F2070656E64696E672063
:10BB00007065726970686572616C20636F6E6E65D6
:10BB10006374696F6E00556E6578706563746564F3
:10BB20002073746174757320307825303278202545
:10BB300073004661696C656420746F2073657420BE
:10BB40007265717569726564207365637572697475
:10BB500079206C6576656C004E6F206368616E6756
:10BB60006520746F20656E6372797074696F6E20E2
:10BB700073746174652028656E6372797074203007
:10BB800078253032782900756E6B6E6F776E005BAA
:10BB9000305D00484349207472616E73706F727437
:10BBA0003A20257300495043004964656E746974F6
:10BBB0007925733A202573004964656E7469747938
:10BBC0005B25645D3A202573004843493A20766539
:10BBD0007273696F6E202573202830782530327893
:10BBE00029207265766973696F6E2030782530344C
:10BBF000782C206D616E7566616374757265722054
:10BC0000307825303478004C4D503A207665727388
:10BC1000696F6E20257320283078253032782920EE
:10BC20007375627665722030782530347800556EF1
:10BC300061626C6520746F2073656E6420746F2080
:10BC40006472697665722028657272202564290005
:10BC500009556E61626C6520746F20616C6C6F6356
:10BC600020666F7220486F7374204E43500A00653F
:10BC70007272203D3D20300009556E61626C652076
:10BC8000746F2073656E6420486F7374204E435048
:10BC90002028657272202564290A00556E61626C45
:10BCA0006520746F206C6F6F6B20757020636F6EF2
:10BCB0006E207769746820696E6465782030782515
:10BCC000303278004E6F74207265706F7274696ED6
:10BCD00067207061636B657420666F72206E6F6E93
:10BCE0002D636F6E6E656374656420636F6E6E00A6
:10BCF000556E61626C6520746F20616C6C6F63615E
:10BD00007465206E65772048434920636F6D6D61CF
:10BD10006E640009436F6E74726F6C6C657220758F
:10BD20006E726573706F6E736976652C20636F6DCC
:10BD30006D616E64206F70636F64652030782530AC
:10BD400034782074696D656F757420776974682024
:10BD50006572722025640A006F70636F646520301D
:10BD600078253034782073746174757320307825A9
:10BD7000303278202573004661696C656420746FE9
:10BD8000207265616420444C45206D6178206461B7
:10BD90007461206C656E0074785F6F637465747392
:10BDA0002065786365656473207468652076616CCE
:10BDB00069642072616E67652025750074785F7410
:10BDC000696D6520657863656564732074686520B6
:10BDD00076616C69642072616E6765202575004E1E
:10BDE0006F2070656E64696E6720636F6E6E20668B
:10BDF0006F72207065657220257300436F6E7472D8
:10BE00006F6C6C657220746F20686F737420666C41
:10BE10006F7720636F6E74726F6C206E6F74207317
:10BE20007570706F72746564004E6F6E2D4C452096
:10BE300063617061626C6520636F6E74726F6C6CAD
:10BE4000657220646574656374656421004E756D68
:10BE5000206F6620436F6E74726F6C6C657227730F
:10BE60002041434C207061636B65747320213D2039
:10BE700041434C2062745F636F6E6E5F7478206321
:10BE80006F6E74657874732028257520213D2025F8
:10BE900075290041434C2042522F4544522062757F
:10BEA0006666657273206E6F7420696E697469616D
:10BEB0006C697A65640056656E646F722048434908
:10BEC00020657874656E73696F6E73206E6F742071
:10BED000617661696C61626C6500485720506C61E5
:10BEE00074666F726D3A20257320283078253034BF
:10BEF00078290048572056617269616E743A20258E
:10BF000073202830782530347829004669726D779F
:10BF10006172653A202573202830782530327829DF
:10BF20002056657273696F6E2025752E2575204227
:10BF300075696C64202575004661696C65642074C0
:10BF40006F207265616420737570706F72746564C0
:10BF50002076656E646F7220636F6D6D616E6473C1
:10BF6000004661696C656420746F207265616420AD
:10BF7000737570706F727465642076656E646F722D
:10BF80002066656174757265730048434920647268
:10BF900069766572206973206E6F742072656164C2
:10BFA0007900425420525820575100484349206498
:10BFB0007269766572206F70656E206661696C6566
:10BFC000642028256429004F7574206F6620636FF4
:10BFD0006D6D616E64206275666665727300556E84
:10BFE000657870656374656420484F53545F4E559F
:10BFF0004D5F434F4D504C455445445F5041434B7A
:10C000004554532C20737461747573203078253037
:10C01000327820257300556E636C6561726564200B
:10C0200070656E64696E672073656E745F636D64BE
:10C0300000312E306200312E3100312E3200322E8E
:10C040003000322E3100332E3000342E3000342EAA
:10C050003100342E3200352E3000352E3100352E91
:10C060003200352E3300352E3400362E3000362E79
:10C070003100362E3200362E33005374616E646107
:10C08000726420426C7565746F6F746820636F6EA4
:10C0900074726F6C6C65720056656E646F7220739B
:10C0A0007065636966696320636F6E74726F6C6C30
:10C0B0006572004669726D77617265206C6F6164AC
:10C0C00065720052657363756520696D616765000F
:10C0D0007265736572766564006E5246353178001C
:10C0E0006E5246353278006E5246353378006E52C5
:10C0F0004635344878006E524635344C7800496EE7
:10C1000074656C20436F72706F726174696F6E003A
:10C110004E6F726469632053656D69636F6E6475F9
:10C1200063746F72004E58502053656D69636F6E73
:10C13000647563746F7273004573707265737369AD
:10C14000662053797374656D730062745F68636908
:10C150005F636F726500636D6420646973616C6C0A
:10C160006F776564004661696C656420746F206454
:10C17000697361626C6520616464726573732072B7
:10C1800065736F6C7574696F6E005265736F6C7652
:10C19000696E67206C6973742073697A65206578AD
:10C1A0006365656465642E20537769746368696E9E
:10C1B0006720746F20686F73742E004661696C6528
:10C1C0006420746F20636C656172207265736F6C9C
:10C1D0007574696F6E206C697374004661696C6573
:10C1E0006420746F206164642049524B20746F2076
:10C1F000636F6E74726F6C6C65720053657420703F
:10C20000726976616379206D6F646520636F6D6D0F
:10C21000616E64206973206E6F7420737570706F27
:10C2200072746564004661696C656420746F207384
:10C2300065742070726976616379206D6F64650042
:10C2400044697361626C696E6720616464726573CE
:10C2500073207265736F6C7574696F6E20666169A7
:10C260006C65642028657272202564290046616926
:10C270006C656420746F2072656D6F76652049521D
:10C280004B2066726F6D20636F6E74726F6C6C659D
:10C2900072004F6E6C792072616E646F6D207374E2
:10C2A00061746963206964656E746974792061647E
:10C2B000647265737320737570706F727465640057
:10C2C000496E76616C696420696E70757420706166
:10C2D00072616D6574657273004661696C65642096
:10C2E000746F2072656164207075626C696320618F
:10C2F0006464726573730052656164205374617481
:10C3000069632041646472657373657320636F6D44
:10C310006D616E64206E6F7420617661696C61621C
:10C320006C65004661696C656420746F207265619C
:10C3300064207374617469632061646472657373EB
:10C340006573004E6F207374617469632061646467
:10C350007265737365732073746F72656420696EA0
:10C3600020636F6E74726F6C6C65720043616E2730
:10C37000742073657420626F7468204944454E547C
:10C380004954592026204E52504100556E61626C2E
:10C390006520746F20736574206964656E746974B8
:10C3A00079206164647265737300556E61626C65B7
:10C3B00020746F207365742072616E646F6D2061EC
:10C3C0006464726573730062745F696400546F6FB4
:10C3D00020626967206164766572746973696E674B
:10C3E0002064617461004661696C656420746F202B
:10C3F00073746172742061647665727469736572B6
:10C40000004661696C656420746F2073746F7020DE
:10C410006164766572746973696E673A2025640099
:10C4200062745F616476007073615F6372797074C7
:10C430006F5F696E69742829206661696C65642084
:10C440002564007073615F67656E65726174655F16
:10C4500072616E646F6D2829206661696C65642065
:10C460002564004661696C656420746F20696D7095
:10C470006F727420414553206B657920256400411B
:10C48000455320656E6372797074696F6E206661C2
:10C49000696C6564202564004661696C656420747C
:10C4A0006F2064657374726F7920414553206B650A
:10C4B000792025640062745F686F73745F637279BA
:10C4C00070746F004661696C656420746F206765E5
:10C4D0006E657261746520454343206B6579202544
:10C4E00064004661696C656420746F206578706FC4
:10C4F000727420454343207075626C6963206B65DC
:10C5000079202564004661696C656420746F20653C
:10C5100078706F727420454343207072697661743D
:10C5200065206B6579202564004661696C6564202F
:10C53000746F2064657374726F7920454343206B78
:10C540006579204944202564004661696C65642052
:10C55000746F20696D706F727420746865207072DA
:10C560006976617465206B657920666F72206B65F2
:10C57000792061677265656D656E7420256400526F
:10C580006177206B65792061677265656D656E7492
:10C59000206661696C6564202564004661696C658C
:10C5A0006420746F2064657374726F792074686599
:10C5B000206B6579202564007073615F696D706F11
:10C5C00072745F6B657928292072657475726E6567
:10C5D00064207374617475732025640042757379E7
:10C5E00020706572666F726D696E6720616E6F7420
:10C5F0006865722045434448206F706572617469B4
:10C600006F6E0062745F656363004661696C6564A8
:10C6100020726561642072656D6F74652066656166
:10C62000747572657320282564290050485920309C
:10C630007825303278206E6F7420737570706F7249
:10C64000746564004661696C656420746F2073656D
:10C65000742064617461206C656E20282564290053
:10C66000556E65787065637465642066697273746D
:10C67000204C32434150206672616D6500556E65F5
:10C6800078706563746564204C3243415020636F59
:10C690006E74696E756174696F6E004E6F7420659B
:10C6A0006E6F75676820627566666572207370616B
:10C6B000636520666F72204C324341502064617480
:10C6C0006100556E65787065637465642041434C04
:10C6D00020666C6167732028307825303278290015
:10C6E00041434C206C656E206D69736D61746368A5
:10C6F00020282575203E202575290028756E6B6E33
:10C700006F776E29006E6F207472616E7369746941
:10C710006F6E20257300496E76616C696420282550
:10C720007529206F6C6420737461746500636F6E8B
:10C730006E202570206661696C656420746F2065C9
:10C74000737461626C6973682E205246206E6F6943
:10C7500073653F006E6F2076616C696420282575D3
:10C760002920737461746520776173207365740088
:10C77000696E636F6D70617469626C652068616E6B
:10C78000646C652025750054696D656F757420644F
:10C7900069736361726465642E204E6F20626C6FF2
:10C7A000636B696E6720696E2073797377712E00F1
:10C7B000466174616C206572726F7220282564294D
:10C7C0002E20446973636F6E6E656374696E6720B3
:10C7D000257000466F756E642076616C6964206315
:10C7E0006F6E6E656374696F6E20282570292077DF
:10C7F00069746820616464726573732025732069AD
:10C800006E202573207374617465200053656E6417
:10C81000204C4520706172616D2075706461746593
:10C82000206661696C656420286572722025642920
:10C830000053656E64206175746F204C45207061F3
:10C8400072616D20757064617465206661696C65E4
:10C850006420286572722025642900646973636FFF
:10C860006E6E656374656400646973636F6E6E6594
:10C8700063742D636F6D706C657465007363616EB6
:10C880002D6265666F72652D696E69746961746980
:10C890006E6700696E6974696174696E672D666997
:10C8A0006C7465722D6C697374006164762D636FAE
:10C8B0006E6E65637461626C65006164762D646997
:10C8C000722D636F6E6E65637461626C650064697E
:10C8D00073636F6E6E656374696E670062745F6325
:10C8E0006F6E6E00556E61626C6520746F20616CB6
:10C8F0006C6F636174652062756666657220666F31
:10C9000072206F7020307825303278004E6F2061B1
:10C910007661696C61626C65204C324341502063E2
:10C920006F6E7465787420666F7220636F6E6E2010
:10C93000257000457870656374696E672075702096
:10C94000746F20256420726566732C20676F7420D5
:10C95000256400616C726561647920686176652088
:10C9600076696577206F6E202570004C3243415008
:10C97000206C656E677468206D69736D617463689F
:10C980002028257520213D2025752900496E7661D6
:10C990006C6964206964656E742076616C756520CD
:10C9A000696E204C324341502050445500496E7608
:10C9B000616C6964204C4520636F6E6E20706172FB
:10C9C000616D207273702073697A65202825752047
:10C9D000213D20257A75290052656A656374696E68
:10C9E0006720756E6B6E6F776E204C32434150201E
:10C9F00050445520636F64652030782530327800CC
:10CA0000546F6F20736D616C6C204C324341502029
:10CA10007369676E616C696E672050445500546F8E
:10CA20006F20736D616C6C204C3243415020504438
:10CA3000552072656365697665640049676E6F723B
:10CA4000696E67206461746120666F7220756E6B19
:10CA50006E6F776E206368616E6E656C204944204E
:10CA600030782530347800636F6E666967006274D1
:10CA70005F6C3263617000415454206368616E6E74
:10CA8000656C206E6F7420636F6E6E656374656491
:10CA9000004572726F72207369676E696E672064F9
:10CAA0006174610052616E206F7574206F6620544E
:10CAB000582062756666657273206F7220636F6EB0
:10CAC00074657874732E004661696C656420746FB8
:10CAD000207375626D6974206174745F74785F642B
:10CAE000657374726F795F776F726B3A202564009B
:10CAF000556E61626C6520746F2063726561746548
:10CB00002065727220727370205044550041545455
:10CB1000204D54552065786365656465642C206DEF
:10CB200061782025752C2077616E74656420257AE4
:10CB30007500556E61626C6520746F20637265616B
:10CB40007465207273702050445500546F6F2073C9
:10CB50006D616C6C204154542050445520726563C3
:10CB6000656976656400556E68616E646C65642005
:10CB700041545420636F646520307825303278004A
:10CB8000496E76616C6964206C656E20257520663F
:10CB90006F7220636F6465203078253032780055DD
:10CBA0006E61626C6520746F2063726561746520CC
:10CBB000555549443A2073697A6520257500556EAC
:10CBC00061626C6520746F206372656174652055C5
:10CBD0005549443A2073697A65202564004E6F20D8
:10CBE000617661696C61626C652041545420636FA9
:10CBF0006E7465787420666F7220636F6E6E202588
:10CC000070004E6F20617661696C61626C652041D5
:10CC10005454206368616E6E656C20666F72206389
:10CC20006F6E6E202570004E6F7420636F6E6E65A0
:10CC30006374656400556E61626C6520746F206674
:10CC4000696E6420415454206368616E6E656C00A7
:10CC5000476F74206572722025642C206E6F7420DB
:10CC600063616C6C696E67204154542063620046B6
:10CC700061696C656420746F2072652D7375626DD7
:10CC800069742025733A202564004E6F2041545466
:10CC9000206368616E6E656C20666F72204D54551E
:10CCA00020257A75004E6F2070656E64696E67206E
:10CCB00041545420726571756573740044697363DF
:10CCC0006F6E6E656374696E67206661696C65641A
:10CCD000202865727220256429004154542054692B
:10CCE0006D656F757420666F722064657669636523
:10CCF0002025732E20446973636F6E6E65637469BB
:10CD00006E672E2E2E00556E61626C6520746F204A
:10CD10006372656174652072657472792050445540
:10CD200020282575290062745F61747400434D41A9
:10CD30004320757064617465206661696C65642068
:10CD4000256400756E61626C6520746F2073617676
:10CD5000652053433A206E6F20636667206C6566DA
:10CD600074004E6F20737061636520746F2073745C
:10CD70006F72652043434320636667004E6F2073E4
:10CD80007061636520746F2073746F726520436CEB
:10CD900069656E7420537570706F72746564204697
:10CDA0006561747572657300556E61626C6520749F
:10CDB0006F20696D706F727420746865206B65797F
:10CDC00020666F722041455320434D414320256426
:10CDD00000434D4143206F7065726174696F6E202E
:10CDE000696E6974206661696C656420256400431E
:10CDF0004D41432066696E697368206661696C65A0
:10CE0000642025640052656164206D6574686F64F8
:10CE1000206E6F7420736574004661696C656420D0
:10CE2000746F2072656164206174747269627574D4
:10CE300065202570202865727220257A64290049B2
:10CE40006E76616C69642072656164206C656E67E2
:10CE500074683A20257A6400434343202570206E8D
:10CE60006F74207772697461626C6500534320723D
:10CE70006573746F726520696E6469636174696F4C
:10CE80006E206661696C6564004661696C6564204A
:10CE9000746F20736574207365637572697479208B
:10CEA000666F7220626F6E646564207065657220C3
:10CEB000282564290062745F6761747400556E618F
:10CEC000626C6520746F2066696E6420534D50203B
:10CED0006368616E6E656C005075626C6963206B8F
:10CEE0006579206E6F7420617661696C61626C6532
:10CEF000004661696C656420746F2067656E6572B9
:10CF00006174652044484B65790043616C63756CBE
:10CF100061746520636F6E6669726D206661696C0D
:10CF2000656400556E6B6E6F776E20706169726913
:10CF30006E67206D6574686F64202825752900432D
:10CF4000616C63756C617465204C544B206661693B
:10CF50006C65640043616C63756C617465206C6F13
:10CF600063616C2044484B657920636865636B207E
:10CF70006661696C65640043616C63756C617465BE
:10CF80002072656D6F74652044484B657920636835
:10CF900065636B206661696C65640052656D6F74D2
:10CFA00065207075626C6963206B65792072656AB3
:10CFB00065637465640052656D6F746520697320E4
:10CFC0007573696E67204465627567205075626C81
:10CFD0006963206B657900526563656976656420D5
:10CFE000696E76616C6964207075626C6963206B30
:10CFF0006579004E6F20617661696C61626C6520B5
:10D00000534D5020636F6E7465787420666F722084
:10D01000636F6E6E20257000556E61626C652074C2
:10D020006F20676574206B65797320666F722025A9
:10D03000730054686520696E2D70726F6772657336
:10D04000732070616972696E672068617320626520
:10D05000656E2064656C657465642100534D5020D5
:10D06000646F6573206E6F7420616C6C6F772061E4
:10D070002070616972696E67206661696C7572659E
:10D08000206174207468697320706F696E742E203B
:10D090004B6E6F776E2069737375652E20446973CC
:10D0A000636F6E6E656374696E6720696E73746515
:10D0B00061642E00546F6F20736D616C6C20534D52
:10D0C000502050445520726563656976656400534D
:10D0D0004D5020636F6D6D616E642028636F6465D1
:10D0E000203078253032782920726563656976654D
:10D0F000642061667465722074696D656F75740073
:10D1000052656365697665642072657365727665DC
:10D110006420534D5020636F646520307825303291
:10D120007800556E68616E646C656420534D5020C4
:10D13000636F64652030782530327800556E6578ED
:10D1400070656374656420534D5020636F6465207F
:10D1500030782530327800496E76616C69642069D8
:10D1600064656E7469747920257300526566757301
:10D17000696E67206E65772070616972696E672ECF
:10D1800020546865206F6C6420626F6E64206D753A
:10D19000737420626520756E7061697265642066C3
:10D1A000697273742E0070616972696E67206661BE
:10D1B000696C656420287065657220726561736FA3
:10D1C0006E203078257829004E6F206B65797320AA
:10D1D000737061636520666F7220257300534D5034
:10D1E0002054696D656F75742028666C6167733AA9
:10D1F00030782530387820616C6C6F7765645F63B8
:10D200006D64733A307825303878290062745F7322
:10D210006D700062745F6B6579730062745F637236
:10D220007970746F004661696C656420746F206367
:10D230006F6D70757465204D414320256400466113
:10D24000696C656420746F2073656E642028657254
:10D250007220256429004E6F7420656E6F756768B3
:10D260002064617461202825752920666F7220650D
:10D2700076656E74206865616465722028257A750C
:10D2800029004576656E74207061796C6F61642049
:10D290006C656E677468206973206E6F7420636FAD
:10D2A00072726563742028257520213D202575291B
:10D2B00000436F756C646E277420616C6C6F6361E2
:10D2C00074652061206275666665722061667465AA
:10D2D000722077616974696E6720313020736563ED
:10D2E0006F6E64732E004E6F7420656E6F75676885
:10D2F00020737061636520696E2062756666657271
:10D3000020257A752F257A75004E6F7420656E6F13
:10D310007567682064617461202825752920666F0F
:10D32000722041434C206865616465722028257A2B
:10D330007529004E6F20617661696C61626C6520B1
:10D3400041434C2062756666657273210041434C0F
:10D35000207061796C6F6164206C656E6774682001
:10D360006973206E6F7420636F7272656374202816
:10D37000257520213D20257529004E6F7420656E8E
:10D380006F7567682064617461202825752920669F
:10D390006F722049534F20686561646572202825AB
:10D3A0007A7529004E6F20617661696C61626C65E7
:10D3B0002049534F20627566666572732028257A6E
:10D3C0007529210049534F207061796C6F61642089
:10D3D0006C656E677468206973206E6F7420636F6C
:10D3E00072726563742028257520213D20256C7597
:10D3F0002900556E6B6E6F776E2048434920747913
:10D40000706520257500484349207472616E737001
:10D410006F7274207365747570206661696C6564E1
:10D4200020776974683A2025640A004950432073C4
:10D4300065727669636520696E7374616E636520D9
:10D44000696E697469616C697A6174696F6E20666E
:10D4500061696C65643A2025640A005265676973E6
:10D46000746572696E6720656E64706F696E742092
:10D470006661696C6564207769746820256400457D
:10D480006E64706F696E742062696E64696E672085
:10D490006661696C6564207769746820256400445E
:10D4A000657265676973746572696E672048434980
:10D4B00020656E64706F696E74206661696C656466
:10D4C00020776974683A20256400436C6F73696E35
:10D4D00067204950432073657276696365206661F1
:10D4E000696C656420776974683A20256400484354
:10D4F00049207472616E73706F727420746561720A
:10D50000646F776E206661696C6564207769746802
:10D510003A2025640062745F6863695F69706330F4
:10D52000006E72665F62745F6863690062745F6850
:10D5300063695F6472697665720062745F686369CB
:10D540005F6E726635335F737570706F72740063EF
:10D550006C6F636B4035303030006866636C6B0015
:10D560006C66636C6B006866636C6B3139326D009E
:10D570006866636C6B617564696F00636C6F636B85
:10D580005F636F6E74726F6C00656E74726F70792A
:10D590005F62745F6863690063727970746F4035AD
:10D5A00030383434303030006770696F403834328E
:10D5B000383030006770696F4038343235303000B1
:10D5C00074785F6D61736B20746F6F206269672080
:10D5D000286F72204950435F434F4E465F4E554D72
:10D5E00020746F6F20736D616C6C290072785F6DB1
:10D5F00061736B20746F6F2062696720286F7220DF
:10D600004950435F434F4E465F4E554D20746F6FF8
:10D6100020736D616C6C2900456E61626C696E6788
:10D62000206368616E6E656C20776974686F7574CD
:10D630002061207265676973746572656420636137
:10D640006C6C6261636B0A0053656E64696E67207F
:10D6500064617461206E6F7420737570706F727482
:10D660006564005258206576656E74206F6E20697F
:10D670006C6C6567616C206368616E6E656C0052EE
:10D6800058206576656E74206F6E206469736162E0
:10D690006C6564206368616E6E656C006D626F78A6
:10D6A000403261303030006D626F785F6E72667844
:10D6B0005F697063004661696C656420746F206106
:10D6C0006C6C6F6361746520505049204368616ED3
:10D6D0006E656C0075617274403830303000756171
:10D6E00072745F6E7266785F756172746500646BE8
:10D6F0005F627574746F6E735F616E645F6C656496
:10D700007300756E72656769737465726564202550
:10D7100073206275730A0067656E65726963006DD8
:10D720006574616C3A20656D657267656E63793A00
:10D7300020006D6574616C3A20616C6572743A20EA
:10D7400020202020006D6574616C3A20637269743A
:10D750006963616C3A2020006D6574616C3A2065E4
:10D7600072726F723A2020202020006D6574616C07
:10D770003A207761726E696E673A202020006D65ED
:10D7800074616C3A206E6F746963653A20202020C2
:10D79000006D6574616C3A20696E666F3A202020D6
:10D7A000202020006D6574616C3A206465627567A5
:10D7B0003A20202020200025733A20667265656992
:10D7C0006E67206E6F6E2D656D707479207669724C
:10D7D0007471756575650D0A00756E6578706563A1
:10D7E000746564206275666665722068656C642085
:10D7F000636F756E7465720D0A0072785F767100E2
:10D8000074785F7671004E530048616C74696E677E
:10D810002073797374656D00556E6B6E6F776E2033
:10D820006572726F72003E3E3E205A455048595212
:10D8300020464154414C204552524F522025643AD3
:10D84000202573206F6E20435055202564004661CB
:10D85000756C7420647572696E6720696E74657288
:10D86000727570742068616E646C696E670A00433B
:10D87000757272656E74207468726561643A2025F1
:10D880007020282573290043505520657863657002
:10D8900074696F6E00556E68616E646C65642069B2
:10D8A0006E7465727275707400537461636B206F6F
:10D8B000766572666C6F77004B65726E656C206F73
:10D8C0006F7073004B65726E656C2070616E69637A
:10D8D0000069646C65006F7300737973776F726BA6
:10D8E0007100286E756C6C29002A666C6F61742A51
:10D8F00000206D657373616765732064726F70706B
:10D900006564202D2D2D0D0A1B5B306D001B5B31D6
:10D910003B33316D2D2D2D200021200B0A00FFFF00
:10D92000FFFFFFFF00000000000000FFFFFFFFFF00
:10D93000FF00000000000030313233343536373814
:10D940003961626364656600000000000000100039
:10D95000800000805F9B34FB010400020000000295
:10D9600000000000000000050000000000000000B2
:10D970000000000000000005000909090901020972
:10D980000909090909090909090907090909090909
:10D9900006090909090909090909090909090909FA
:10D9A0000905E69D350E480103CCDBFDF4AC119171
:10D9B000F4EFB9A5F9E9A7832C5E2CBE97F2D20348
:10D9C000B0208BD28915D08E1C742430ED8FC245C7
:10D9D00063765C15525ABF9A32636DEB2A65499C97
:10D9E00080DC6174745F74785F64657374726F79DE
:10D9F0005F776F726B5F68616E646C6572000005C3
:10DA0000061F1F2918120308020305080A0008014F
:10DA100003040105040509060701010606080000C4
:10DA200001000100030100030202010002000000E6
:10DA3000000002030100036C888391AAF5A53860F9
:10DA4000370BDB5A6083BE00010203040506070B97
:10DA50000020303030303030303030303030303006
:10DA6000000110141400001C2030401C2000001C79
:08DA70002030400040000000DE
:10DA7800000000000000000000000000000000009E
:10DA8800000000000000000000000000000000008E
:10DA9800000000000000000000000000000000007E
:10DAA800000000000000000000000000000000006E
:10DAB800000000000000000000000000000000005E
:10DAC800000000000000000000000000000000004E
:10DAD800000000000000000000000000000000003E
:10DAE800000000000000000000000000000000002E
:10DAF800000000000000000000000000000000001E
:10DB0800000000000000000000000000000000000D
:10DB180000000000000000000000000000000000FD
:10DB280000000000000000000000000000000000ED
:10DB38000000000000000000E55A0000000000009E
:10DB480000000000000000000000000000000000CD
:10DB580000000000000000000000000000000000BD
:10DB680000000000000000000000000000000000AD
:10DB7800000000000000000000000000000000009D
:10DB8800000000000000000000000000000000008D
:10DB9800000000000000000000000000000000007D
:10DBA800000000000000000000000000000000006D
:10DBB80000000000000000000000000008A00100B4
:10DBC800EF420100000000000000072000000100F3
:10DBD800D09F010000000000D09F0100010000005C
:10DBE8000200000000000000000000000002000029
:10DBF800834D0100C4A50100000000006CAD0100C8
:10DC08000000020078AD01000000020084AD0100B0
:10DC180000000200BC0500203A000000A805002012
:10DC28003A000000800500203A0000006C05002042
:10DC38003A000000940500203A000000D0050020BA
:10DC48003A000000580500203A000000E4050020D2
:10DC58003A00000000000000AF5101000000000081
:10DC68000000000000D0005000000000000000008C
:10DC7800000000000000000000000000000000009C
:10DC8800000000000000000000000000000000008C
:10DC9800000000000000000000000000000000007C
:10DCA800000000000000000000000000000000006C
:10DCB800000000000000000000000000000000005C
:10DCC800000000000000000000000000000000004C
:10DCD800000000000000000000000000000000003C
:10DCE800000000000000000000000000000000002C
:10DCF8000000000000000000055E000000000000B9
:10DD08000000000000000000014D000000000000BD
:10DD18000000000000000000F96D00000000000095
:10DD28000000000000000000C96C000000000000B6
:10DD38000000000000000000A576000000000000C0
:10DD48000000000000000000F57100000000000065
:10DD58000000000001860000F594000039960000DC
:10DD68000000000000000000B18700008B64010083
:10DD78004D650100E1850000000000000000000082
:10DD880001920000000000000000000098AD0100B2
:10DD980000000200A4AD010000000A00B4AD0100BB
:10DDA800000020000000000000000000000000004B
:10DDB800000000000000000000000000000000005B
:10DDC800E568010000000000580300205803002007
:10DDD80000000000000000000E0000006C0300209E
:10DDE8006C03002029B300000000000000000000C0
:10DDF800000000000000000021D501000000000024
:10DE08004171010000000000EDBC000000000000AE
:10DE180008A00100A4030020A403002000000000C3
:10DE280001000000EC9F0100FFFF0000FFFF000061
:10DE38000090D003FF000000FF00000017D701008A
:10DE480000000000C9D90000000000000000000028
:10DE580000000000000000000000000000000000BA
:10DE6800000000000000000090020000FC030020F9
:10DE7800FC030020DD900100D990010000000000A3
:10DE88004D1A010068040020600400205804002096
:10DE98000000000050040020B51F0100011F010010
:10DEA800351F01007D1F01004004002048040020A8
:10DEB800382700203A00003A3C2700203A00003A70
:10DEC800402700203A00003A442700203A00003A50
:10DED800482700203A00003A4C2700203A00003A30
:10DEE80035030000CB00000051000000642700202B
:10DEF800380400203C040020900400202404002062
:0EDF08001C0400201804002014040020040152
:10DF160000000000000000000000000000000000FB
:06DF2600000000000000F5
:10DF2C0000000000000000000000000000000000E5
:10DF3C0000000000000000000000000000000000D5
:10DF4C0000000000000000000000000000000000C5
:08DF5C000000000000000000BD
:04DF640000000000B9
:10DF6800F0040020F0040020E07900200000000008
:10DF78000100000024000000000000000C05002043
:10DF88000C050020004200200000000001000000F5
:10DF9800A00000000000000028050020280500203F
:10DFA800047A002000000000030000001C000000AC
:04DFB8000000000065
:10DFBC0000000000E05700204410000000000000AA
:04DFCC000000000051
:10DFD0005805002058050020000000000000000047
:10DFE0000E0000006C0500206C0500200000000001
:10DFF000000000000E0000008005002080050020C9
:10E0000000000000000000000E0000009405002049
:10E010009405002000000000000000000E00000039
:10E02000A8050020A8050020000000000000000056
:10E030000E000000BC050020BC0500200000000010
:10E04000000000000E000000D0050020D0050020D8
:10E0500000000000000000000E000000E4050020A9
:10E06000E405002000000000000000000E00000099
:10E07000F8050020F8050020000000000100000065
:10E08000080600200806002000000000FFFFFFFF38
:10E0900000000000000000002006002020060020F4
:10E0A00000000000000000003006002030060020C4
:10E0B0000B000B0004000000F554010014A7010040
:10E0C0000C6F00200000000000000000540600203B
:10E0D00054060020030003001000000000000000B0
:10E0E00088A801000C78002000000000000000005B
:10E0F00078060020780600200300030010000000CE
:10E100007D85000024A9010068790020000000003E
:10E11000000000009C0600209C0600200300030075
:10E12000000000000000000028A70100CC700020C3
:10E130000000000000000000C0060020C006002013
:10E140000A000A00000000000555010000A70100B8
:10E15000EC6A00200000000000000000E40600203F
:10E16000E406002001000100100000000171000021
:10E1700074A80100047700200000000000000000E7
:10E1800008070020080700200D000D000000000017
:10E19000000000003CA80100CC7500200000000039
:10E1A000000000002C0700202C07002001000100C7
:10E1B00000000000000000003CA7010018720020D1
:04E1C00015E015E071
:04000003000039E1DF
:00000001FF
